ID,Location_Code,province,amphur,district,zip
1,100101,กรุงเทพมหานคร,พระนคร,พระบรมมหาราชวัง,10200
2,100102,กรุงเทพมหานคร,พระนคร,วังบูรพาภิรมย์,10200
3,100103,กรุงเทพมหานคร,พระนคร,วัดราชบพิธ,10200
4,100104,กรุงเทพมหานคร,พระนคร,สำราญราษฎร์,10200
5,100105,กรุงเทพมหานคร,พระนคร,ศาลเจ้าพ่อเสือ,10200
6,100106,กรุงเทพมหานคร,พระนคร,เสาชิงช้า,10200
7,100107,กรุงเทพมหานคร,พระนคร,บวรนิเวศ,10200
8,100108,กรุงเทพมหานคร,พระนคร,ตลาดยอด,10200
9,100109,กรุงเทพมหานคร,พระนคร,ชนะสงคราม,10200
10,100110,กรุงเทพมหานคร,พระนคร,บ้านพานถม,10200
11,100111,กรุงเทพมหานคร,พระนคร,บางขุนพรหม,10200
12,100112,กรุงเทพมหานคร,พระนคร,วัดสามพระยา,10200
13,100201,กรุงเทพมหานคร,ดุสิต,ดุสิต,10300
14,100202,กรุงเทพมหานคร,ดุสิต,วชิรพยาบาล,10300
15,100203,กรุงเทพมหานคร,ดุสิต,สวนจิตรลดา,10300
16,100204,กรุงเทพมหานคร,ดุสิต,สี่แยกมหานาค,10300
17,100206,กรุงเทพมหานคร,ดุสิต,ถนนนครไชยศรี,10300
18,100301,กรุงเทพมหานคร,หนองจอก,กระทุ่มราย,10530
19,100302,กรุงเทพมหานคร,หนองจอก,หนองจอก,10530
20,100303,กรุงเทพมหานคร,หนองจอก,คลองสิบ,10530
21,100304,กรุงเทพมหานคร,หนองจอก,คลองสิบสอง,10530
22,100305,กรุงเทพมหานคร,หนองจอก,โคกแฝด,10530
23,100306,กรุงเทพมหานคร,หนองจอก,คู้ฝั่งเหนือ,10530
24,100307,กรุงเทพมหานคร,หนองจอก,ลำผักชี,10530
25,100308,กรุงเทพมหานคร,หนองจอก,ลำต้อยติ่ง,10530
26,100401,กรุงเทพมหานคร,บางรัก,มหาพฤฒาราม,10500
27,100402,กรุงเทพมหานคร,บางรัก,สีลม,10500
28,100403,กรุงเทพมหานคร,บางรัก,สุริยวงศ์,10500
29,100404,กรุงเทพมหานคร,บางรัก,บางรัก,10500
30,100405,กรุงเทพมหานคร,บางรัก,สี่พระยา,10500
31,100502,กรุงเทพมหานคร,บางเขน,อนุสาวรีย์,10220
32,100508,กรุงเทพมหานคร,บางเขน,ท่าแร้ง,10220
33,100601,กรุงเทพมหานคร,บางกะปิ,คลองจั่น,10240
34,100608,กรุงเทพมหานคร,บางกะปิ,หัวหมาก,10240
35,100701,กรุงเทพมหานคร,ปทุมวัน,รองเมือง,10330
36,100702,กรุงเทพมหานคร,ปทุมวัน,วังใหม่,10330
37,100703,กรุงเทพมหานคร,ปทุมวัน,ปทุมวัน,10330
38,100704,กรุงเทพมหานคร,ปทุมวัน,ลุมพินี,10330
39,100801,กรุงเทพมหานคร,ป้อมปราบศัตรูพ่าย,ป้อมปราบ,10100
40,100802,กรุงเทพมหานคร,ป้อมปราบศัตรูพ่าย,วัดเทพศิรินทร์,10100
41,100803,กรุงเทพมหานคร,ป้อมปราบศัตรูพ่าย,คลองมหานาค,10100
42,100804,กรุงเทพมหานคร,ป้อมปราบศัตรูพ่าย,บ้านบาตร,10100
43,100805,กรุงเทพมหานคร,ป้อมปราบศัตรูพ่าย,วัดโสมนัส,10100
44,100905,กรุงเทพมหานคร,พระโขนง,บางจาก,10260
45,101001,กรุงเทพมหานคร,มีนบุรี,มีนบุรี,10510
46,101002,กรุงเทพมหานคร,มีนบุรี,แสนแสบ,10510
47,101101,กรุงเทพมหานคร,ลาดกระบัง,ลาดกระบัง,10520
48,101102,กรุงเทพมหานคร,ลาดกระบัง,คลองสองต้นนุ่น,10520
49,101103,กรุงเทพมหานคร,ลาดกระบัง,คลองสามประเวศ,10520
50,101104,กรุงเทพมหานคร,ลาดกระบัง,ลำปลาทิว,10520
51,101105,กรุงเทพมหานคร,ลาดกระบัง,ทับยาว,10520
52,101106,กรุงเทพมหานคร,ลาดกระบัง,ขุมทอง,10520
53,101203,กรุงเทพมหานคร,ยานนาวา,ช่องนนทรี,10120
54,101204,กรุงเทพมหานคร,ยานนาวา,บางโพงพาง,10120
55,101301,กรุงเทพมหานคร,สัมพันธวงศ์,จักรวรรดิ,10100
56,101302,กรุงเทพมหานคร,สัมพันธวงศ์,สัมพันธวงศ์,10100
57,101303,กรุงเทพมหานคร,สัมพันธวงศ์,ตลาดน้อย,10100
58,101401,กรุงเทพมหานคร,พญาไท,สามเสนใน,10400
59,101501,กรุงเทพมหานคร,ธนบุรี,วัดกัลยาณ์,10600
60,101502,กรุงเทพมหานคร,ธนบุรี,หิรัญรูจี,10600
61,101503,กรุงเทพมหานคร,ธนบุรี,บางยี่เรือ,10600
62,101504,กรุงเทพมหานคร,ธนบุรี,บุคคโล,10600
63,101505,กรุงเทพมหานคร,ธนบุรี,ตลาดพลู,10600
64,101506,กรุงเทพมหานคร,ธนบุรี,ดาวคะนอง,10600
65,101507,กรุงเทพมหานคร,ธนบุรี,สำเหร่,10600
66,101601,กรุงเทพมหานคร,บางกอกใหญ่,วัดอรุณ,10600
67,101602,กรุงเทพมหานคร,บางกอกใหญ่,วัดท่าพระ,10600
68,101701,กรุงเทพมหานคร,ห้วยขวาง,ห้วยขวาง,10310
69,101702,กรุงเทพมหานคร,ห้วยขวาง,บางกะปิ,10310
70,101704,กรุงเทพมหานคร,ห้วยขวาง,สามเสนนอก,10310
71,101801,กรุงเทพมหานคร,คลองสาน,สมเด็จเจ้าพระยา,10600
72,101802,กรุงเทพมหานคร,คลองสาน,คลองสาน,10600
73,101803,กรุงเทพมหานคร,คลองสาน,บางลำภูล่าง,10600
74,101804,กรุงเทพมหานคร,คลองสาน,คลองต้นไทร,10600
75,101901,กรุงเทพมหานคร,ตลิ่งชัน,คลองชักพระ,10170
76,101902,กรุงเทพมหานคร,ตลิ่งชัน,ตลิ่งชัน,10170
77,101903,กรุงเทพมหานคร,ตลิ่งชัน,ฉิมพลี,10170
78,101904,กรุงเทพมหานคร,ตลิ่งชัน,บางพรม,10170
79,101905,กรุงเทพมหานคร,ตลิ่งชัน,บางระมาด,10170
80,101907,กรุงเทพมหานคร,ตลิ่งชัน,บางเชือกหนัง,10170
81,102004,กรุงเทพมหานคร,บางกอกน้อย,ศิริราช,10700
82,102005,กรุงเทพมหานคร,บางกอกน้อย,บ้านช่างหล่อ,10700
83,102006,กรุงเทพมหานคร,บางกอกน้อย,บางขุนนนท์,10700
84,102007,กรุงเทพมหานคร,บางกอกน้อย,บางขุนศรี,10700
85,102009,กรุงเทพมหานคร,บางกอกน้อย,อรุณอมรินทร์,10700
86,102105,กรุงเทพมหานคร,บางขุนเทียน,ท่าข้าม,10150
87,102107,กรุงเทพมหานคร,บางขุนเทียน,แสมดำ,10150
88,102201,กรุงเทพมหานคร,ภาษีเจริญ,บางหว้า,10160
89,102202,กรุงเทพมหานคร,ภาษีเจริญ,บางด้วน,10160
90,102203,กรุงเทพมหานคร,ภาษีเจริญ,บางแค,10160
91,102204,กรุงเทพมหานคร,ภาษีเจริญ,บางแคเหนือ,10160
92,102205,กรุงเทพมหานคร,ภาษีเจริญ,บางไผ่,10160
93,102206,กรุงเทพมหานคร,ภาษีเจริญ,บางจาก,10160
94,102207,กรุงเทพมหานคร,ภาษีเจริญ,บางแวก,10160
95,102208,กรุงเทพมหานคร,ภาษีเจริญ,คลองขวาง,10160
96,102209,กรุงเทพมหานคร,ภาษีเจริญ,ปากคลองภาษีเจริญ,10160
97,102210,กรุงเทพมหานคร,ภาษีเจริญ,คูหาสวรรค์,10160
98,102302,กรุงเทพมหานคร,หนองแขม,หนองแขม,10160
99,102303,กรุงเทพมหานคร,หนองแขม,หนองค้างพลู,10160
100,102401,กรุงเทพมหานคร,ราษฎร์บูรณะ,ราษฎร์บูรณะ,10140
101,102402,กรุงเทพมหานคร,ราษฎร์บูรณะ,บางปะกอก,10140
102,102403,กรุงเทพมหานคร,ราษฎร์บูรณะ,บางมด,10140
103,102404,กรุงเทพมหานคร,ราษฎร์บูรณะ,ทุ่งครุ,10140
104,102501,กรุงเทพมหานคร,บางพลัด,บางพลัด,10700
105,102502,กรุงเทพมหานคร,บางพลัด,บางอ้อ,10700
106,102503,กรุงเทพมหานคร,บางพลัด,บางบำหรุ,10700
107,102504,กรุงเทพมหานคร,บางพลัด,บางยี่ขัน,10700
108,102601,กรุงเทพมหานคร,ดินแดง,ดินแดง,10400
109,102701,กรุงเทพมหานคร,บึงกุ่ม,คลองกุ่ม,10240
110,102702,กรุงเทพมหานคร,บึงกุ่ม,สะพานสูง,10240
111,102703,กรุงเทพมหานคร,บึงกุ่ม,คันนายาว,10240
7459,102704,กรุงเทพมหานคร,บึงกุ่ม,นวลจันทร์,10240
112,102801,กรุงเทพมหานคร,สาทร,ทุ่งวัดดอน,10120
113,102802,กรุงเทพมหานคร,สาทร,ยานนาวา,10120
114,102803,กรุงเทพมหานคร,สาทร,ทุ่งมหาเมฆ,10120
115,102901,กรุงเทพมหานคร,บางซื่อ,บางซื่อ,10800
7457,102902,กรุงเทพมหานคร,บางซื่อ,วงศ์สว่าง,10800
116,103001,กรุงเทพมหานคร,จตุจักร,ลาดยาว,10900
117,103002,กรุงเทพมหานคร,จตุจักร,เสนานิคม,10900
118,103003,กรุงเทพมหานคร,จตุจักร,จันทรเกษม,10900
119,103004,กรุงเทพมหานคร,จตุจักร,จอมพล,10900
120,103005,กรุงเทพมหานคร,จตุจักร,จตุจักร,10900
121,103101,กรุงเทพมหานคร,บางคอแหลม,บางคอแหลม,10120
122,103102,กรุงเทพมหานคร,บางคอแหลม,วัดพระยาไกร,10120
123,103103,กรุงเทพมหานคร,บางคอแหลม,บางโคล่,10120
124,103201,กรุงเทพมหานคร,ประเวศ,ประเวศ,10250
125,103202,กรุงเทพมหานคร,ประเวศ,หนองบอน,10250
126,103203,กรุงเทพมหานคร,ประเวศ,ดอกไม้,10250
127,103204,กรุงเทพมหานคร,ประเวศ,สวนหลวง,10250
128,103301,กรุงเทพมหานคร,คลองเตย,คลองเตย,10110
129,103302,กรุงเทพมหานคร,คลองเตย,คลองตัน,10110
130,103303,กรุงเทพมหานคร,คลองเตย,พระโขนง,10110
131,103304,กรุงเทพมหานคร,คลองเตย,คลองเตยเหนือ,10110
132,103305,กรุงเทพมหานคร,คลองเตย,คลองตันเหนือ,10110
133,103306,กรุงเทพมหานคร,คลองเตย,พระโขนงเหนือ,10110
134,103401,กรุงเทพมหานคร,สวนหลวง,สวนหลวง,10250
135,103501,กรุงเทพมหานคร,จอมทอง,บางขุนเทียน,10150
136,103502,กรุงเทพมหานคร,จอมทอง,บางค้อ,10150
137,103503,กรุงเทพมหานคร,จอมทอง,บางมด,10150
138,103504,กรุงเทพมหานคร,จอมทอง,จอมทอง,10150
7456,103601,กรุงเทพมหานคร,ดอนเมือง,ดอนเมือง,10210
139,103602,กรุงเทพมหานคร,ดอนเมือง,สีกัน,10210
7458,103603,กรุงเทพมหานคร,ดอนเมือง,สนามบิน,10210
140,103701,กรุงเทพมหานคร,ราชเทวี,ทุ่งพญาไท,10400
141,103702,กรุงเทพมหานคร,ราชเทวี,ถนนพญาไท,10400
142,103703,กรุงเทพมหานคร,ราชเทวี,ถนนเพชรบุรี,10400
143,103704,กรุงเทพมหานคร,ราชเทวี,มักกะสัน,10400
144,103801,กรุงเทพมหานคร,ลาดพร้าว,ลาดพร้าว,10230
145,103802,กรุงเทพมหานคร,ลาดพร้าว,จรเข้บัว,10230
146,103901,กรุงเทพมหานคร,วัฒนา,คลองเตยเหนือ,10110
147,103902,กรุงเทพมหานคร,วัฒนา,คลองตันเหนือ,10110
148,103903,กรุงเทพมหานคร,วัฒนา,พระโขนงเหนือ,10110
149,104001,กรุงเทพมหานคร,บางแค,บางแค,10160
150,104002,กรุงเทพมหานคร,บางแค,บางแคเหนือ,10160
151,104003,กรุงเทพมหานคร,บางแค,บางไผ่,10160
152,104004,กรุงเทพมหานคร,บางแค,หลักสอง,10160
153,104101,กรุงเทพมหานคร,หลักสี่,ทุ่งสองห้อง,10210
154,104102,กรุงเทพมหานคร,หลักสี่,ตลาดบางเขน,10210
155,104201,กรุงเทพมหานคร,สายไหม,สายไหม,10220
156,104202,กรุงเทพมหานคร,สายไหม,ออเงิน,10220
157,104203,กรุงเทพมหานคร,สายไหม,คลองถนน,10220
158,104301,กรุงเทพมหานคร,คันนายาว,คันนายาว,10230
159,104401,กรุงเทพมหานคร,สะพานสูง,สะพานสูง,10240
160,104501,กรุงเทพมหานคร,วังทองหลาง,วังทองหลาง,10310
161,104601,กรุงเทพมหานคร,คลองสามวา,สามวาตะวันตก,10510
162,104602,กรุงเทพมหานคร,คลองสามวา,สามวาตะวันออก,10510
163,104603,กรุงเทพมหานคร,คลองสามวา,บางชัน,10510
164,104604,กรุงเทพมหานคร,คลองสามวา,ทรายกองดิน,10510
165,104605,กรุงเทพมหานคร,คลองสามวา,ทรายกองดินใต้,10510
166,104701,กรุงเทพมหานคร,บางนา,บางนา,10260
167,104801,กรุงเทพมหานคร,ทวีวัฒนา,ทวีวัฒนา,10170
168,104802,กรุงเทพมหานคร,ทวีวัฒนา,ศาลาธรรมสพน์,10170
169,104901,กรุงเทพมหานคร,ทุ่งครุ,บางมด,10140
170,104902,กรุงเทพมหานคร,ทุ่งครุ,ทุ่งครุ,10140
171,105001,กรุงเทพมหานคร,บางบอน,บางบอน,10150
172,110101,สมุทรปราการ,เมืองสมุทรปราการ,ปากน้ำ,10270
173,110102,สมุทรปราการ,เมืองสมุทรปราการ,สำโรงเหนือ,10270
174,110103,สมุทรปราการ,เมืองสมุทรปราการ,บางเมือง,10270
175,110104,สมุทรปราการ,เมืองสมุทรปราการ,ท้ายบ้าน,10280
176,110108,สมุทรปราการ,เมืองสมุทรปราการ,บางปูใหม่,10280
177,110110,สมุทรปราการ,เมืองสมุทรปราการ,แพรกษา,10280
178,110111,สมุทรปราการ,เมืองสมุทรปราการ,บางโปรง,10270
179,110112,สมุทรปราการ,เมืองสมุทรปราการ,บางปู,10270
180,110113,สมุทรปราการ,เมืองสมุทรปราการ,บางด้วน,10270
181,110114,สมุทรปราการ,เมืองสมุทรปราการ,บางเมืองใหม่,10270
182,110115,สมุทรปราการ,เมืองสมุทรปราการ,เทพารักษ์,10270
183,110116,สมุทรปราการ,เมืองสมุทรปราการ,ท้ายบ้านใหม่,10280
184,110117,สมุทรปราการ,เมืองสมุทรปราการ,แพรกษาใหม่,10280
185,110201,สมุทรปราการ,บางบ่อ,บางบ่อ,10560
186,110202,สมุทรปราการ,บางบ่อ,บ้านระกาศ,10560
187,110203,สมุทรปราการ,บางบ่อ,บางพลีน้อย,10560
188,110204,สมุทรปราการ,บางบ่อ,บางเพรียง,10560
189,110205,สมุทรปราการ,บางบ่อ,คลองด่าน,10550
190,110206,สมุทรปราการ,บางบ่อ,คลองสวน,10560
191,110207,สมุทรปราการ,บางบ่อ,เปร็ง,10560
192,110208,สมุทรปราการ,บางบ่อ,คลองนิยมยาตรา,10560
193,110301,สมุทรปราการ,บางพลี,บางพลีใหญ่,10540
194,110302,สมุทรปราการ,บางพลี,บางแก้ว,10540
195,110303,สมุทรปราการ,บางพลี,บางปลา,10540
196,110304,สมุทรปราการ,บางพลี,บางโฉลง,10540
197,110308,สมุทรปราการ,บางพลี,ราชาเทวะ,10540
198,110309,สมุทรปราการ,บางพลี,หนองปรือ,10540
199,110401,สมุทรปราการ,พระประแดง,ตลาด,10130
200,110402,สมุทรปราการ,พระประแดง,บางพึ่ง,10130
201,110403,สมุทรปราการ,พระประแดง,บางจาก,10130
202,110404,สมุทรปราการ,พระประแดง,บางครุ,10130
203,110405,สมุทรปราการ,พระประแดง,บางหญ้าแพรก,10130
204,110406,สมุทรปราการ,พระประแดง,บางหัวเสือ,10130
205,110407,สมุทรปราการ,พระประแดง,สำโรงใต้,10130
206,110408,สมุทรปราการ,พระประแดง,บางยอ,10130
207,110409,สมุทรปราการ,พระประแดง,บางกะเจ้า,10130
208,110410,สมุทรปราการ,พระประแดง,บางน้ำผึ้ง,10130
209,110411,สมุทรปราการ,พระประแดง,บางกระสอบ,10130
210,110412,สมุทรปราการ,พระประแดง,บางกอบัว,10130
211,110413,สมุทรปราการ,พระประแดง,ทรงคนอง,10130
212,110414,สมุทรปราการ,พระประแดง,สำโรง,10130
213,110415,สมุทรปราการ,พระประแดง,สำโรงกลาง,10130
214,110501,สมุทรปราการ,พระสมุทรเจดีย์,นาเกลือ,10290
215,110502,สมุทรปราการ,พระสมุทรเจดีย์,บ้านคลองสวน,10290
216,110503,สมุทรปราการ,พระสมุทรเจดีย์,แหลมฟ้าผ่า,10290
217,110504,สมุทรปราการ,พระสมุทรเจดีย์,ปากคลองบางปลากด,10290
218,110505,สมุทรปราการ,พระสมุทรเจดีย์,ในคลองบางปลากด,10290
219,110601,สมุทรปราการ,บางเสาธง,บางเสาธง,10540
220,110602,สมุทรปราการ,บางเสาธง,ศีรษะจรเข้น้อย,10540
221,110603,สมุทรปราการ,บางเสาธง,ศีรษะจรเข้ใหญ่,10540
222,120101,นนทบุรี,เมืองนนทบุรี,สวนใหญ่,11000
223,120102,นนทบุรี,เมืองนนทบุรี,ตลาดขวัญ,11000
224,120103,นนทบุรี,เมืองนนทบุรี,บางเขน,11000
225,120104,นนทบุรี,เมืองนนทบุรี,บางกระสอ,11000
226,120105,นนทบุรี,เมืองนนทบุรี,ท่าทราย,11000
227,120106,นนทบุรี,เมืองนนทบุรี,บางไผ่,11000
228,120107,นนทบุรี,เมืองนนทบุรี,บางศรีเมือง,11000
229,120108,นนทบุรี,เมืองนนทบุรี,บางกร่าง,11000
230,120109,นนทบุรี,เมืองนนทบุรี,ไทรม้า,11000
231,120110,นนทบุรี,เมืองนนทบุรี,บางรักน้อย,11000
232,120201,นนทบุรี,บางกรวย,วัดชลอ,11130
233,120202,นนทบุรี,บางกรวย,บางกรวย,11130
234,120203,นนทบุรี,บางกรวย,บางสีทอง,11130
235,120204,นนทบุรี,บางกรวย,บางขนุน,11130
236,120205,นนทบุรี,บางกรวย,บางขุนกอง,11130
237,120206,นนทบุรี,บางกรวย,บางคูเวียง,11130
238,120207,นนทบุรี,บางกรวย,มหาสวัสดิ์,11130
239,120208,นนทบุรี,บางกรวย,ปลายบาง,11130
240,120209,นนทบุรี,บางกรวย,ศาลากลาง,11130
241,120301,นนทบุรี,บางใหญ่,บางม่วง,11140
242,120302,นนทบุรี,บางใหญ่,บางแม่นาง,11140
243,120303,นนทบุรี,บางใหญ่,บางเลน,11140
244,120304,นนทบุรี,บางใหญ่,เสาธงหิน,11140
245,120305,นนทบุรี,บางใหญ่,บางใหญ่,11140
246,120306,นนทบุรี,บางใหญ่,บ้านใหม่,11140
247,120401,นนทบุรี,บางบัวทอง,โสนลอย,11110
248,120402,นนทบุรี,บางบัวทอง,บางบัวทอง,11110
249,120403,นนทบุรี,บางบัวทอง,บางรักใหญ่,11110
250,120404,นนทบุรี,บางบัวทอง,บางคูรัด,11110
251,120405,นนทบุรี,บางบัวทอง,ละหาร,11110
252,120406,นนทบุรี,บางบัวทอง,ลำโพ,11110
253,120407,นนทบุรี,บางบัวทอง,พิมลราช,11110
254,120408,นนทบุรี,บางบัวทอง,บางรักพัฒนา,11110
255,120501,นนทบุรี,ไทรน้อย,ไทรน้อย,11150
256,120502,นนทบุรี,ไทรน้อย,ราษฎร์นิยม,11150
257,120503,นนทบุรี,ไทรน้อย,หนองเพรางาย,11150
258,120504,นนทบุรี,ไทรน้อย,ไทรใหญ่,11150
259,120505,นนทบุรี,ไทรน้อย,ขุนศรี,11150
260,120506,นนทบุรี,ไทรน้อย,คลองขวาง,11150
261,120507,นนทบุรี,ไทรน้อย,ทวีวัฒนา,11150
262,120601,นนทบุรี,ปากเกร็ด,ปากเกร็ด,11120
263,120602,นนทบุรี,ปากเกร็ด,บางตลาด,11120
264,120603,นนทบุรี,ปากเกร็ด,บ้านใหม่,11120
265,120604,นนทบุรี,ปากเกร็ด,บางพูด,11120
266,120605,นนทบุรี,ปากเกร็ด,บางตะไนย์,11120
267,120606,นนทบุรี,ปากเกร็ด,คลองพระอุดม,11120
268,120607,นนทบุรี,ปากเกร็ด,ท่าอิฐ,11120
269,120608,นนทบุรี,ปากเกร็ด,เกาะเกร็ด,11120
270,120609,นนทบุรี,ปากเกร็ด,อ้อมเกร็ด,11120
271,120610,นนทบุรี,ปากเกร็ด,คลองข่อย,11120
272,120611,นนทบุรี,ปากเกร็ด,บางพลับ,11120
273,120612,นนทบุรี,ปากเกร็ด,คลองเกลือ,11120
274,130101,ปทุมธานี,เมืองปทุมธานี,บางปรอก,12000
275,130102,ปทุมธานี,เมืองปทุมธานี,บ้านใหม่,12000
276,130103,ปทุมธานี,เมืองปทุมธานี,บ้านกลาง,12000
277,130104,ปทุมธานี,เมืองปทุมธานี,บ้านฉาง,12000
278,130105,ปทุมธานี,เมืองปทุมธานี,บ้านกระแชง,12000
279,130106,ปทุมธานี,เมืองปทุมธานี,บางขะแยง,12000
280,130107,ปทุมธานี,เมืองปทุมธานี,บางคูวัด,12000
281,130108,ปทุมธานี,เมืองปทุมธานี,บางหลวง,12000
282,130109,ปทุมธานี,เมืองปทุมธานี,บางเดื่อ,12000
283,130110,ปทุมธานี,เมืองปทุมธานี,บางพูด,12000
284,130111,ปทุมธานี,เมืองปทุมธานี,บางพูน,12000
285,130112,ปทุมธานี,เมืองปทุมธานี,บางกะดี,12000
286,130113,ปทุมธานี,เมืองปทุมธานี,สวนพริกไทย,12000
287,130114,ปทุมธานี,เมืองปทุมธานี,หลักหก,12000
288,130201,ปทุมธานี,คลองหลวง,คลองหนึ่ง,12120
289,130202,ปทุมธานี,คลองหลวง,คลองสอง,12120
290,130203,ปทุมธานี,คลองหลวง,คลองสาม,12120
291,130204,ปทุมธานี,คลองหลวง,คลองสี่,12120
292,130205,ปทุมธานี,คลองหลวง,คลองห้า,12120
293,130206,ปทุมธานี,คลองหลวง,คลองหก,12120
294,130207,ปทุมธานี,คลองหลวง,คลองเจ็ด,12120
295,130301,ปทุมธานี,ธัญบุรี,ประชาธิปัตย์,12130
296,130302,ปทุมธานี,ธัญบุรี,บึงยี่โถ,12130
297,130303,ปทุมธานี,ธัญบุรี,รังสิต,12110
298,130304,ปทุมธานี,ธัญบุรี,ลำผักกูด,12110
299,130305,ปทุมธานี,ธัญบุรี,บึงสนั่น,12110
300,130306,ปทุมธานี,ธัญบุรี,บึงน้ำรักษ์,12110
301,130401,ปทุมธานี,หนองเสือ,บึงบา,12170
302,130402,ปทุมธานี,หนองเสือ,บึงบอน,12170
303,130403,ปทุมธานี,หนองเสือ,บึงกาสาม,12170
304,130404,ปทุมธานี,หนองเสือ,บึงชำอ้อ,12170
305,130405,ปทุมธานี,หนองเสือ,หนองสามวัง,12170
306,130406,ปทุมธานี,หนองเสือ,ศาลาครุ,12170
307,130407,ปทุมธานี,หนองเสือ,นพรัตน์,12170
308,130501,ปทุมธานี,ลาดหลุมแก้ว,ระแหง,12140
309,130502,ปทุมธานี,ลาดหลุมแก้ว,ลาดหลุมแก้ว,12140
310,130503,ปทุมธานี,ลาดหลุมแก้ว,คูบางหลวง,12140
311,130504,ปทุมธานี,ลาดหลุมแก้ว,คูขวาง,12140
312,130505,ปทุมธานี,ลาดหลุมแก้ว,คลองพระอุดม,12140
313,130506,ปทุมธานี,ลาดหลุมแก้ว,บ่อเงิน,12140
314,130507,ปทุมธานี,ลาดหลุมแก้ว,หน้าไม้,12140
315,130601,ปทุมธานี,ลำลูกกา,คูคต,12130
316,130602,ปทุมธานี,ลำลูกกา,ลาดสวาย,12150
317,130603,ปทุมธานี,ลำลูกกา,บึงคำพร้อย,12150
318,130604,ปทุมธานี,ลำลูกกา,ลำลูกกา,12150
319,130605,ปทุมธานี,ลำลูกกา,บึงทองหลาง,12150
320,130606,ปทุมธานี,ลำลูกกา,ลำไทร,12150
321,130607,ปทุมธานี,ลำลูกกา,บึงคอไห,12150
322,130608,ปทุมธานี,ลำลูกกา,พืชอุดม,12150
323,130701,ปทุมธานี,สามโคก,บางเตย,12160
324,130702,ปทุมธานี,สามโคก,คลองควาย,12160
325,130703,ปทุมธานี,สามโคก,สามโคก,12160
326,130704,ปทุมธานี,สามโคก,กระแชง,12160
327,130705,ปทุมธานี,สามโคก,บางโพธิ์เหนือ,12160
328,130706,ปทุมธานี,สามโคก,เชียงรากใหญ่,12160
329,130707,ปทุมธานี,สามโคก,บ้านปทุม,12160
330,130708,ปทุมธานี,สามโคก,บ้านงิ้ว,12160
331,130709,ปทุมธานี,สามโคก,เชียงรากน้อย,12160
332,130710,ปทุมธานี,สามโคก,บางกระบือ,12160
333,130711,ปทุมธานี,สามโคก,ท้ายเกาะ,12160
334,140101,พระนครศรีอยุธยา,พระนครศรีอยุธยา,ประตูชัย,13000
335,140102,พระนครศรีอยุธยา,พระนครศรีอยุธยา,กะมัง,13000
336,140103,พระนครศรีอยุธยา,พระนครศรีอยุธยา,หอรัตนไชย,13000
337,140104,พระนครศรีอยุธยา,พระนครศรีอยุธยา,หัวรอ,13000
338,140105,พระนครศรีอยุธยา,พระนครศรีอยุธยา,ท่าวาสุกรี,13000
339,140106,พระนครศรีอยุธยา,พระนครศรีอยุธยา,ไผ่ลิง,13000
340,140107,พระนครศรีอยุธยา,พระนครศรีอยุธยา,ปากกราน,13000
341,140108,พระนครศรีอยุธยา,พระนครศรีอยุธยา,ภูเขาทอง,13000
342,140109,พระนครศรีอยุธยา,พระนครศรีอยุธยา,สำเภาล่ม,13000
343,140110,พระนครศรีอยุธยา,พระนครศรีอยุธยา,สวนพริก,13000
344,140111,พระนครศรีอยุธยา,พระนครศรีอยุธยา,คลองตะเคียน,13000
345,140112,พระนครศรีอยุธยา,พระนครศรีอยุธยา,วัดตูม,13000
346,140113,พระนครศรีอยุธยา,พระนครศรีอยุธยา,หันตรา,13000
347,140114,พระนครศรีอยุธยา,พระนครศรีอยุธยา,ลุมพลี,13000
348,140115,พระนครศรีอยุธยา,พระนครศรีอยุธยา,บ้านใหม่,13000
349,140116,พระนครศรีอยุธยา,พระนครศรีอยุธยา,บ้านเกาะ,13000
350,140117,พระนครศรีอยุธยา,พระนครศรีอยุธยา,คลองสวนพลู,13000
351,140118,พระนครศรีอยุธยา,พระนครศรีอยุธยา,คลองสระบัว,13000
352,140119,พระนครศรีอยุธยา,พระนครศรีอยุธยา,เกาะเรียน,13000
353,140120,พระนครศรีอยุธยา,พระนครศรีอยุธยา,บ้านป้อม,13000
354,140121,พระนครศรีอยุธยา,พระนครศรีอยุธยา,บ้านรุน,13000
355,140201,พระนครศรีอยุธยา,ท่าเรือ,ท่าเรือ,13130
356,140202,พระนครศรีอยุธยา,ท่าเรือ,จำปา,13130
357,140203,พระนครศรีอยุธยา,ท่าเรือ,ท่าหลวง,13130
358,140204,พระนครศรีอยุธยา,ท่าเรือ,บ้านร่อม,13130
359,140205,พระนครศรีอยุธยา,ท่าเรือ,ศาลาลอย,13130
360,140206,พระนครศรีอยุธยา,ท่าเรือ,วังแดง,13130
361,140207,พระนครศรีอยุธยา,ท่าเรือ,โพธิ์เอน,13130
362,140208,พระนครศรีอยุธยา,ท่าเรือ,ปากท่า,13130
363,140209,พระนครศรีอยุธยา,ท่าเรือ,หนองขนาก,13130
364,140210,พระนครศรีอยุธยา,ท่าเรือ,ท่าเจ้าสนุก,13130
365,140301,พระนครศรีอยุธยา,นครหลวง,นครหลวง,13260
366,140302,พระนครศรีอยุธยา,นครหลวง,ท่าช้าง,13260
367,140303,พระนครศรีอยุธยา,นครหลวง,บ่อโพง,13260
368,140304,พระนครศรีอยุธยา,นครหลวง,บ้านชุ้ง,13260
369,140305,พระนครศรีอยุธยา,นครหลวง,ปากจั่น,13260
370,140306,พระนครศรีอยุธยา,นครหลวง,บางระกำ,13260
371,140307,พระนครศรีอยุธยา,นครหลวง,บางพระครู,13260
372,140308,พระนครศรีอยุธยา,นครหลวง,แม่ลา,13260
373,140309,พระนครศรีอยุธยา,นครหลวง,หนองปลิง,13260
374,140310,พระนครศรีอยุธยา,นครหลวง,คลองสะแก,13260
375,140311,พระนครศรีอยุธยา,นครหลวง,สามไถ,13260
376,140312,พระนครศรีอยุธยา,นครหลวง,พระนอน,13260
377,140401,พระนครศรีอยุธยา,บางไทร,บางไทร,13190
378,140402,พระนครศรีอยุธยา,บางไทร,บางพลี,13190
379,140403,พระนครศรีอยุธยา,บางไทร,สนามชัย,13190
380,140404,พระนครศรีอยุธยา,บางไทร,บ้านแป้ง,13190
381,140405,พระนครศรีอยุธยา,บางไทร,หน้าไม้,13190
382,140406,พระนครศรีอยุธยา,บางไทร,บางยี่โท,13190
383,140407,พระนครศรีอยุธยา,บางไทร,แคออก,13190
384,140408,พระนครศรีอยุธยา,บางไทร,แคตก,13190
385,140409,พระนครศรีอยุธยา,บางไทร,ช่างเหล็ก,13190
386,140410,พระนครศรีอยุธยา,บางไทร,กระแชง,13190
387,140411,พระนครศรีอยุธยา,บางไทร,บ้านกลึง,13190
388,140412,พระนครศรีอยุธยา,บางไทร,ช้างน้อย,13190
389,140413,พระนครศรีอยุธยา,บางไทร,ห่อหมก,13190
390,140414,พระนครศรีอยุธยา,บางไทร,ไผ่พระ,13190
391,140415,พระนครศรีอยุธยา,บางไทร,กกแก้วบูรพา,13190
392,140416,พระนครศรีอยุธยา,บางไทร,ไม้ตรา,13190
393,140417,พระนครศรีอยุธยา,บางไทร,บ้านม้า,13190
394,140418,พระนครศรีอยุธยา,บางไทร,บ้านเกาะ,13190
395,140419,พระนครศรีอยุธยา,บางไทร,ราชคราม,13290
396,140420,พระนครศรีอยุธยา,บางไทร,ช้างใหญ่,13290
397,140421,พระนครศรีอยุธยา,บางไทร,โพแตง,13290
398,140422,พระนครศรีอยุธยา,บางไทร,เชียงรากน้อย,13290
399,140423,พระนครศรีอยุธยา,บางไทร,โคกช้าง,13190
400,140501,พระนครศรีอยุธยา,บางบาล,บางบาล,13250
401,140502,พระนครศรีอยุธยา,บางบาล,วัดยม,13250
402,140503,พระนครศรีอยุธยา,บางบาล,ไทรน้อย,13250
403,140504,พระนครศรีอยุธยา,บางบาล,สะพานไทย,13250
404,140505,พระนครศรีอยุธยา,บางบาล,มหาพราหมณ์,13250
405,140506,พระนครศรีอยุธยา,บางบาล,กบเจา,13250
406,140507,พระนครศรีอยุธยา,บางบาล,บ้านคลัง,13250
407,140508,พระนครศรีอยุธยา,บางบาล,พระขาว,13250
408,140509,พระนครศรีอยุธยา,บางบาล,น้ำเต้า,13250
409,140510,พระนครศรีอยุธยา,บางบาล,ทางช้าง,13250
410,140511,พระนครศรีอยุธยา,บางบาล,วัดตะกู,13250
411,140512,พระนครศรีอยุธยา,บางบาล,บางหลวง,13250
412,140513,พระนครศรีอยุธยา,บางบาล,บางหลวงโดด,13250
413,140514,พระนครศรีอยุธยา,บางบาล,บางหัก,13250
414,140515,พระนครศรีอยุธยา,บางบาล,บางชะนี,13250
415,140516,พระนครศรีอยุธยา,บางบาล,บ้านกุ่ม,13250
416,140601,พระนครศรีอยุธยา,บางปะอิน,บ้านเลน,13160
417,140602,พระนครศรีอยุธยา,บางปะอิน,เชียงรากน้อย,13180
418,140603,พระนครศรีอยุธยา,บางปะอิน,บ้านโพ,13160
419,140604,พระนครศรีอยุธยา,บางปะอิน,บ้านกรด,13160
420,140605,พระนครศรีอยุธยา,บางปะอิน,บางกระสั้น,13160
421,140606,พระนครศรีอยุธยา,บางปะอิน,คลองจิก,13160
422,140607,พระนครศรีอยุธยา,บางปะอิน,บ้านหว้า,13160
423,140608,พระนครศรีอยุธยา,บางปะอิน,วัดยม,13160
424,140609,พระนครศรีอยุธยา,บางปะอิน,บางประแดง,13160
425,140610,พระนครศรีอยุธยา,บางปะอิน,สามเรือน,13160
426,140611,พระนครศรีอยุธยา,บางปะอิน,เกาะเกิด,13160
427,140612,พระนครศรีอยุธยา,บางปะอิน,บ้านพลับ,13160
428,140613,พระนครศรีอยุธยา,บางปะอิน,บ้านแป้ง,13160
429,140614,พระนครศรีอยุธยา,บางปะอิน,คุ้งลาน,13160
430,140615,พระนครศรีอยุธยา,บางปะอิน,ตลิ่งชัน,13160
431,140616,พระนครศรีอยุธยา,บางปะอิน,บ้านสร้าง,13170
432,140617,พระนครศรีอยุธยา,บางปะอิน,ตลาดเกรียบ,13160
433,140618,พระนครศรีอยุธยา,บางปะอิน,ขนอนหลวง,13160
434,140701,พระนครศรีอยุธยา,บางปะหัน,บางปะหัน,13220
435,140702,พระนครศรีอยุธยา,บางปะหัน,ขยาย,13220
436,140703,พระนครศรีอยุธยา,บางปะหัน,บางเดื่อ,13220
437,140704,พระนครศรีอยุธยา,บางปะหัน,เสาธง,13220
438,140705,พระนครศรีอยุธยา,บางปะหัน,ทางกลาง,13220
439,140706,พระนครศรีอยุธยา,บางปะหัน,บางเพลิง,13220
440,140707,พระนครศรีอยุธยา,บางปะหัน,หันสัง,13220
441,140708,พระนครศรีอยุธยา,บางปะหัน,บางนางร้า,13220
442,140709,พระนครศรีอยุธยา,บางปะหัน,ตานิม,13220
443,140710,พระนครศรีอยุธยา,บางปะหัน,ทับน้ำ,13220
444,140711,พระนครศรีอยุธยา,บางปะหัน,บ้านม้า,13220
445,140712,พระนครศรีอยุธยา,บางปะหัน,ขวัญเมือง,13220
446,140713,พระนครศรีอยุธยา,บางปะหัน,บ้านลี่,13220
447,140714,พระนครศรีอยุธยา,บางปะหัน,โพธิ์สามต้น,13220
448,140715,พระนครศรีอยุธยา,บางปะหัน,พุทเลา,13220
449,140716,พระนครศรีอยุธยา,บางปะหัน,ตาลเอน,13220
450,140717,พระนครศรีอยุธยา,บางปะหัน,บ้านขล้อ,13220
451,140801,พระนครศรีอยุธยา,ผักไห่,ผักไห่,13120
452,140802,พระนครศรีอยุธยา,ผักไห่,อมฤต,13120
453,140803,พระนครศรีอยุธยา,ผักไห่,บ้านแค,13120
454,140804,พระนครศรีอยุธยา,ผักไห่,ลาดน้ำเค็ม,13120
455,140805,พระนครศรีอยุธยา,ผักไห่,ตาลาน,13120
456,140806,พระนครศรีอยุธยา,ผักไห่,ท่าดินแดง,13120
457,140807,พระนครศรีอยุธยา,ผักไห่,ดอนลาน,13280
458,140808,พระนครศรีอยุธยา,ผักไห่,นาคู,13280
459,140809,พระนครศรีอยุธยา,ผักไห่,กุฎี,13120
460,140810,พระนครศรีอยุธยา,ผักไห่,ลำตะเคียน,13280
461,140811,พระนครศรีอยุธยา,ผักไห่,โคกช้าง,13120
462,140812,พระนครศรีอยุธยา,ผักไห่,จักราช,13280
463,140813,พระนครศรีอยุธยา,ผักไห่,หนองน้ำใหญ่,13280
464,140814,พระนครศรีอยุธยา,ผักไห่,ลาดชิด,13120
465,140815,พระนครศรีอยุธยา,ผักไห่,หน้าโคก,13120
466,140816,พระนครศรีอยุธยา,ผักไห่,บ้านใหญ่,13120
467,140901,พระนครศรีอยุธยา,ภาชี,ภาชี,13140
468,140902,พระนครศรีอยุธยา,ภาชี,โคกม่วง,13140
469,140903,พระนครศรีอยุธยา,ภาชี,ระโสม,13140
470,140904,พระนครศรีอยุธยา,ภาชี,หนองน้ำใส,13140
471,140905,พระนครศรีอยุธยา,ภาชี,ดอนหญ้านาง,13140
472,140906,พระนครศรีอยุธยา,ภาชี,ไผ่ล้อม,13140
473,140907,พระนครศรีอยุธยา,ภาชี,กระจิว,13140
474,140908,พระนครศรีอยุธยา,ภาชี,พระแก้ว,13140
475,141001,พระนครศรีอยุธยา,ลาดบัวหลวง,ลาดบัวหลวง,13230
476,141002,พระนครศรีอยุธยา,ลาดบัวหลวง,หลักชัย,13230
477,141003,พระนครศรีอยุธยา,ลาดบัวหลวง,สามเมือง,13230
478,141004,พระนครศรีอยุธยา,ลาดบัวหลวง,พระยาบันลือ,13230
479,141005,พระนครศรีอยุธยา,ลาดบัวหลวง,สิงหนาท,13230
480,141006,พระนครศรีอยุธยา,ลาดบัวหลวง,คู้สลอด,13230
481,141007,พระนครศรีอยุธยา,ลาดบัวหลวง,คลองพระยาบันลือ,13230
482,141101,พระนครศรีอยุธยา,วังน้อย,ลำตาเสา,13170
483,141102,พระนครศรีอยุธยา,วังน้อย,บ่อตาโล่,13170
484,141103,พระนครศรีอยุธยา,วังน้อย,วังน้อย,13170
485,141104,พระนครศรีอยุธยา,วังน้อย,ลำไทร,13170
486,141105,พระนครศรีอยุธยา,วังน้อย,สนับทึบ,13170
487,141106,พระนครศรีอยุธยา,วังน้อย,พยอม,13170
488,141107,พระนครศรีอยุธยา,วังน้อย,หันตะเภา,13170
489,141108,พระนครศรีอยุธยา,วังน้อย,วังจุฬา,13170
490,141109,พระนครศรีอยุธยา,วังน้อย,ข้าวงาม,13170
491,141110,พระนครศรีอยุธยา,วังน้อย,ชะแมบ,13170
492,141201,พระนครศรีอยุธยา,เสนา,เสนา,13110
493,141202,พระนครศรีอยุธยา,เสนา,บ้านแพน,13110
494,141203,พระนครศรีอยุธยา,เสนา,เจ้าเจ็ด,13110
495,141204,พระนครศรีอยุธยา,เสนา,สามกอ,13110
496,141205,พระนครศรีอยุธยา,เสนา,บางนมโค,13110
497,141206,พระนครศรีอยุธยา,เสนา,หัวเวียง,13110
498,141207,พระนครศรีอยุธยา,เสนา,มารวิชัย,13110
499,141208,พระนครศรีอยุธยา,เสนา,บ้านโพธิ์,13110
500,141209,พระนครศรีอยุธยา,เสนา,รางจรเข้,13110
501,141210,พระนครศรีอยุธยา,เสนา,บ้านกระทุ่ม,13110
502,141211,พระนครศรีอยุธยา,เสนา,บ้านแถว,13110
503,141212,พระนครศรีอยุธยา,เสนา,ชายนา,13110
504,141213,พระนครศรีอยุธยา,เสนา,สามตุ่ม,13110
505,141214,พระนครศรีอยุธยา,เสนา,ลาดงา,13110
506,141215,พระนครศรีอยุธยา,เสนา,ดอนทอง,13110
507,141216,พระนครศรีอยุธยา,เสนา,บ้านหลวง,13110
508,141217,พระนครศรีอยุธยา,เสนา,เจ้าเสด็จ,13110
509,141301,พระนครศรีอยุธยา,บางซ้าย,บางซ้าย,13270
510,141302,พระนครศรีอยุธยา,บางซ้าย,แก้วฟ้า,13270
511,141303,พระนครศรีอยุธยา,บางซ้าย,เต่าเล่า,13270
512,141304,พระนครศรีอยุธยา,บางซ้าย,ปลายกลัด,13270
513,141305,พระนครศรีอยุธยา,บางซ้าย,เทพมงคล,13270
514,141306,พระนครศรีอยุธยา,บางซ้าย,วังพัฒนา,13270
515,141401,พระนครศรีอยุธยา,อุทัย,คานหาม,13210
516,141402,พระนครศรีอยุธยา,อุทัย,บ้านช้าง,13210
517,141403,พระนครศรีอยุธยา,อุทัย,สามบัณฑิต,13210
518,141404,พระนครศรีอยุธยา,อุทัย,บ้านหีบ,13210
519,141405,พระนครศรีอยุธยา,อุทัย,หนองไม้ซุง,13210
520,141406,พระนครศรีอยุธยา,อุทัย,อุทัย,13210
521,141407,พระนครศรีอยุธยา,อุทัย,เสนา,13210
522,141408,พระนครศรีอยุธยา,อุทัย,หนองน้ำส้ม,13210
523,141409,พระนครศรีอยุธยา,อุทัย,โพสาวหาญ,13210
524,141410,พระนครศรีอยุธยา,อุทัย,ธนู,13210
525,141411,พระนครศรีอยุธยา,อุทัย,ข้าวเม่า,13210
526,141501,พระนครศรีอยุธยา,มหาราช,หัวไผ่,13150
527,141502,พระนครศรีอยุธยา,มหาราช,กะทุ่ม,13150
528,141503,พระนครศรีอยุธยา,มหาราช,มหาราช,13150
529,141504,พระนครศรีอยุธยา,มหาราช,น้ำเต้า,13150
530,141505,พระนครศรีอยุธยา,มหาราช,บางนา,13150
531,141506,พระนครศรีอยุธยา,มหาราช,โรงช้าง,13150
532,141507,พระนครศรีอยุธยา,มหาราช,เจ้าปลุก,13150
533,141508,พระนครศรีอยุธยา,มหาราช,พิตเพียน,13150
534,141509,พระนครศรีอยุธยา,มหาราช,บ้านนา,13150
535,141510,พระนครศรีอยุธยา,มหาราช,บ้านขวาง,13150
536,141511,พระนครศรีอยุธยา,มหาราช,ท่าตอ,13150
537,141512,พระนครศรีอยุธยา,มหาราช,บ้านใหม่,13150
538,141601,พระนครศรีอยุธยา,บ้านแพรก,บ้านแพรก,13240
539,141602,พระนครศรีอยุธยา,บ้านแพรก,บ้านใหม่,13240
540,141603,พระนครศรีอยุธยา,บ้านแพรก,สำพะเนียง,13240
541,141604,พระนครศรีอยุธยา,บ้านแพรก,คลองน้อย,13240
542,141605,พระนครศรีอยุธยา,บ้านแพรก,สองห้อง,13240
543,150101,อ่างทอง,เมืองอ่างทอง,ตลาดหลวง,14000
544,150102,อ่างทอง,เมืองอ่างทอง,บางแก้ว,14000
545,150103,อ่างทอง,เมืองอ่างทอง,ศาลาแดง,14000
546,150104,อ่างทอง,เมืองอ่างทอง,ป่างิ้ว,14000
547,150105,อ่างทอง,เมืองอ่างทอง,บ้านแห,14000
548,150106,อ่างทอง,เมืองอ่างทอง,ตลาดกรวด,14000
549,150107,อ่างทอง,เมืองอ่างทอง,มหาดไทย,14000
550,150108,อ่างทอง,เมืองอ่างทอง,บ้านอิฐ,14000
551,150109,อ่างทอง,เมืองอ่างทอง,หัวไผ่,14000
552,150110,อ่างทอง,เมืองอ่างทอง,จำปาหล่อ,14000
553,150111,อ่างทอง,เมืองอ่างทอง,โพสะ,14000
554,150112,อ่างทอง,เมืองอ่างทอง,บ้านรี,14000
555,150113,อ่างทอง,เมืองอ่างทอง,คลองวัว,14000
556,150114,อ่างทอง,เมืองอ่างทอง,ย่านซื่อ,14000
557,150201,อ่างทอง,ไชโย,จรเข้ร้อง,14140
558,150202,อ่างทอง,ไชโย,ไชยภูมิ,14140
559,150203,อ่างทอง,ไชโย,ชัยฤทธิ์,14140
560,150204,อ่างทอง,ไชโย,เทวราช,14140
561,150205,อ่างทอง,ไชโย,ราชสถิตย์,14140
562,150206,อ่างทอง,ไชโย,ไชโย,14140
563,150207,อ่างทอง,ไชโย,หลักฟ้า,14140
564,150208,อ่างทอง,ไชโย,ชะไว,14140
565,150209,อ่างทอง,ไชโย,ตรีณรงค์,14140
566,150301,อ่างทอง,ป่าโมก,บางปลากด,14130
567,150302,อ่างทอง,ป่าโมก,ป่าโมก,14130
568,150303,อ่างทอง,ป่าโมก,สายทอง,14130
569,150304,อ่างทอง,ป่าโมก,โรงช้าง,14130
570,150305,อ่างทอง,ป่าโมก,บางเสด็จ,14130
571,150306,อ่างทอง,ป่าโมก,นรสิงห์,14130
572,150307,อ่างทอง,ป่าโมก,เอกราช,14130
573,150308,อ่างทอง,ป่าโมก,โผงเผง,14130
574,150401,อ่างทอง,โพธิ์ทอง,อ่างแก้ว,14120
575,150402,อ่างทอง,โพธิ์ทอง,อินทประมูล,14120
576,150403,อ่างทอง,โพธิ์ทอง,บางพลับ,14120
577,150404,อ่างทอง,โพธิ์ทอง,หนองแม่ไก่,14120
578,150405,อ่างทอง,โพธิ์ทอง,รำมะสัก,14120
579,150406,อ่างทอง,โพธิ์ทอง,บางระกำ,14120
580,150407,อ่างทอง,โพธิ์ทอง,โพธิ์รังนก,14120
581,150408,อ่างทอง,โพธิ์ทอง,องครักษ์,14120
582,150409,อ่างทอง,โพธิ์ทอง,โคกพุทรา,14120
583,150410,อ่างทอง,โพธิ์ทอง,ยางช้าย,14120
584,150411,อ่างทอง,โพธิ์ทอง,บ่อแร่,14120
585,150412,อ่างทอง,โพธิ์ทอง,ทางพระ,14120
586,150413,อ่างทอง,โพธิ์ทอง,สามง่าม,14120
587,150414,อ่างทอง,โพธิ์ทอง,บางเจ้าฉ่า,14120
588,150415,อ่างทอง,โพธิ์ทอง,คำหยาด,14120
589,150501,อ่างทอง,แสวงหา,แสวงหา,14150
590,150502,อ่างทอง,แสวงหา,ศรีพราน,14150
591,150503,อ่างทอง,แสวงหา,บ้านพราน,14150
592,150504,อ่างทอง,แสวงหา,วังน้ำเย็น,14150
593,150505,อ่างทอง,แสวงหา,สีบัวทอง,14150
594,150506,อ่างทอง,แสวงหา,ห้วยไผ่,14150
595,150507,อ่างทอง,แสวงหา,จำลอง,14150
596,150601,อ่างทอง,วิเศษชัยชาญ,ไผ่จำศิล,14110
597,150602,อ่างทอง,วิเศษชัยชาญ,ศาลเจ้าโรงทอง,14110
598,150603,อ่างทอง,วิเศษชัยชาญ,ไผ่ดำพัฒนา,14110
599,150604,อ่างทอง,วิเศษชัยชาญ,สาวร้องไห้,14110
600,150605,อ่างทอง,วิเศษชัยชาญ,ท่าช้าง,14110
601,150606,อ่างทอง,วิเศษชัยชาญ,ยี่ล้น,14110
602,150607,อ่างทอง,วิเศษชัยชาญ,บางจัก,14110
603,150608,อ่างทอง,วิเศษชัยชาญ,ห้วยคันแหลน,14110
604,150609,อ่างทอง,วิเศษชัยชาญ,คลองขนาก,14110
605,150610,อ่างทอง,วิเศษชัยชาญ,ไผ่วง,14110
606,150611,อ่างทอง,วิเศษชัยชาญ,สี่ร้อย,14110
607,150612,อ่างทอง,วิเศษชัยชาญ,ม่วงเตี้ย,14110
608,150613,อ่างทอง,วิเศษชัยชาญ,หัวตะพาน,14110
609,150614,อ่างทอง,วิเศษชัยชาญ,หลักแก้ว,14110
610,150615,อ่างทอง,วิเศษชัยชาญ,ตลาดใหม่,14110
611,150701,อ่างทอง,สามโก้,สามโก้,14160
612,150702,อ่างทอง,สามโก้,ราษฎรพัฒนา,14160
613,150703,อ่างทอง,สามโก้,อบทม,14160
614,150704,อ่างทอง,สามโก้,โพธิ์ม่วงพันธ์,14160
615,150705,อ่างทอง,สามโก้,มงคลธรรมนิมิต,14160
616,160101,ลพบุรี,เมืองลพบุรี,ทะเลชุบศร,15000
617,160102,ลพบุรี,เมืองลพบุรี,ท่าหิน,15000
618,160103,ลพบุรี,เมืองลพบุรี,กกโก,15000
619,160104,ลพบุรี,เมืองลพบุรี,โก่งธนู,13240
620,160105,ลพบุรี,เมืองลพบุรี,เขาพระงาม,15000
621,160106,ลพบุรี,เมืองลพบุรี,เขาสามยอด,15000
622,160107,ลพบุรี,เมืองลพบุรี,โคกกะเทียม,15000
623,160108,ลพบุรี,เมืองลพบุรี,โคกลำพาน,15000
624,160109,ลพบุรี,เมืองลพบุรี,โคกตูม,15210
625,160110,ลพบุรี,เมืองลพบุรี,งิ้วราย,15000
626,160111,ลพบุรี,เมืองลพบุรี,ดอนโพธิ์,15000
627,160112,ลพบุรี,เมืองลพบุรี,ตะลุง,15000
628,160114,ลพบุรี,เมืองลพบุรี,ท่าแค,15000
629,160115,ลพบุรี,เมืองลพบุรี,ท่าศาลา,15000
630,160116,ลพบุรี,เมืองลพบุรี,นิคมสร้างตนเอง,15000
631,160117,ลพบุรี,เมืองลพบุรี,บางขันหมาก,15000
632,160118,ลพบุรี,เมืองลพบุรี,บ้านข่อย,15000
633,160119,ลพบุรี,เมืองลพบุรี,ท้ายตลาด,15000
634,160120,ลพบุรี,เมืองลพบุรี,ป่าตาล,15000
635,160121,ลพบุรี,เมืองลพบุรี,พรหมมาสตร์,15000
636,160122,ลพบุรี,เมืองลพบุรี,โพธิ์เก้าต้น,15000
637,160123,ลพบุรี,เมืองลพบุรี,โพธิ์ตรุ,15000
638,160124,ลพบุรี,เมืองลพบุรี,สี่คลอง,15000
639,160125,ลพบุรี,เมืองลพบุรี,ถนนใหญ่,15000
640,160201,ลพบุรี,พัฒนานิคม,พัฒนานิคม,15140
641,160202,ลพบุรี,พัฒนานิคม,ช่องสาริกา,15220
642,160203,ลพบุรี,พัฒนานิคม,มะนาวหวาน,15140
643,160204,ลพบุรี,พัฒนานิคม,ดีลัง,15220
644,160205,ลพบุรี,พัฒนานิคม,โคกสลุง,15140
645,160206,ลพบุรี,พัฒนานิคม,ชอนน้อย,15140
646,160207,ลพบุรี,พัฒนานิคม,หนองบัว,15140
647,160208,ลพบุรี,พัฒนานิคม,ห้วยขุนราม,18220
648,160209,ลพบุรี,พัฒนานิคม,น้ำสุด,15140
649,160301,ลพบุรี,โคกสำโรง,โคกสำโรง,15120
650,160302,ลพบุรี,โคกสำโรง,เกาะแก้ว,15120
651,160303,ลพบุรี,โคกสำโรง,ถลุงเหล็ก,15120
652,160304,ลพบุรี,โคกสำโรง,หลุมข้าว,15120
653,160305,ลพบุรี,โคกสำโรง,ห้วยโป่ง,15120
654,160306,ลพบุรี,โคกสำโรง,คลองเกตุ,15120
655,160307,ลพบุรี,โคกสำโรง,สะแกราบ,15120
656,160308,ลพบุรี,โคกสำโรง,เพนียด,15120
657,160309,ลพบุรี,โคกสำโรง,วังเพลิง,15120
658,160310,ลพบุรี,โคกสำโรง,ดงมะรุม,15120
659,160318,ลพบุรี,โคกสำโรง,วังขอนขว้าง,15120
660,160320,ลพบุรี,โคกสำโรง,วังจั่น,15120
661,160322,ลพบุรี,โคกสำโรง,หนองแขม,15120
662,160401,ลพบุรี,ชัยบาดาล,ลำนารายณ์,15130
663,160402,ลพบุรี,ชัยบาดาล,ชัยนารายณ์,15130
664,160403,ลพบุรี,ชัยบาดาล,ศิลาทิพย์,15130
665,160404,ลพบุรี,ชัยบาดาล,ห้วยหิน,15130
666,160405,ลพบุรี,ชัยบาดาล,ม่วงค่อม,15230
667,160406,ลพบุรี,ชัยบาดาล,บัวชุม,15130
668,160407,ลพบุรี,ชัยบาดาล,ท่าดินดำ,15130
669,160408,ลพบุรี,ชัยบาดาล,มะกอกหวาน,15230
670,160409,ลพบุรี,ชัยบาดาล,ซับตะเคียน,15130
671,160410,ลพบุรี,ชัยบาดาล,นาโสม,15190
672,160411,ลพบุรี,ชัยบาดาล,หนองยายโต๊ะ,15130
673,160412,ลพบุรี,ชัยบาดาล,เกาะรัง,15130
674,160414,ลพบุรี,ชัยบาดาล,ท่ามะนาว,15130
675,160417,ลพบุรี,ชัยบาดาล,นิคมลำนารายณ์,15130
676,160418,ลพบุรี,ชัยบาดาล,ชัยบาดาล,15230
677,160419,ลพบุรี,ชัยบาดาล,บ้านใหม่สามัคคี,15130
678,160422,ลพบุรี,ชัยบาดาล,เขาแหลม,15130
679,160501,ลพบุรี,ท่าวุ้ง,ท่าวุ้ง,15150
680,160502,ลพบุรี,ท่าวุ้ง,บางคู้,15150
681,160503,ลพบุรี,ท่าวุ้ง,โพตลาดแก้ว,15150
682,160504,ลพบุรี,ท่าวุ้ง,บางลี่,15150
683,160505,ลพบุรี,ท่าวุ้ง,บางงา,15150
684,160506,ลพบุรี,ท่าวุ้ง,โคกสลุด,15150
685,160507,ลพบุรี,ท่าวุ้ง,เขาสมอคอน,15180
686,160508,ลพบุรี,ท่าวุ้ง,หัวสำโรง,15150
687,160509,ลพบุรี,ท่าวุ้ง,ลาดสาลี่,15150
688,160510,ลพบุรี,ท่าวุ้ง,บ้านเบิก,15150
689,160511,ลพบุรี,ท่าวุ้ง,มุจลินท์,15150
690,160601,ลพบุรี,บ้านหมี่,ไผ่ใหญ่,15110
691,160602,ลพบุรี,บ้านหมี่,บ้านทราย,15110
692,160603,ลพบุรี,บ้านหมี่,บ้านกล้วย,15110
693,160604,ลพบุรี,บ้านหมี่,ดงพลับ,15110
694,160605,ลพบุรี,บ้านหมี่,บ้านชี,15180
695,160606,ลพบุรี,บ้านหมี่,พุคา,15110
696,160607,ลพบุรี,บ้านหมี่,หินปัก,15110
697,160608,ลพบุรี,บ้านหมี่,บางพึ่ง,15110
698,160609,ลพบุรี,บ้านหมี่,หนองทรายขาว,15110
699,160610,ลพบุรี,บ้านหมี่,บางกะพี้,15110
700,160611,ลพบุรี,บ้านหมี่,หนองเต่า,15110
701,160612,ลพบุรี,บ้านหมี่,โพนทอง,15110
702,160613,ลพบุรี,บ้านหมี่,บางขาม,15180
703,160614,ลพบุรี,บ้านหมี่,ดอนดึง,15110
704,160615,ลพบุรี,บ้านหมี่,ชอนม่วง,15110
705,160616,ลพบุรี,บ้านหมี่,หนองกระเบียน,15110
706,160617,ลพบุรี,บ้านหมี่,สายห้วยแก้ว,15110
707,160618,ลพบุรี,บ้านหมี่,มหาสอน,15110
708,160619,ลพบุรี,บ้านหมี่,บ้านหมี่,15110
709,160620,ลพบุรี,บ้านหมี่,เชียงงา,15110
710,160621,ลพบุรี,บ้านหมี่,หนองเมือง,15110
711,160622,ลพบุรี,บ้านหมี่,สนามแจง,15110
712,160701,ลพบุรี,ท่าหลวง,ท่าหลวง,15230
713,160702,ลพบุรี,ท่าหลวง,แก่งผักกูด,15230
714,160703,ลพบุรี,ท่าหลวง,ซับจำปา,15230
715,160704,ลพบุรี,ท่าหลวง,หนองผักแว่น,15230
716,160705,ลพบุรี,ท่าหลวง,ทะเลวังวัด,15230
717,160706,ลพบุรี,ท่าหลวง,หัวลำ,15230
718,160801,ลพบุรี,สระโบสถ์,สระโบสถ์,15240
719,160802,ลพบุรี,สระโบสถ์,มหาโพธิ,15240
720,160803,ลพบุรี,สระโบสถ์,ทุ่งท่าช้าง,15240
721,160804,ลพบุรี,สระโบสถ์,ห้วยใหญ่,15240
722,160805,ลพบุรี,สระโบสถ์,นิยมชัย,15240
723,160901,ลพบุรี,โคกเจริญ,โคกเจริญ,15250
724,160902,ลพบุรี,โคกเจริญ,ยางราก,15250
725,160903,ลพบุรี,โคกเจริญ,หนองมะค่า,15250
726,160904,ลพบุรี,โคกเจริญ,วังทอง,15250
727,160905,ลพบุรี,โคกเจริญ,โคกแสมสาร,15250
728,161001,ลพบุรี,ลำสนธิ,ลำสนธิ,15190
729,161002,ลพบุรี,ลำสนธิ,ซับสมบูรณ์,15190
730,161003,ลพบุรี,ลำสนธิ,หนองรี,15190
731,161004,ลพบุรี,ลำสนธิ,กุดตาเพชร,15190
732,161005,ลพบุรี,ลำสนธิ,เขารวก,15190
733,161006,ลพบุรี,ลำสนธิ,เขาน้อย,15130
734,161101,ลพบุรี,หนองม่วง,หนองม่วง,15170
735,161102,ลพบุรี,หนองม่วง,บ่อทอง,15170
736,161103,ลพบุรี,หนองม่วง,ดงดินแดง,15170
737,161104,ลพบุรี,หนองม่วง,ชอนสมบูรณ์,15170
738,161105,ลพบุรี,หนองม่วง,ยางโทน,15170
739,161106,ลพบุรี,หนองม่วง,ชอนสารเดช,15170
740,170101,สิงห์บุรี,เมืองสิงห์บุรี,บางพุทรา,16000
741,170102,สิงห์บุรี,เมืองสิงห์บุรี,บางมัญ,16000
742,170103,สิงห์บุรี,เมืองสิงห์บุรี,โพกรวม,16000
743,170104,สิงห์บุรี,เมืองสิงห์บุรี,ม่วงหมู่,16000
744,170105,สิงห์บุรี,เมืองสิงห์บุรี,หัวไผ่,16000
745,170106,สิงห์บุรี,เมืองสิงห์บุรี,ต้นโพธิ์,16000
746,170107,สิงห์บุรี,เมืองสิงห์บุรี,จักรสีห์,16000
747,170108,สิงห์บุรี,เมืองสิงห์บุรี,บางกระบือ,16000
748,170201,สิงห์บุรี,บางระจัน,สิงห์,16130
749,170202,สิงห์บุรี,บางระจัน,ไม้ดัด,16130
750,170203,สิงห์บุรี,บางระจัน,เชิงกลัด,16130
751,170204,สิงห์บุรี,บางระจัน,โพชนไก่,16130
752,170205,สิงห์บุรี,บางระจัน,แม่ลา,16130
753,170206,สิงห์บุรี,บางระจัน,บ้านจ่า,16130
754,170207,สิงห์บุรี,บางระจัน,พักทัน,16130
755,170208,สิงห์บุรี,บางระจัน,สระแจง,16130
756,170301,สิงห์บุรี,ค่ายบางระจัน,โพทะเล,16150
757,170302,สิงห์บุรี,ค่ายบางระจัน,บางระจัน,16150
758,170303,สิงห์บุรี,ค่ายบางระจัน,โพสังโฆ,16150
759,170304,สิงห์บุรี,ค่ายบางระจัน,ท่าข้าม,16150
760,170305,สิงห์บุรี,ค่ายบางระจัน,คอทราย,16150
761,170306,สิงห์บุรี,ค่ายบางระจัน,หนองกระทุ่ม,16150
762,170401,สิงห์บุรี,พรหมบุรี,พระงาม,16120
763,170402,สิงห์บุรี,พรหมบุรี,พรหมบุรี,16160
764,170403,สิงห์บุรี,พรหมบุรี,บางน้ำเชี่ยว,16120
765,170404,สิงห์บุรี,พรหมบุรี,บ้านหม้อ,16120
766,170405,สิงห์บุรี,พรหมบุรี,บ้านแป้ง,16120
767,170406,สิงห์บุรี,พรหมบุรี,หัวป่า,16120
768,170407,สิงห์บุรี,พรหมบุรี,โรงช้าง,16120
769,170501,สิงห์บุรี,ท่าช้าง,ถอนสมอ,16140
770,170502,สิงห์บุรี,ท่าช้าง,โพประจักษ์,16140
771,170503,สิงห์บุรี,ท่าช้าง,วิหารขาว,16140
772,170504,สิงห์บุรี,ท่าช้าง,พิกุลทอง,16140
773,170601,สิงห์บุรี,อินทร์บุรี,อินทร์บุรี,16110
774,170602,สิงห์บุรี,อินทร์บุรี,ประศุก,16110
775,170603,สิงห์บุรี,อินทร์บุรี,ทับยา,16110
776,170604,สิงห์บุรี,อินทร์บุรี,งิ้วราย,16110
777,170605,สิงห์บุรี,อินทร์บุรี,ชีน้ำร้าย,16110
778,170606,สิงห์บุรี,อินทร์บุรี,ท่างาม,16110
779,170607,สิงห์บุรี,อินทร์บุรี,น้ำตาล,16110
780,170608,สิงห์บุรี,อินทร์บุรี,ทองเอน,16110
781,170609,สิงห์บุรี,อินทร์บุรี,ห้วยชัน,16110
782,170610,สิงห์บุรี,อินทร์บุรี,โพธิ์ชัย,16110
783,180101,ชัยนาท,เมืองชัยนาท,ในเมือง,17000
784,180102,ชัยนาท,เมืองชัยนาท,บ้านกล้วย,17000
785,180103,ชัยนาท,เมืองชัยนาท,ท่าชัย,17000
786,180104,ชัยนาท,เมืองชัยนาท,ชัยนาท,17000
787,180105,ชัยนาท,เมืองชัยนาท,เขาท่าพระ,17000
788,180106,ชัยนาท,เมืองชัยนาท,หาดท่าเสา,17000
789,180107,ชัยนาท,เมืองชัยนาท,ธรรมามูล,17000
790,180108,ชัยนาท,เมืองชัยนาท,เสือโฮก,17000
791,180109,ชัยนาท,เมืองชัยนาท,นางลือ,17000
792,180201,ชัยนาท,มโนรมย์,คุ้งสำเภา,17110
793,180202,ชัยนาท,มโนรมย์,วัดโคก,17110
794,180203,ชัยนาท,มโนรมย์,ศิลาดาน,17110
795,180204,ชัยนาท,มโนรมย์,ท่าฉนวน,17110
796,180205,ชัยนาท,มโนรมย์,หางน้ำสาคร,17170
797,180206,ชัยนาท,มโนรมย์,ไร่พัฒนา,17170
798,180207,ชัยนาท,มโนรมย์,อู่ตะเภา,17170
799,180301,ชัยนาท,วัดสิงห์,วัดสิงห์,17120
800,180302,ชัยนาท,วัดสิงห์,มะขามเฒ่า,17120
801,180303,ชัยนาท,วัดสิงห์,หนองน้อย,17120
802,180304,ชัยนาท,วัดสิงห์,หนองบัว,17120
803,180306,ชัยนาท,วัดสิงห์,หนองขุ่น,17120
804,180307,ชัยนาท,วัดสิงห์,บ่อแร่,17120
805,180311,ชัยนาท,วัดสิงห์,วังหมัน,17120
806,180401,ชัยนาท,สรรพยา,สรรพยา,17150
807,180402,ชัยนาท,สรรพยา,ตลุก,17150
808,180403,ชัยนาท,สรรพยา,เขาแก้ว,17150
809,180404,ชัยนาท,สรรพยา,โพนางดำตก,17150
810,180405,ชัยนาท,สรรพยา,โพนางดำออก,17150
811,180406,ชัยนาท,สรรพยา,บางหลวง,17150
812,180407,ชัยนาท,สรรพยา,หาดอาษา,17150
813,180501,ชัยนาท,สรรคบุรี,แพรกศรีราชา,17140
814,180502,ชัยนาท,สรรคบุรี,เที่ยงแท้,17140
815,180503,ชัยนาท,สรรคบุรี,ห้วยกรด,17140
816,180504,ชัยนาท,สรรคบุรี,โพงาม,17140
817,180505,ชัยนาท,สรรคบุรี,บางขุด,17140
818,180506,ชัยนาท,สรรคบุรี,ดงคอน,17140
819,180507,ชัยนาท,สรรคบุรี,ดอนกำ,17140
820,180508,ชัยนาท,สรรคบุรี,ห้วยกรดพัฒนา,17140
821,180601,ชัยนาท,หันคา,หันคา,17130
822,180602,ชัยนาท,หันคา,บ้านเชี่ยน,17130
823,180605,ชัยนาท,หันคา,ไพรนกยูง,17130
824,180606,ชัยนาท,หันคา,หนองแซง,17160
825,180607,ชัยนาท,หันคา,ห้วยงู,17160
826,180608,ชัยนาท,หันคา,วังไก่เถื่อน,17130
827,180609,ชัยนาท,หันคา,เด่นใหญ่,17130
828,180611,ชัยนาท,หันคา,สามง่ามท่าโบสถ์,17160
829,180701,ชัยนาท,หนองมะโมง,หนองมะโมง,17120
830,180702,ชัยนาท,หนองมะโมง,วังตะเคียน,17120
831,180703,ชัยนาท,หนองมะโมง,สะพานหิน,17120
832,180704,ชัยนาท,หนองมะโมง,กุดจอก,17120
833,180801,ชัยนาท,เนินขาม,เนินขาม,17130
834,180802,ชัยนาท,เนินขาม,กะบกเตี้ย,17130
835,180803,ชัยนาท,เนินขาม,สุขเดือนห้า,17130
836,190101,สระบุรี,เมืองสระบุรี,ปากเพรียว,18000
837,190105,สระบุรี,เมืองสระบุรี,ดาวเรือง,18000
838,190106,สระบุรี,เมืองสระบุรี,นาโฉง,18000
839,190107,สระบุรี,เมืองสระบุรี,โคกสว่าง,18000
840,190108,สระบุรี,เมืองสระบุรี,หนองโน,18000
841,190109,สระบุรี,เมืองสระบุรี,หนองยาว,18000
842,190110,สระบุรี,เมืองสระบุรี,ปากข้าวสาร,18000
843,190111,สระบุรี,เมืองสระบุรี,หนองปลาไหล,18000
844,190112,สระบุรี,เมืองสระบุรี,กุดนกเปล้า,18000
845,190113,สระบุรี,เมืองสระบุรี,ตลิ่งชัน,18000
846,190114,สระบุรี,เมืองสระบุรี,ตะกุด,18000
847,190201,สระบุรี,แก่งคอย,แก่งคอย,18110
848,190202,สระบุรี,แก่งคอย,ทับกวาง,18260
849,190203,สระบุรี,แก่งคอย,ตาลเดี่ยว,18110
850,190204,สระบุรี,แก่งคอย,ห้วยแห้ง,18110
851,190205,สระบุรี,แก่งคอย,ท่าคล้อ,18110
852,190206,สระบุรี,แก่งคอย,หินซ้อน,18110
853,190207,สระบุรี,แก่งคอย,บ้านธาตุ,18110
854,190208,สระบุรี,แก่งคอย,บ้านป่า,18110
855,190209,สระบุรี,แก่งคอย,ท่าตูม,18110
856,190210,สระบุรี,แก่งคอย,ชะอม,18110
857,190211,สระบุรี,แก่งคอย,สองคอน,18110
858,190212,สระบุรี,แก่งคอย,เตาปูน,18110
859,190213,สระบุรี,แก่งคอย,ชำผักแพว,18110
860,190215,สระบุรี,แก่งคอย,ท่ามะปราง,18110
861,190301,สระบุรี,หนองแค,หนองแค,18140
862,190302,สระบุรี,หนองแค,กุ่มหัก,18140
863,190303,สระบุรี,หนองแค,คชสิทธิ์,18250
864,190304,สระบุรี,หนองแค,โคกตูม,18250
865,190305,สระบุรี,หนองแค,โคกแย้,18230
866,190306,สระบุรี,หนองแค,บัวลอย,18230
867,190307,สระบุรี,หนองแค,ไผ่ต่ำ,18140
868,190308,สระบุรี,หนองแค,โพนทอง,18250
869,190309,สระบุรี,หนองแค,ห้วยขมิ้น,18230
870,190310,สระบุรี,หนองแค,ห้วยทราย,18230
871,190311,สระบุรี,หนองแค,หนองไข่น้ำ,18140
872,190312,สระบุรี,หนองแค,หนองแขม,18140
873,190313,สระบุรี,หนองแค,หนองจิก,18230
874,190314,สระบุรี,หนองแค,หนองจรเข้,18140
875,190315,สระบุรี,หนองแค,หนองนาก,18230
876,190316,สระบุรี,หนองแค,หนองปลาหมอ,18140
877,190317,สระบุรี,หนองแค,หนองปลิง,18140
878,190318,สระบุรี,หนองแค,หนองโรง,18140
879,190401,สระบุรี,วิหารแดง,หนองหมู,18150
880,190402,สระบุรี,วิหารแดง,บ้านลำ,18150
881,190403,สระบุรี,วิหารแดง,คลองเรือ,18150
882,190404,สระบุรี,วิหารแดง,วิหารแดง,18150
883,190405,สระบุรี,วิหารแดง,หนองสรวง,18150
884,190406,สระบุรี,วิหารแดง,เจริญธรรม,18150
885,190501,สระบุรี,หนองแซง,หนองแซง,18170
886,190502,สระบุรี,หนองแซง,หนองควายโซ,18170
887,190503,สระบุรี,หนองแซง,หนองหัวโพ,18170
888,190504,สระบุรี,หนองแซง,หนองสีดา,18170
889,190505,สระบุรี,หนองแซง,หนองกบ,18170
890,190506,สระบุรี,หนองแซง,ไก่เส่า,18170
891,190507,สระบุรี,หนองแซง,โคกสะอาด,18170
892,190508,สระบุรี,หนองแซง,ม่วงหวาน,18170
893,190509,สระบุรี,หนองแซง,เขาดิน,18170
894,190601,สระบุรี,บ้านหมอ,บ้านหมอ,18130
895,190602,สระบุรี,บ้านหมอ,บางโขมด,18130
896,190603,สระบุรี,บ้านหมอ,สร่างโศก,18130
897,190604,สระบุรี,บ้านหมอ,ตลาดน้อย,18130
898,190605,สระบุรี,บ้านหมอ,หรเทพ,18130
899,190606,สระบุรี,บ้านหมอ,โคกใหญ่,18130
900,190607,สระบุรี,บ้านหมอ,ไผ่ขวาง,18130
901,190608,สระบุรี,บ้านหมอ,บ้านครัว,18270
902,190609,สระบุรี,บ้านหมอ,หนองบัว,18130
903,190701,สระบุรี,ดอนพุด,ดอนพุด,18210
904,190702,สระบุรี,ดอนพุด,ไผ่หลิ่ว,18210
905,190703,สระบุรี,ดอนพุด,บ้านหลวง,18210
906,190704,สระบุรี,ดอนพุด,ดงตะงาว,18210
907,190801,สระบุรี,หนองโดน,หนองโดน,18190
908,190802,สระบุรี,หนองโดน,บ้านกลับ,18190
909,190803,สระบุรี,หนองโดน,ดอนทอง,18190
910,190804,สระบุรี,หนองโดน,บ้านโปร่ง,18190
911,190901,สระบุรี,พระพุทธบาท,พระพุทธบาท,18120
912,190902,สระบุรี,พระพุทธบาท,ขุนโขลน,18120
913,190903,สระบุรี,พระพุทธบาท,ธารเกษม,18120
914,190904,สระบุรี,พระพุทธบาท,นายาว,18120
915,190905,สระบุรี,พระพุทธบาท,พุคำจาน,18120
916,190906,สระบุรี,พระพุทธบาท,เขาวง,18120
917,190907,สระบุรี,พระพุทธบาท,ห้วยป่าหวาย,18120
918,190908,สระบุรี,พระพุทธบาท,พุกร่าง,18120
919,190909,สระบุรี,พระพุทธบาท,หนองแก,18120
920,191001,สระบุรี,เสาไห้,เสาไห้,18160
921,191002,สระบุรี,เสาไห้,บ้านยาง,18160
922,191003,สระบุรี,เสาไห้,หัวปลวก,18160
923,191004,สระบุรี,เสาไห้,งิ้วงาม,18160
924,191005,สระบุรี,เสาไห้,ศาลารีไทย,18160
925,191006,สระบุรี,เสาไห้,ต้นตาล,18160
926,191007,สระบุรี,เสาไห้,ท่าช้าง,18160
927,191008,สระบุรี,เสาไห้,พระยาทด,18160
928,191009,สระบุรี,เสาไห้,ม่วงงาม,18160
929,191010,สระบุรี,เสาไห้,เริงราง,18160
930,191011,สระบุรี,เสาไห้,เมืองเก่า,18160
931,191012,สระบุรี,เสาไห้,สวนดอกไม้,18160
932,191101,สระบุรี,มวกเหล็ก,มวกเหล็ก,18180
933,191102,สระบุรี,มวกเหล็ก,มิตรภาพ,18180
934,191104,สระบุรี,มวกเหล็ก,หนองย่างเสือ,18180
935,191105,สระบุรี,มวกเหล็ก,ลำสมพุง,18180
936,191107,สระบุรี,มวกเหล็ก,ลำพญากลาง,18180
937,191109,สระบุรี,มวกเหล็ก,ซับสนุ่น,18220
938,191201,สระบุรี,วังม่วง,แสลงพัน,18220
939,191202,สระบุรี,วังม่วง,คำพราน,18220
940,191203,สระบุรี,วังม่วง,วังม่วง,18220
941,191301,สระบุรี,เฉลิมพระเกียรติ,เขาดินพัฒนา,18000
942,191302,สระบุรี,เฉลิมพระเกียรติ,บ้านแก้ง,18000
943,191303,สระบุรี,เฉลิมพระเกียรติ,ผึ้งรวง,18000
944,191304,สระบุรี,เฉลิมพระเกียรติ,พุแค,18240
945,191305,สระบุรี,เฉลิมพระเกียรติ,ห้วยบง,18000
946,191306,สระบุรี,เฉลิมพระเกียรติ,หน้าพระลาน,18240
947,200101,ชลบุรี,เมืองชลบุรี,บางปลาสร้อย,20000
948,200102,ชลบุรี,เมืองชลบุรี,มะขามหย่ง,20000
949,200103,ชลบุรี,เมืองชลบุรี,บ้านโขด,20000
950,200104,ชลบุรี,เมืองชลบุรี,แสนสุข,20000
951,200105,ชลบุรี,เมืองชลบุรี,บ้านสวน,20000
952,200106,ชลบุรี,เมืองชลบุรี,หนองรี,20000
953,200107,ชลบุรี,เมืองชลบุรี,นาป่า,20000
954,200108,ชลบุรี,เมืองชลบุรี,หนองข้างคอก,20000
955,200109,ชลบุรี,เมืองชลบุรี,ดอนหัวฬ่อ,20000
956,200110,ชลบุรี,เมืองชลบุรี,หนองไม้แดง,20000
957,200111,ชลบุรี,เมืองชลบุรี,บางทราย,20000
958,200112,ชลบุรี,เมืองชลบุรี,คลองตำหรุ,20000
959,200113,ชลบุรี,เมืองชลบุรี,เหมือง,20130
960,200114,ชลบุรี,เมืองชลบุรี,บ้านปึก,20130
961,200115,ชลบุรี,เมืองชลบุรี,ห้วยกะปิ,20000
962,200116,ชลบุรี,เมืองชลบุรี,เสม็ด,20130
963,200117,ชลบุรี,เมืองชลบุรี,อ่างศิลา,20000
964,200118,ชลบุรี,เมืองชลบุรี,สำนักบก,20000
965,200201,ชลบุรี,บ้านบึง,บ้านบึง,20170
966,200202,ชลบุรี,บ้านบึง,คลองกิ่ว,20220
967,200203,ชลบุรี,บ้านบึง,มาบไผ่,20170
968,200204,ชลบุรี,บ้านบึง,หนองซ้ำซาก,20170
969,200205,ชลบุรี,บ้านบึง,หนองบอนแดง,20170
970,200206,ชลบุรี,บ้านบึง,หนองชาก,20170
971,200207,ชลบุรี,บ้านบึง,หนองอิรุณ,20220
972,200208,ชลบุรี,บ้านบึง,หนองไผ่แก้ว,20220
973,200301,ชลบุรี,หนองใหญ่,หนองใหญ่,20190
974,200302,ชลบุรี,หนองใหญ่,คลองพลู,20190
975,200303,ชลบุรี,หนองใหญ่,หนองเสือช้าง,20190
976,200304,ชลบุรี,หนองใหญ่,ห้างสูง,20190
977,200305,ชลบุรี,หนองใหญ่,เขาซก,20190
978,200401,ชลบุรี,บางละมุง,บางละมุง,20150
979,200402,ชลบุรี,บางละมุง,หนองปรือ,20150
980,200403,ชลบุรี,บางละมุง,หนองปลาไหล,20150
981,200404,ชลบุรี,บางละมุง,โป่ง,20150
982,200405,ชลบุรี,บางละมุง,เขาไม้แก้ว,20150
983,200406,ชลบุรี,บางละมุง,ห้วยใหญ่,20150
984,200407,ชลบุรี,บางละมุง,ตะเคียนเตี้ย,20150
985,200408,ชลบุรี,บางละมุง,นาเกลือ,20150
986,200501,ชลบุรี,พานทอง,พานทอง,20160
987,200502,ชลบุรี,พานทอง,หนองตำลึง,20160
988,200503,ชลบุรี,พานทอง,มาบโป่ง,20160
989,200504,ชลบุรี,พานทอง,หนองกะขะ,20160
990,200505,ชลบุรี,พานทอง,หนองหงษ์,20160
991,200506,ชลบุรี,พานทอง,โคกขี้หนอน,20160
992,200507,ชลบุรี,พานทอง,บ้านเก่า,20160
993,200508,ชลบุรี,พานทอง,หน้าประดู่,20160
994,200509,ชลบุรี,พานทอง,บางนาง,20160
995,200510,ชลบุรี,พานทอง,เกาะลอย,20160
996,200511,ชลบุรี,พานทอง,บางหัก,20160
997,200601,ชลบุรี,พนัสนิคม,พนัสนิคม,20140
998,200602,ชลบุรี,พนัสนิคม,หน้าพระธาตุ,20140
999,200603,ชลบุรี,พนัสนิคม,วัดหลวง,20140
1000,200604,ชลบุรี,พนัสนิคม,บ้านเซิด,20140
1001,200605,ชลบุรี,พนัสนิคม,นาเริก,20140
1002,200606,ชลบุรี,พนัสนิคม,หมอนนาง,20140
1003,200607,ชลบุรี,พนัสนิคม,สระสี่เหลี่ยม,20140
1004,200608,ชลบุรี,พนัสนิคม,วัดโบสถ์,20140
1005,200609,ชลบุรี,พนัสนิคม,กุฎโง้ง,20140
1006,200610,ชลบุรี,พนัสนิคม,หัวถนน,20140
1007,200611,ชลบุรี,พนัสนิคม,ท่าข้าม,20140
1008,200613,ชลบุรี,พนัสนิคม,หนองปรือ,20140
1009,200614,ชลบุรี,พนัสนิคม,หนองขยาด,20140
1010,200615,ชลบุรี,พนัสนิคม,ทุ่งขวาง,20140
1011,200616,ชลบุรี,พนัสนิคม,หนองเหียง,20140
1012,200617,ชลบุรี,พนัสนิคม,นาวังหิน,20140
1013,200618,ชลบุรี,พนัสนิคม,บ้านช้าง,20140
1014,200620,ชลบุรี,พนัสนิคม,โคกเพลาะ,20140
1015,200621,ชลบุรี,พนัสนิคม,ไร่หลักทอง,20140
1016,200622,ชลบุรี,พนัสนิคม,นามะตูม,20140
1017,200701,ชลบุรี,ศรีราชา,ศรีราชา,20110
1018,200702,ชลบุรี,ศรีราชา,สุรศักดิ์,20110
1019,200703,ชลบุรี,ศรีราชา,ทุ่งสุขลา,20230
1020,200704,ชลบุรี,ศรีราชา,บึง,20230
1021,200705,ชลบุรี,ศรีราชา,หนองขาม,20110
1022,200706,ชลบุรี,ศรีราชา,เขาคันทรง,20110
1023,200707,ชลบุรี,ศรีราชา,บางพระ,20110
1024,200708,ชลบุรี,ศรีราชา,บ่อวิน,20230
1025,200801,ชลบุรี,เกาะสีชัง,ท่าเทววงษ์,20120
1026,200901,ชลบุรี,สัตหีบ,สัตหีบ,20180
1027,200902,ชลบุรี,สัตหีบ,นาจอมเทียน,20250
1028,200903,ชลบุรี,สัตหีบ,พลูตาหลวง,20180
1029,200904,ชลบุรี,สัตหีบ,บางเสร่,20250
1030,200905,ชลบุรี,สัตหีบ,แสมสาร,20180
1031,201001,ชลบุรี,บ่อทอง,บ่อทอง,20270
1032,201002,ชลบุรี,บ่อทอง,วัดสุวรรณ,20270
1033,201003,ชลบุรี,บ่อทอง,บ่อกวางทอง,20270
1034,201004,ชลบุรี,บ่อทอง,ธาตุทอง,20270
1035,201005,ชลบุรี,บ่อทอง,เกษตรสุวรรณ,20270
1036,201006,ชลบุรี,บ่อทอง,พลวงทอง,20270
1037,201101,ชลบุรี,เกาะจันทร์,เกาะจันทร์,20240
1038,201102,ชลบุรี,เกาะจันทร์,ท่าบุญมี,20240
1039,210101,ระยอง,เมืองระยอง,ท่าประดู่,21000
1040,210102,ระยอง,เมืองระยอง,เชิงเนิน,21000
1041,210103,ระยอง,เมืองระยอง,ตะพง,21000
1042,210104,ระยอง,เมืองระยอง,ปากน้ำ,21000
1043,210105,ระยอง,เมืองระยอง,เพ,21160
1044,210106,ระยอง,เมืองระยอง,แกลง,21160
1045,210107,ระยอง,เมืองระยอง,บ้านแลง,21000
1046,210108,ระยอง,เมืองระยอง,นาตาขวัญ,21000
1047,210109,ระยอง,เมืองระยอง,เนินพระ,21000
1048,210110,ระยอง,เมืองระยอง,กะเฉด,21100
1049,210111,ระยอง,เมืองระยอง,ทับมา,21000
1050,210112,ระยอง,เมืองระยอง,น้ำคอก,21000
1051,210113,ระยอง,เมืองระยอง,ห้วยโป่ง,21150
1052,210114,ระยอง,เมืองระยอง,มาบตาพุด,21150
1053,210115,ระยอง,เมืองระยอง,สำนักทอง,21100
1054,210201,ระยอง,บ้านฉาง,สำนักท้อน,21130
1055,210202,ระยอง,บ้านฉาง,พลา,21130
1056,210203,ระยอง,บ้านฉาง,บ้านฉาง,21130
1057,210301,ระยอง,แกลง,ทางเกวียน,21110
1058,210302,ระยอง,แกลง,วังหว้า,21110
1059,210303,ระยอง,แกลง,ชากโดน,21110
1060,210304,ระยอง,แกลง,เนินฆ้อ,21110
1061,210305,ระยอง,แกลง,กร่ำ,21190
1062,210306,ระยอง,แกลง,ชากพง,21190
1063,210307,ระยอง,แกลง,กระแสบน,21110
1064,210308,ระยอง,แกลง,บ้านนา,21110
1065,210309,ระยอง,แกลง,ทุ่งควายกิน,21110
1066,210310,ระยอง,แกลง,กองดิน,22160
1067,210311,ระยอง,แกลง,คลองปูน,21170
1068,210312,ระยอง,แกลง,พังราด,21110
1069,210313,ระยอง,แกลง,ปากน้ำกระแส,21170
1070,210317,ระยอง,แกลง,ห้วยยาง,21110
1071,210318,ระยอง,แกลง,สองสลึง,21110
1072,210401,ระยอง,วังจันทร์,วังจันทร์,21210
1073,210402,ระยอง,วังจันทร์,ชุมแสง,21210
1074,210403,ระยอง,วังจันทร์,ป่ายุบใน,21210
1075,210404,ระยอง,วังจันทร์,พลงตาเอี่ยม,21210
1076,210501,ระยอง,บ้านค่าย,บ้านค่าย,21120
1077,210502,ระยอง,บ้านค่าย,หนองละลอก,21120
1078,210503,ระยอง,บ้านค่าย,หนองตะพาน,21120
1079,210504,ระยอง,บ้านค่าย,ตาขัน,21120
1080,210505,ระยอง,บ้านค่าย,บางบุตร,21120
1081,210506,ระยอง,บ้านค่าย,หนองบัว,21120
1082,210507,ระยอง,บ้านค่าย,ชากบก,21120
1083,210601,ระยอง,ปลวกแดง,ปลวกแดง,21140
1084,210602,ระยอง,ปลวกแดง,ตาสิทธิ์,21140
1085,210603,ระยอง,ปลวกแดง,ละหาร,21140
1086,210604,ระยอง,ปลวกแดง,แม่น้ำคู้,21140
1087,210605,ระยอง,ปลวกแดง,มาบยางพร,21140
1088,210606,ระยอง,ปลวกแดง,หนองไร่,21140
1089,210701,ระยอง,เขาชะเมา,น้ำเป็น,21110
1090,210702,ระยอง,เขาชะเมา,ห้วยทับมอญ,21110
1091,210703,ระยอง,เขาชะเมา,ชำฆ้อ,21110
1092,210704,ระยอง,เขาชะเมา,เขาน้อย,21110
1093,210801,ระยอง,นิคมพัฒนา,นิคมพัฒนา,21180
1094,210802,ระยอง,นิคมพัฒนา,มาบข่า,21180
1095,210803,ระยอง,นิคมพัฒนา,พนานิคม,21180
1096,210804,ระยอง,นิคมพัฒนา,มะขามคู่,21180
1097,220101,จันทบุรี,เมืองจันทบุรี,ตลาด,22000
1098,220102,จันทบุรี,เมืองจันทบุรี,วัดใหม่,22000
1099,220103,จันทบุรี,เมืองจันทบุรี,คลองนารายณ์,22000
1100,220104,จันทบุรี,เมืองจันทบุรี,เกาะขวาง,22000
1101,220105,จันทบุรี,เมืองจันทบุรี,คมบาง,22000
1102,220106,จันทบุรี,เมืองจันทบุรี,ท่าช้าง,22000
1103,220107,จันทบุรี,เมืองจันทบุรี,จันทนิมิต,22000
1104,220108,จันทบุรี,เมืองจันทบุรี,บางกะจะ,22000
1105,220109,จันทบุรี,เมืองจันทบุรี,แสลง,22000
1106,220110,จันทบุรี,เมืองจันทบุรี,หนองบัว,22000
1107,220111,จันทบุรี,เมืองจันทบุรี,พลับพลา,22000
1108,220201,จันทบุรี,ขลุง,ขลุง,22110
1109,220202,จันทบุรี,ขลุง,บ่อ,22110
1110,220203,จันทบุรี,ขลุง,เกวียนหัก,22110
1111,220204,จันทบุรี,ขลุง,ตะปอน,22110
1112,220205,จันทบุรี,ขลุง,บางชัน,22110
1113,220206,จันทบุรี,ขลุง,วันยาว,22110
1114,220207,จันทบุรี,ขลุง,ซึ้ง,22110
1115,220208,จันทบุรี,ขลุง,มาบไพ,22110
1116,220209,จันทบุรี,ขลุง,วังสรรพรส,22110
1117,220210,จันทบุรี,ขลุง,ตรอกนอง,22110
1118,220211,จันทบุรี,ขลุง,ตกพรม,22110
1119,220212,จันทบุรี,ขลุง,บ่อเวฬุ,22150
1120,220301,จันทบุรี,ท่าใหม่,ท่าใหม่,22120
1121,220302,จันทบุรี,ท่าใหม่,ยายร้า,22120
1122,220303,จันทบุรี,ท่าใหม่,สีพยา,22120
1123,220304,จันทบุรี,ท่าใหม่,บ่อพุ,22120
1124,220305,จันทบุรี,ท่าใหม่,พลอยแหวน,22120
1125,220306,จันทบุรี,ท่าใหม่,เขาวัว,22120
1126,220307,จันทบุรี,ท่าใหม่,เขาบายศรี,22120
1127,220308,จันทบุรี,ท่าใหม่,สองพี่น้อง,22120
1128,220309,จันทบุรี,ท่าใหม่,ทุ่งเบญจา,22170
1129,220311,จันทบุรี,ท่าใหม่,รำพัน,22170
1130,220312,จันทบุรี,ท่าใหม่,โขมง,22170
1131,220313,จันทบุรี,ท่าใหม่,ตะกาดเง้า,22120
1132,220314,จันทบุรี,ท่าใหม่,คลองขุด,22120
1133,220324,จันทบุรี,ท่าใหม่,เขาแก้ว,22170
1134,220401,จันทบุรี,โป่งน้ำร้อน,ทับไทร,22140
1135,220402,จันทบุรี,โป่งน้ำร้อน,โป่งน้ำร้อน,22140
1136,220404,จันทบุรี,โป่งน้ำร้อน,หนองตาคง,22140
1137,220409,จันทบุรี,โป่งน้ำร้อน,เทพนิมิต,22140
1138,220410,จันทบุรี,โป่งน้ำร้อน,คลองใหญ่,22140
1139,220501,จันทบุรี,มะขาม,มะขาม,22150
1140,220502,จันทบุรี,มะขาม,ท่าหลวง,22150
1141,220503,จันทบุรี,มะขาม,ปัถวี,22150
1142,220504,จันทบุรี,มะขาม,วังแซ้ม,22150
1143,220506,จันทบุรี,มะขาม,ฉมัน,22150
1144,220508,จันทบุรี,มะขาม,อ่างคีรี,22150
1145,220601,จันทบุรี,แหลมสิงห์,ปากน้ำแหลมสิงห์,22130
1146,220602,จันทบุรี,แหลมสิงห์,เกาะเปริด,22130
1147,220603,จันทบุรี,แหลมสิงห์,หนองชิ่ม,22130
1148,220604,จันทบุรี,แหลมสิงห์,พลิ้ว,22190
1149,220605,จันทบุรี,แหลมสิงห์,คลองน้ำเค็ม,22190
1150,220606,จันทบุรี,แหลมสิงห์,บางสระเก้า,22190
1151,220607,จันทบุรี,แหลมสิงห์,บางกะไชย,22120
1152,220701,จันทบุรี,สอยดาว,ปะตง,22180
1153,220702,จันทบุรี,สอยดาว,ทุ่งขนาน,22180
1154,220703,จันทบุรี,สอยดาว,ทับช้าง,22180
1155,220704,จันทบุรี,สอยดาว,ทรายขาว,22180
1156,220705,จันทบุรี,สอยดาว,สะตอน,22180
1157,220801,จันทบุรี,แก่งหางแมว,แก่งหางแมว,22160
1158,220802,จันทบุรี,แก่งหางแมว,ขุนซ่อง,22160
1159,220803,จันทบุรี,แก่งหางแมว,สามพี่น้อง,22160
1160,220804,จันทบุรี,แก่งหางแมว,พวา,22160
1161,220805,จันทบุรี,แก่งหางแมว,เขาวงกต,22160
1162,220901,จันทบุรี,นายายอาม,นายายอาม,22160
1163,220902,จันทบุรี,นายายอาม,วังโตนด,22170
1164,220903,จันทบุรี,นายายอาม,กระแจะ,22170
1165,220904,จันทบุรี,นายายอาม,สนามไชย,22170
1166,220905,จันทบุรี,นายายอาม,ช้างข้าม,22160
1167,220906,จันทบุรี,นายายอาม,วังใหม่,22170
1168,221001,จันทบุรี,เขาคิชฌกูฏ,ชากไทย,22210
1169,221002,จันทบุรี,เขาคิชฌกูฏ,พลวง,22210
1170,221003,จันทบุรี,เขาคิชฌกูฏ,ตะเคียนทอง,22210
1171,221004,จันทบุรี,เขาคิชฌกูฏ,คลองพลู,22210
1172,221005,จันทบุรี,เขาคิชฌกูฏ,จันทเขลม,22210
1173,230101,ตราด,เมืองตราด,บางพระ,23000
1174,230102,ตราด,เมืองตราด,หนองเสม็ด,23000
1175,230103,ตราด,เมืองตราด,หนองโสน,23000
1176,230104,ตราด,เมืองตราด,หนองคันทรง,23000
1177,230105,ตราด,เมืองตราด,ห้วงน้ำขาว,23000
1178,230106,ตราด,เมืองตราด,อ่าวใหญ่,23000
1179,230107,ตราด,เมืองตราด,วังกระแจะ,23000
1180,230108,ตราด,เมืองตราด,ห้วยแร้ง,23000
1181,230109,ตราด,เมืองตราด,เนินทราย,23000
1182,230110,ตราด,เมืองตราด,ท่าพริก,23000
1183,230111,ตราด,เมืองตราด,ท่ากุ่ม,23000
1184,230112,ตราด,เมืองตราด,ตะกาง,23000
1185,230113,ตราด,เมืองตราด,ชำราก,23000
1186,230114,ตราด,เมืองตราด,แหลมกลัด,23000
1187,230201,ตราด,คลองใหญ่,คลองใหญ่,23110
1188,230202,ตราด,คลองใหญ่,ไม้รูด,23110
1189,230203,ตราด,คลองใหญ่,หาดเล็ก,23110
1190,230301,ตราด,เขาสมิง,เขาสมิง,23130
1191,230302,ตราด,เขาสมิง,แสนตุ้ง,23150
1192,230303,ตราด,เขาสมิง,วังตะเคียน,23130
1193,230304,ตราด,เขาสมิง,ท่าโสม,23150
1194,230305,ตราด,เขาสมิง,สะตอ,23150
1195,230306,ตราด,เขาสมิง,ประณีต,23150
1196,230307,ตราด,เขาสมิง,เทพนิมิต,23150
1197,230308,ตราด,เขาสมิง,ทุ่งนนทรี,23130
1198,230401,ตราด,บ่อไร่,บ่อพลอย,23140
1199,230402,ตราด,บ่อไร่,ช้างทูน,23140
1200,230403,ตราด,บ่อไร่,ด่านชุมพล,23140
1201,230404,ตราด,บ่อไร่,หนองบอน,23140
1202,230405,ตราด,บ่อไร่,นนทรีย์,23140
1203,230501,ตราด,แหลมงอบ,แหลมงอบ,23120
1204,230502,ตราด,แหลมงอบ,น้ำเชี่ยว,23120
1205,230503,ตราด,แหลมงอบ,บางปิด,23120
1206,230507,ตราด,แหลมงอบ,คลองใหญ่,23120
1207,230601,ตราด,เกาะกูด,เกาะหมาก,23000
1208,230602,ตราด,เกาะกูด,เกาะกูด,23000
1209,230701,ตราด,เกาะช้าง,เกาะช้าง,23170
1210,230702,ตราด,เกาะช้าง,เกาะช้างใต้,23170
1211,240101,ฉะเชิงเทรา,เมืองฉะเชิงเทรา,หน้าเมือง,24000
1212,240102,ฉะเชิงเทรา,เมืองฉะเชิงเทรา,ท่าไข่,24000
1213,240103,ฉะเชิงเทรา,เมืองฉะเชิงเทรา,บ้านใหม่,24000
1214,240104,ฉะเชิงเทรา,เมืองฉะเชิงเทรา,คลองนา,24000
1215,240105,ฉะเชิงเทรา,เมืองฉะเชิงเทรา,บางตีนเป็ด,24000
1216,240106,ฉะเชิงเทรา,เมืองฉะเชิงเทรา,บางไผ่,24000
1217,240107,ฉะเชิงเทรา,เมืองฉะเชิงเทรา,คลองจุกกระเฌอ,24000
1218,240108,ฉะเชิงเทรา,เมืองฉะเชิงเทรา,บางแก้ว,24000
1219,240109,ฉะเชิงเทรา,เมืองฉะเชิงเทรา,บางขวัญ,24000
1220,240110,ฉะเชิงเทรา,เมืองฉะเชิงเทรา,คลองนครเนื่องเขต,24000
1221,240111,ฉะเชิงเทรา,เมืองฉะเชิงเทรา,วังตะเคียน,24000
1222,240112,ฉะเชิงเทรา,เมืองฉะเชิงเทรา,โสธร,24000
1223,240113,ฉะเชิงเทรา,เมืองฉะเชิงเทรา,บางพระ,24000
1224,240114,ฉะเชิงเทรา,เมืองฉะเชิงเทรา,บางกะไห,24000
1225,240115,ฉะเชิงเทรา,เมืองฉะเชิงเทรา,หนามแดง,24000
1226,240116,ฉะเชิงเทรา,เมืองฉะเชิงเทรา,คลองเปรง,24000
1227,240117,ฉะเชิงเทรา,เมืองฉะเชิงเทรา,คลองอุดมชลจร,24000
1228,240118,ฉะเชิงเทรา,เมืองฉะเชิงเทรา,คลองหลวงแพ่ง,24000
1229,240119,ฉะเชิงเทรา,เมืองฉะเชิงเทรา,บางเตย,24000
1230,240201,ฉะเชิงเทรา,บางคล้า,บางคล้า,24110
1231,240204,ฉะเชิงเทรา,บางคล้า,บางสวน,24110
1232,240208,ฉะเชิงเทรา,บางคล้า,บางกระเจ็ด,24110
1233,240209,ฉะเชิงเทรา,บางคล้า,ปากน้ำ,24110
1234,240210,ฉะเชิงเทรา,บางคล้า,ท่าทองหลาง,24110
1235,240211,ฉะเชิงเทรา,บางคล้า,สาวชะโงก,24110
1236,240212,ฉะเชิงเทรา,บางคล้า,เสม็ดเหนือ,24110
1237,240213,ฉะเชิงเทรา,บางคล้า,เสม็ดใต้,24110
1238,240214,ฉะเชิงเทรา,บางคล้า,หัวไทร,24110
1239,240301,ฉะเชิงเทรา,บางน้ำเปรี้ยว,บางน้ำเปรี้ยว,24150
1240,240302,ฉะเชิงเทรา,บางน้ำเปรี้ยว,บางขนาก,24150
1241,240303,ฉะเชิงเทรา,บางน้ำเปรี้ยว,สิงโตทอง,24150
1242,240304,ฉะเชิงเทรา,บางน้ำเปรี้ยว,หมอนทอง,24150
1243,240305,ฉะเชิงเทรา,บางน้ำเปรี้ยว,บึงน้ำรักษ์,24170
1244,240306,ฉะเชิงเทรา,บางน้ำเปรี้ยว,ดอนเกาะกา,24170
1245,240307,ฉะเชิงเทรา,บางน้ำเปรี้ยว,โยธะกา,24150
1246,240308,ฉะเชิงเทรา,บางน้ำเปรี้ยว,ดอนฉิมพลี,24170
1247,240309,ฉะเชิงเทรา,บางน้ำเปรี้ยว,ศาลาแดง,24000
1248,240310,ฉะเชิงเทรา,บางน้ำเปรี้ยว,โพรงอากาศ,24150
1249,240401,ฉะเชิงเทรา,บางปะกง,บางปะกง,24130
1250,240402,ฉะเชิงเทรา,บางปะกง,ท่าสะอ้าน,24130
1251,240403,ฉะเชิงเทรา,บางปะกง,บางวัว,24180
1252,240404,ฉะเชิงเทรา,บางปะกง,บางสมัคร,24180
1253,240405,ฉะเชิงเทรา,บางปะกง,บางผึ้ง,24130
1254,240406,ฉะเชิงเทรา,บางปะกง,บางเกลือ,24180
1255,240407,ฉะเชิงเทรา,บางปะกง,สองคลอง,24130
1256,240408,ฉะเชิงเทรา,บางปะกง,หนองจอก,24130
1257,240409,ฉะเชิงเทรา,บางปะกง,พิมพา,24130
1258,240410,ฉะเชิงเทรา,บางปะกง,ท่าข้าม,24130
1259,240411,ฉะเชิงเทรา,บางปะกง,หอมศีล,24180
1260,240412,ฉะเชิงเทรา,บางปะกง,เขาดิน,24130
1261,240501,ฉะเชิงเทรา,บ้านโพธิ์,บ้านโพธิ์,24140
1262,240502,ฉะเชิงเทรา,บ้านโพธิ์,เกาะไร่,24140
1263,240503,ฉะเชิงเทรา,บ้านโพธิ์,คลองขุด,24140
1264,240504,ฉะเชิงเทรา,บ้านโพธิ์,คลองบ้านโพธิ์,24140
1265,240505,ฉะเชิงเทรา,บ้านโพธิ์,คลองประเวศ,24140
1266,240506,ฉะเชิงเทรา,บ้านโพธิ์,ดอนทราย,24140
1267,240507,ฉะเชิงเทรา,บ้านโพธิ์,เทพราช,24140
1268,240508,ฉะเชิงเทรา,บ้านโพธิ์,ท่าพลับ,24140
1269,240509,ฉะเชิงเทรา,บ้านโพธิ์,หนองตีนนก,24140
1270,240510,ฉะเชิงเทรา,บ้านโพธิ์,หนองบัว,24140
1271,240511,ฉะเชิงเทรา,บ้านโพธิ์,บางซ่อน,24140
1272,240512,ฉะเชิงเทรา,บ้านโพธิ์,บางกรูด,24140
1273,240513,ฉะเชิงเทรา,บ้านโพธิ์,แหลมประดู่,24140
1274,240514,ฉะเชิงเทรา,บ้านโพธิ์,ลาดขวาง,24140
1275,240515,ฉะเชิงเทรา,บ้านโพธิ์,สนามจันทร์,24140
1276,240516,ฉะเชิงเทรา,บ้านโพธิ์,แสนภูดาษ,24140
1277,240517,ฉะเชิงเทรา,บ้านโพธิ์,สิบเอ็ดศอก,24140
1278,240601,ฉะเชิงเทรา,พนมสารคาม,เกาะขนุน,24120
1279,240602,ฉะเชิงเทรา,พนมสารคาม,บ้านซ่อง,24120
1280,240603,ฉะเชิงเทรา,พนมสารคาม,พนมสารคาม,24120
1281,240604,ฉะเชิงเทรา,พนมสารคาม,เมืองเก่า,24120
1282,240605,ฉะเชิงเทรา,พนมสารคาม,หนองยาว,24120
1283,240606,ฉะเชิงเทรา,พนมสารคาม,ท่าถ่าน,24120
1284,240607,ฉะเชิงเทรา,พนมสารคาม,หนองแหน,24120
1285,240608,ฉะเชิงเทรา,พนมสารคาม,เขาหินซ้อน,24120
1286,240701,ฉะเชิงเทรา,ราชสาส์น,บางคา,24120
1287,240702,ฉะเชิงเทรา,ราชสาส์น,เมืองใหม่,24120
1288,240703,ฉะเชิงเทรา,ราชสาส์น,ดงน้อย,24120
1289,240801,ฉะเชิงเทรา,สนามชัยเขต,คู้ยายหมี,24160
1290,240802,ฉะเชิงเทรา,สนามชัยเขต,ท่ากระดาน,24160
1291,240803,ฉะเชิงเทรา,สนามชัยเขต,ทุ่งพระยา,24160
1292,240805,ฉะเชิงเทรา,สนามชัยเขต,ลาดกระทิง,24160
1293,240901,ฉะเชิงเทรา,แปลงยาว,แปลงยาว,24190
1294,240902,ฉะเชิงเทรา,แปลงยาว,วังเย็น,24190
1295,240903,ฉะเชิงเทรา,แปลงยาว,หัวสำโรง,24190
1296,240904,ฉะเชิงเทรา,แปลงยาว,หนองไม้แก่น,24190
1297,241001,ฉะเชิงเทรา,ท่าตะเกียบ,ท่าตะเกียบ,24160
1298,241002,ฉะเชิงเทรา,ท่าตะเกียบ,คลองตะเกรา,24160
1299,241101,ฉะเชิงเทรา,คลองเขื่อน,ก้อนแก้ว,24000
1300,241102,ฉะเชิงเทรา,คลองเขื่อน,คลองเขื่อน,24000
1301,241103,ฉะเชิงเทรา,คลองเขื่อน,บางเล่า,24000
1302,241104,ฉะเชิงเทรา,คลองเขื่อน,บางโรง,24000
1303,241105,ฉะเชิงเทรา,คลองเขื่อน,บางตลาด,24110
1304,250101,ปราจีนบุรี,เมืองปราจีนบุรี,หน้าเมือง,25000
1305,250102,ปราจีนบุรี,เมืองปราจีนบุรี,รอบเมือง,25000
1306,250103,ปราจีนบุรี,เมืองปราจีนบุรี,วัดโบสถ์,25000
1307,250104,ปราจีนบุรี,เมืองปราจีนบุรี,บางเดชะ,25000
1308,250105,ปราจีนบุรี,เมืองปราจีนบุรี,ท่างาม,25000
1309,250106,ปราจีนบุรี,เมืองปราจีนบุรี,บางบริบูรณ์,25000
1310,250107,ปราจีนบุรี,เมืองปราจีนบุรี,ดงพระราม,25000
1311,250108,ปราจีนบุรี,เมืองปราจีนบุรี,บ้านพระ,25230
1312,250109,ปราจีนบุรี,เมืองปราจีนบุรี,โคกไม้ลาย,25230
1313,250110,ปราจีนบุรี,เมืองปราจีนบุรี,ไม้เค็ด,25230
1314,250111,ปราจีนบุรี,เมืองปราจีนบุรี,ดงขี้เหล็ก,25000
1315,250112,ปราจีนบุรี,เมืองปราจีนบุรี,เนินหอม,25230
1316,250113,ปราจีนบุรี,เมืองปราจีนบุรี,โนนห้อม,25000
1317,250201,ปราจีนบุรี,กบินทร์บุรี,กบินทร์,25110
1318,250202,ปราจีนบุรี,กบินทร์บุรี,เมืองเก่า,25240
1319,250203,ปราจีนบุรี,กบินทร์บุรี,วังดาล,25110
1320,250204,ปราจีนบุรี,กบินทร์บุรี,นนทรี,25110
1321,250205,ปราจีนบุรี,กบินทร์บุรี,ย่านรี,25110
1322,250206,ปราจีนบุรี,กบินทร์บุรี,วังตะเคียน,25110
1323,250207,ปราจีนบุรี,กบินทร์บุรี,หาดนางแก้ว,25110
1324,250208,ปราจีนบุรี,กบินทร์บุรี,ลาดตะเคียน,25110
1325,250209,ปราจีนบุรี,กบินทร์บุรี,บ้านนา,25110
1326,250210,ปราจีนบุรี,กบินทร์บุรี,บ่อทอง,25110
1327,250211,ปราจีนบุรี,กบินทร์บุรี,หนองกี่,25110
1328,250212,ปราจีนบุรี,กบินทร์บุรี,นาแขม,25110
1329,250213,ปราจีนบุรี,กบินทร์บุรี,เขาไม้แก้ว,25110
1330,250214,ปราจีนบุรี,กบินทร์บุรี,วังท่าช้าง,25110
1331,250301,ปราจีนบุรี,นาดี,นาดี,25220
1332,250302,ปราจีนบุรี,นาดี,สำพันตา,25220
1333,250303,ปราจีนบุรี,นาดี,สะพานหิน,25220
1334,250304,ปราจีนบุรี,นาดี,ทุ่งโพธิ์,25220
1335,250305,ปราจีนบุรี,นาดี,แก่งดินสอ,25220
1336,250306,ปราจีนบุรี,นาดี,บุพราหมณ์,25220
1337,250601,ปราจีนบุรี,บ้านสร้าง,บ้านสร้าง,25150
1338,250602,ปราจีนบุรี,บ้านสร้าง,บางกระเบา,25150
1339,250603,ปราจีนบุรี,บ้านสร้าง,บางเตย,25150
1340,250604,ปราจีนบุรี,บ้านสร้าง,บางยาง,25150
1341,250605,ปราจีนบุรี,บ้านสร้าง,บางแตน,25150
1342,250606,ปราจีนบุรี,บ้านสร้าง,บางพลวง,25150
1343,250607,ปราจีนบุรี,บ้านสร้าง,บางปลาร้า,25150
1344,250608,ปราจีนบุรี,บ้านสร้าง,บางขาม,25150
1345,250609,ปราจีนบุรี,บ้านสร้าง,กระทุ่มแพ้ว,25150
1346,250701,ปราจีนบุรี,ประจันตคาม,ประจันตคาม,25130
1347,250702,ปราจีนบุรี,ประจันตคาม,เกาะลอย,25130
1348,250703,ปราจีนบุรี,ประจันตคาม,บ้านหอย,25130
1349,250704,ปราจีนบุรี,ประจันตคาม,หนองแสง,25130
1350,250705,ปราจีนบุรี,ประจันตคาม,ดงบัง,25130
1351,250706,ปราจีนบุรี,ประจันตคาม,คำโตนด,25130
1352,250707,ปราจีนบุรี,ประจันตคาม,บุฝ้าย,25130
1353,250708,ปราจีนบุรี,ประจันตคาม,หนองแก้ว,25130
1354,250709,ปราจีนบุรี,ประจันตคาม,โพธิ์งาม,25130
1355,250801,ปราจีนบุรี,ศรีมหาโพธิ,ศรีมหาโพธิ,25140
1356,250802,ปราจีนบุรี,ศรีมหาโพธิ,สัมพันธ์,25140
1357,250803,ปราจีนบุรี,ศรีมหาโพธิ,บ้านทาม,25140
1358,250804,ปราจีนบุรี,ศรีมหาโพธิ,ท่าตูม,25140
1359,250805,ปราจีนบุรี,ศรีมหาโพธิ,บางกุ้ง,25140
1360,250806,ปราจีนบุรี,ศรีมหาโพธิ,ดงกระทงยาม,25140
1361,250807,ปราจีนบุรี,ศรีมหาโพธิ,หนองโพรง,25140
1362,250808,ปราจีนบุรี,ศรีมหาโพธิ,หัวหว้า,25140
1363,250809,ปราจีนบุรี,ศรีมหาโพธิ,หาดยาง,25140
1364,250810,ปราจีนบุรี,ศรีมหาโพธิ,กรอกสมบูรณ์,25140
1365,250901,ปราจีนบุรี,ศรีมโหสถ,โคกปีบ,25190
1366,250902,ปราจีนบุรี,ศรีมโหสถ,โคกไทย,25190
1367,250903,ปราจีนบุรี,ศรีมโหสถ,คู้ลำพัน,25190
1368,250904,ปราจีนบุรี,ศรีมโหสถ,ไผ่ชะเลือด,25190
1369,260101,นครนายก,เมืองนครนายก,นครนายก,26000
1370,260102,นครนายก,เมืองนครนายก,ท่าช้าง,26000
1371,260103,นครนายก,เมืองนครนายก,บ้านใหญ่,26000
1372,260104,นครนายก,เมืองนครนายก,วังกระโจม,26000
1373,260105,นครนายก,เมืองนครนายก,ท่าทราย,26000
1374,260106,นครนายก,เมืองนครนายก,ดอนยอ,26000
1375,260107,นครนายก,เมืองนครนายก,ศรีจุฬา,26000
1376,260108,นครนายก,เมืองนครนายก,ดงละคร,26000
1377,260109,นครนายก,เมืองนครนายก,ศรีนาวา,26000
1378,260110,นครนายก,เมืองนครนายก,สาริกา,26000
1379,260111,นครนายก,เมืองนครนายก,หินตั้ง,26000
1380,260112,นครนายก,เมืองนครนายก,เขาพระ,26000
1381,260113,นครนายก,เมืองนครนายก,พรหมณี,26000
7460,260114,นครนายก,เมืองนครนายก,พรมหมณี,26000
1382,260201,นครนายก,ปากพลี,เกาะหวาย,26130
1383,260202,นครนายก,ปากพลี,เกาะโพธิ์,26130
1384,260203,นครนายก,ปากพลี,ปากพลี,26130
1385,260204,นครนายก,ปากพลี,โคกกรวด,26130
1386,260205,นครนายก,ปากพลี,ท่าเรือ,26130
1387,260206,นครนายก,ปากพลี,หนองแสง,26130
1388,260207,นครนายก,ปากพลี,นาหินลาด,26130
1389,260301,นครนายก,บ้านนา,บ้านนา,26110
1390,260302,นครนายก,บ้านนา,บ้านพร้าว,26110
1391,260303,นครนายก,บ้านนา,บ้านพริก,26110
1392,260304,นครนายก,บ้านนา,อาษา,26110
1393,260305,นครนายก,บ้านนา,ทองหลาง,26110
1394,260306,นครนายก,บ้านนา,บางอ้อ,26110
1395,260307,นครนายก,บ้านนา,พิกุลออก,26110
1396,260308,นครนายก,บ้านนา,ป่าขะ,26110
1397,260309,นครนายก,บ้านนา,เขาเพิ่ม,26110
1398,260310,นครนายก,บ้านนา,ศรีกะอาง,26110
1399,260401,นครนายก,องครักษ์,พระอาจารย์,26120
1400,260402,นครนายก,องครักษ์,บึงศาล,26120
1401,260403,นครนายก,องครักษ์,ศีรษะกระบือ,26120
1402,260404,นครนายก,องครักษ์,โพธิ์แทน,26120
1403,260405,นครนายก,องครักษ์,บางสมบูรณ์,26120
1404,260406,นครนายก,องครักษ์,ทรายมูล,26120
1405,260407,นครนายก,องครักษ์,บางปลากด,26120
1406,260408,นครนายก,องครักษ์,บางลูกเสือ,26120
1407,260409,นครนายก,องครักษ์,องครักษ์,26120
1408,260410,นครนายก,องครักษ์,ชุมพล,26120
1409,260411,นครนายก,องครักษ์,คลองใหญ่,26120
1410,270101,สระแก้ว,เมืองสระแก้ว,สระแก้ว,27000
1411,270102,สระแก้ว,เมืองสระแก้ว,บ้านแก้ง,27000
1412,270103,สระแก้ว,เมืองสระแก้ว,ศาลาลำดวน,27000
1413,270104,สระแก้ว,เมืองสระแก้ว,โคกปี่ฆ้อง,27000
1414,270105,สระแก้ว,เมืองสระแก้ว,ท่าแยก,27000
1415,270106,สระแก้ว,เมืองสระแก้ว,ท่าเกษม,27000
1416,270108,สระแก้ว,เมืองสระแก้ว,สระขวัญ,27000
1417,270111,สระแก้ว,เมืองสระแก้ว,หนองบอน,27000
1418,270201,สระแก้ว,คลองหาด,คลองหาด,27260
1419,270202,สระแก้ว,คลองหาด,ไทยอุดม,27260
1420,270203,สระแก้ว,คลองหาด,ซับมะกรูด,27260
1421,270204,สระแก้ว,คลองหาด,ไทรเดี่ยว,27260
1422,270205,สระแก้ว,คลองหาด,คลองไก่เถื่อน,27260
1423,270206,สระแก้ว,คลองหาด,เบญจขร,27260
1424,270207,สระแก้ว,คลองหาด,ไทรทอง,27260
1425,270301,สระแก้ว,ตาพระยา,ตาพระยา,27180
1426,270302,สระแก้ว,ตาพระยา,ทัพเสด็จ,27180
1427,270306,สระแก้ว,ตาพระยา,ทัพราช,27180
1428,270307,สระแก้ว,ตาพระยา,ทัพไทย,27180
1429,270309,สระแก้ว,ตาพระยา,โคคลาน,27180
1430,270401,สระแก้ว,วังน้ำเย็น,วังน้ำเย็น,27210
1431,270403,สระแก้ว,วังน้ำเย็น,ตาหลังใน,27210
1432,270405,สระแก้ว,วังน้ำเย็น,คลองหินปูน,27210
1433,270406,สระแก้ว,วังน้ำเย็น,ทุ่งมหาเจริญ,27210
1434,270501,สระแก้ว,วัฒนานคร,วัฒนานคร,27160
1435,270502,สระแก้ว,วัฒนานคร,ท่าเกวียน,27160
1436,270503,สระแก้ว,วัฒนานคร,ผักขะ,27160
1437,270504,สระแก้ว,วัฒนานคร,โนนหมากเค็ง,27160
1438,270505,สระแก้ว,วัฒนานคร,หนองน้ำใส,27160
1439,270506,สระแก้ว,วัฒนานคร,ช่องกุ่ม,27160
1440,270507,สระแก้ว,วัฒนานคร,หนองแวง,27160
1441,270508,สระแก้ว,วัฒนานคร,แซร์ออ,27160
1442,270509,สระแก้ว,วัฒนานคร,หนองหมากฝ้าย,27160
1443,270510,สระแก้ว,วัฒนานคร,หนองตะเคียนบอน,27160
1444,270511,สระแก้ว,วัฒนานคร,ห้วยโจด,27160
1445,270601,สระแก้ว,อรัญประเทศ,อรัญประเทศ,27120
1446,270602,สระแก้ว,อรัญประเทศ,เมืองไผ่,27120
1447,270603,สระแก้ว,อรัญประเทศ,หันทราย,27120
1448,270604,สระแก้ว,อรัญประเทศ,คลองน้ำใส,27120
1449,270605,สระแก้ว,อรัญประเทศ,ท่าข้าม,27120
1450,270606,สระแก้ว,อรัญประเทศ,ป่าไร่,27120
1451,270607,สระแก้ว,อรัญประเทศ,ทับพริก,27120
1452,270608,สระแก้ว,อรัญประเทศ,บ้านใหม่หนองไทร,27120
1453,270609,สระแก้ว,อรัญประเทศ,ผ่านศึก,27120
1454,270610,สระแก้ว,อรัญประเทศ,หนองสังข์,27120
1455,270611,สระแก้ว,อรัญประเทศ,คลองทับจันทร์,27120
1456,270612,สระแก้ว,อรัญประเทศ,ฟากห้วย,27120
1457,270613,สระแก้ว,อรัญประเทศ,บ้านด่าน,27120
1458,270701,สระแก้ว,เขาฉกรรจ์,เขาฉกรรจ์,27000
1459,270702,สระแก้ว,เขาฉกรรจ์,หนองหว้า,27000
1460,270703,สระแก้ว,เขาฉกรรจ์,พระเพลิง,27000
1461,270704,สระแก้ว,เขาฉกรรจ์,เขาสามสิบ,27000
1462,270801,สระแก้ว,โคกสูง,โคกสูง,27120
1463,270802,สระแก้ว,โคกสูง,หนองม่วง,27180
1464,270803,สระแก้ว,โคกสูง,หนองแวง,27180
1465,270804,สระแก้ว,โคกสูง,โนนหมากมุ่น,27120
1466,270901,สระแก้ว,วังสมบูรณ์,วังสมบูรณ์,27250
1467,270902,สระแก้ว,วังสมบูรณ์,วังใหม่,27250
1468,270903,สระแก้ว,วังสมบูรณ์,วังทอง,27250
1469,300101,นครราชสีมา,เมืองนครราชสีมา,ในเมือง,30000
1470,300102,นครราชสีมา,เมืองนครราชสีมา,โพธิ์กลาง,30000
1471,300103,นครราชสีมา,เมืองนครราชสีมา,หนองจะบก,30000
1472,300104,นครราชสีมา,เมืองนครราชสีมา,โคกสูง,30310
1473,300105,นครราชสีมา,เมืองนครราชสีมา,มะเริง,30000
1474,300106,นครราชสีมา,เมืองนครราชสีมา,หนองระเวียง,30000
1475,300107,นครราชสีมา,เมืองนครราชสีมา,ปรุใหญ่,30000
1476,300108,นครราชสีมา,เมืองนครราชสีมา,หมื่นไวย,30000
1477,300109,นครราชสีมา,เมืองนครราชสีมา,พลกรัง,30000
1478,300110,นครราชสีมา,เมืองนครราชสีมา,หนองไผ่ล้อม,30000
1479,300111,นครราชสีมา,เมืองนครราชสีมา,หัวทะเล,30000
1480,300112,นครราชสีมา,เมืองนครราชสีมา,บ้านเกาะ,30000
1481,300113,นครราชสีมา,เมืองนครราชสีมา,บ้านใหม่,30000
1482,300114,นครราชสีมา,เมืองนครราชสีมา,พุดซา,30000
1483,300115,นครราชสีมา,เมืองนครราชสีมา,บ้านโพธิ์,30310
1484,300116,นครราชสีมา,เมืองนครราชสีมา,จอหอ,30310
1485,300117,นครราชสีมา,เมืองนครราชสีมา,โคกกรวด,30280
1486,300118,นครราชสีมา,เมืองนครราชสีมา,ไชยมงคล,30000
1487,300119,นครราชสีมา,เมืองนครราชสีมา,หนองบัวศาลา,30000
1488,300120,นครราชสีมา,เมืองนครราชสีมา,สุรนารี,30000
1489,300121,นครราชสีมา,เมืองนครราชสีมา,สีมุม,30000
1490,300122,นครราชสีมา,เมืองนครราชสีมา,ตลาด,30310
1491,300123,นครราชสีมา,เมืองนครราชสีมา,พะเนา,30000
1492,300124,นครราชสีมา,เมืองนครราชสีมา,หนองกระทุ่ม,30000
1493,300125,นครราชสีมา,เมืองนครราชสีมา,หนองไข่น้ำ,30310
1494,300201,นครราชสีมา,ครบุรี,แชะ,30250
1495,300202,นครราชสีมา,ครบุรี,เฉลียง,30250
1496,300203,นครราชสีมา,ครบุรี,ครบุรี,30250
1497,300204,นครราชสีมา,ครบุรี,โคกกระชาย,30250
1498,300205,นครราชสีมา,ครบุรี,จระเข้หิน,30250
1499,300206,นครราชสีมา,ครบุรี,มาบตะโกเอน,30250
1500,300207,นครราชสีมา,ครบุรี,อรพิมพ์,30250
1501,300208,นครราชสีมา,ครบุรี,บ้านใหม่,30250
1502,300209,นครราชสีมา,ครบุรี,ลำเพียก,30250
1503,300210,นครราชสีมา,ครบุรี,ครบุรีใต้,30250
1504,300211,นครราชสีมา,ครบุรี,ตะแบกบาน,30250
1505,300212,นครราชสีมา,ครบุรี,สระว่านพระยา,30250
1506,300301,นครราชสีมา,เสิงสาง,เสิงสาง,30330
1507,300302,นครราชสีมา,เสิงสาง,สระตะเคียน,30330
1508,300303,นครราชสีมา,เสิงสาง,โนนสมบูรณ์,30330
1509,300304,นครราชสีมา,เสิงสาง,กุดโบสถ์,30330
1510,300305,นครราชสีมา,เสิงสาง,สุขไพบูลย์,30330
1511,300306,นครราชสีมา,เสิงสาง,บ้านราษฎร์,30330
1512,300401,นครราชสีมา,คง,เมืองคง,30260
1513,300402,นครราชสีมา,คง,คูขาด,30260
1514,300403,นครราชสีมา,คง,เทพาลัย,30260
1515,300404,นครราชสีมา,คง,ตาจั่น,30260
1516,300405,นครราชสีมา,คง,บ้านปรางค์,30260
1517,300406,นครราชสีมา,คง,หนองมะนาว,30260
1518,300407,นครราชสีมา,คง,หนองบัว,30260
1519,300408,นครราชสีมา,คง,โนนเต็ง,30260
1520,300409,นครราชสีมา,คง,ดอนใหญ่,30260
1521,300410,นครราชสีมา,คง,ขามสมบูรณ์,30260
1522,300501,นครราชสีมา,บ้านเหลื่อม,บ้านเหลื่อม,30350
1523,300502,นครราชสีมา,บ้านเหลื่อม,วังโพธิ์,30350
1524,300503,นครราชสีมา,บ้านเหลื่อม,โคกกระเบื้อง,30350
1525,300504,นครราชสีมา,บ้านเหลื่อม,ช่อระกา,30350
1526,300601,นครราชสีมา,จักราช,จักราช,30230
1527,300602,นครราชสีมา,จักราช,ท่าช้าง,30230
1528,300603,นครราชสีมา,จักราช,ทองหลาง,30230
1529,300604,นครราชสีมา,จักราช,สีสุก,30230
1530,300605,นครราชสีมา,จักราช,หนองขาม,30230
1531,300606,นครราชสีมา,จักราช,หนองงูเหลือม,30230
1532,300607,นครราชสีมา,จักราช,หนองพลวง,30230
1533,300608,นครราชสีมา,จักราช,หนองยาง,30230
1534,300609,นครราชสีมา,จักราช,พระพุทธ,30230
1535,300610,นครราชสีมา,จักราช,ศรีละกอ,30230
1536,300611,นครราชสีมา,จักราช,คลองเมือง,30230
1537,300612,นครราชสีมา,จักราช,ช้างทอง,30230
1538,300613,นครราชสีมา,จักราช,หินโคน,30230
1539,300701,นครราชสีมา,โชคชัย,กระโทก,30190
1540,300702,นครราชสีมา,โชคชัย,พลับพลา,30190
1541,300703,นครราชสีมา,โชคชัย,ท่าอ่าง,30190
1542,300704,นครราชสีมา,โชคชัย,ทุ่งอรุณ,30190
1543,300705,นครราชสีมา,โชคชัย,ท่าลาดขาว,30190
1544,300706,นครราชสีมา,โชคชัย,ท่าจะหลุง,30190
1545,300707,นครราชสีมา,โชคชัย,ท่าเยี่ยม,30190
1546,300708,นครราชสีมา,โชคชัย,โชคชัย,30190
1547,300709,นครราชสีมา,โชคชัย,ละลมใหม่พัฒนา,30190
1548,300710,นครราชสีมา,โชคชัย,ด่านเกวียน,30190
1549,300801,นครราชสีมา,ด่านขุนทด,กุดพิมาน,30210
1550,300802,นครราชสีมา,ด่านขุนทด,ด่านขุนทด,30210
1551,300803,นครราชสีมา,ด่านขุนทด,ด่านนอก,30210
1552,300804,นครราชสีมา,ด่านขุนทด,ด่านใน,30210
1553,300805,นครราชสีมา,ด่านขุนทด,ตะเคียน,30210
1554,300806,นครราชสีมา,ด่านขุนทด,บ้านเก่า,30210
1555,300807,นครราชสีมา,ด่านขุนทด,บ้านแปรง,36220
1556,300808,นครราชสีมา,ด่านขุนทด,พันชนะ,30210
1557,300809,นครราชสีมา,ด่านขุนทด,สระจรเข้,30210
1558,300810,นครราชสีมา,ด่านขุนทด,หนองกราด,30210
1559,300811,นครราชสีมา,ด่านขุนทด,หนองบัวตะเกียด,30210
1560,300812,นครราชสีมา,ด่านขุนทด,หนองบัวละคร,30210
1561,300813,นครราชสีมา,ด่านขุนทด,หินดาด,30210
1562,300815,นครราชสีมา,ด่านขุนทด,ห้วยบง,30210
1563,300817,นครราชสีมา,ด่านขุนทด,โนนเมืองพัฒนา,30210
1564,300818,นครราชสีมา,ด่านขุนทด,หนองไทร,36220
1565,300901,นครราชสีมา,โนนไทย,โนนไทย,30220
1566,300902,นครราชสีมา,โนนไทย,ด่านจาก,30220
1567,300903,นครราชสีมา,โนนไทย,กำปัง,30220
1568,300904,นครราชสีมา,โนนไทย,สำโรง,30220
1569,300905,นครราชสีมา,โนนไทย,ค้างพลู,30220
1570,300906,นครราชสีมา,โนนไทย,บ้านวัง,30220
1571,300907,นครราชสีมา,โนนไทย,บัลลังก์,30220
1572,300908,นครราชสีมา,โนนไทย,สายออ,30220
1573,300909,นครราชสีมา,โนนไทย,ถนนโพธิ์,30220
1574,300910,นครราชสีมา,โนนไทย,พังเทียม,30220
1575,300911,นครราชสีมา,โนนไทย,สระพระ,30220
1576,300912,นครราชสีมา,โนนไทย,ทัพรั้ง,30220
1577,300913,นครราชสีมา,โนนไทย,หนองหอย,30220
1578,300914,นครราชสีมา,โนนไทย,มะค่า,30220
1579,300915,นครราชสีมา,โนนไทย,มาบกราด,30220
1580,301001,นครราชสีมา,โนนสูง,โนนสูง,30160
1581,301002,นครราชสีมา,โนนสูง,ใหม่,30160
1582,301003,นครราชสีมา,โนนสูง,โตนด,30160
1583,301004,นครราชสีมา,โนนสูง,บิง,30160
1584,301005,นครราชสีมา,โนนสูง,ดอนชมพู,30160
1585,301006,นครราชสีมา,โนนสูง,ธารปราสาท,30240
1586,301007,นครราชสีมา,โนนสูง,หลุมข้าว,30160
1587,301008,นครราชสีมา,โนนสูง,มะค่า,30160
1588,301009,นครราชสีมา,โนนสูง,พลสงคราม,30160
1589,301010,นครราชสีมา,โนนสูง,จันอัด,30160
1590,301011,นครราชสีมา,โนนสูง,ขามเฒ่า,30160
1591,301012,นครราชสีมา,โนนสูง,ด่านคล้า,30160
1592,301013,นครราชสีมา,โนนสูง,ลำคอหงษ์,30160
1593,301014,นครราชสีมา,โนนสูง,เมืองปราสาท,30160
1594,301015,นครราชสีมา,โนนสูง,ดอนหวาย,30160
1595,301016,นครราชสีมา,โนนสูง,ลำมูล,30160
1596,301101,นครราชสีมา,ขามสะแกแสง,ขามสะแกแสง,30290
1597,301102,นครราชสีมา,ขามสะแกแสง,โนนเมือง,30290
1598,301103,นครราชสีมา,ขามสะแกแสง,เมืองนาท,30290
1599,301104,นครราชสีมา,ขามสะแกแสง,ชีวึก,30290
1600,301105,นครราชสีมา,ขามสะแกแสง,พะงาด,30290
1601,301106,นครราชสีมา,ขามสะแกแสง,หนองหัวฟาน,30290
1602,301107,นครราชสีมา,ขามสะแกแสง,เมืองเกษตร,30290
1603,301201,นครราชสีมา,บัวใหญ่,บัวใหญ่,30120
1604,301203,นครราชสีมา,บัวใหญ่,ห้วยยาง,30120
1605,301204,นครราชสีมา,บัวใหญ่,เสมาใหญ่,30120
1606,301206,นครราชสีมา,บัวใหญ่,ดอนตะหนิน,30120
1607,301207,นครราชสีมา,บัวใหญ่,หนองบัวสะอาด,30120
1608,301208,นครราชสีมา,บัวใหญ่,โนนทองหลาง,30120
1609,301209,นครราชสีมา,บัวใหญ่,หนองหว้า,30120
1610,301210,นครราชสีมา,บัวใหญ่,บัวลาย,30120
1611,301211,นครราชสีมา,บัวใหญ่,สีดา,30120
1612,301212,นครราชสีมา,บัวใหญ่,โพนทอง,30120
1613,301214,นครราชสีมา,บัวใหญ่,กุดจอก,30120
1614,301215,นครราชสีมา,บัวใหญ่,ด่านช้าง,30120
1615,301216,นครราชสีมา,บัวใหญ่,โนนจาน,30120
1616,301218,นครราชสีมา,บัวใหญ่,สามเมือง,30120
1617,301220,นครราชสีมา,บัวใหญ่,ขุนทอง,30120
1618,301221,นครราชสีมา,บัวใหญ่,หนองตาดใหญ่,30120
1619,301222,นครราชสีมา,บัวใหญ่,เมืองพะไล,30120
1620,301223,นครราชสีมา,บัวใหญ่,โนนประดู่,30120
1621,301224,นครราชสีมา,บัวใหญ่,หนองแจ้งใหญ่,30120
1622,301301,นครราชสีมา,ประทาย,ประทาย,30180
1623,301303,นครราชสีมา,ประทาย,กระทุ่มราย,30180
1624,301304,นครราชสีมา,ประทาย,วังไม้แดง,30180
1625,301306,นครราชสีมา,ประทาย,ตลาดไทร,30180
1626,301307,นครราชสีมา,ประทาย,หนองพลวง,30180
1627,301308,นครราชสีมา,ประทาย,หนองค่าย,30180
1628,301309,นครราชสีมา,ประทาย,หันห้วยทราย,30180
1629,301310,นครราชสีมา,ประทาย,ดอนมัน,30180
1630,301313,นครราชสีมา,ประทาย,นางรำ,30180
1631,301314,นครราชสีมา,ประทาย,โนนเพ็ด,30180
1632,301315,นครราชสีมา,ประทาย,ทุ่งสว่าง,30180
1633,301317,นครราชสีมา,ประทาย,โคกกลาง,30180
1634,301318,นครราชสีมา,ประทาย,เมืองโดน,30180
1635,301401,นครราชสีมา,ปักธงชัย,เมืองปัก,30150
1636,301402,นครราชสีมา,ปักธงชัย,ตะคุ,30150
1637,301403,นครราชสีมา,ปักธงชัย,โคกไทย,30150
1638,301404,นครราชสีมา,ปักธงชัย,สำโรง,30150
1639,301405,นครราชสีมา,ปักธงชัย,ตะขบ,30150
1640,301406,นครราชสีมา,ปักธงชัย,นกออก,30150
1641,301407,นครราชสีมา,ปักธงชัย,ดอน,30150
1642,301409,นครราชสีมา,ปักธงชัย,ตูม,30150
1643,301410,นครราชสีมา,ปักธงชัย,งิ้ว,30150
1644,301411,นครราชสีมา,ปักธงชัย,สะแกราช,30150
1645,301412,นครราชสีมา,ปักธงชัย,ลำนางแก้ว,30150
1646,301416,นครราชสีมา,ปักธงชัย,ภูหลวง,30150
1647,301417,นครราชสีมา,ปักธงชัย,ธงชัยเหนือ,30150
1648,301418,นครราชสีมา,ปักธงชัย,สุขเกษม,30150
1649,301419,นครราชสีมา,ปักธงชัย,เกษมทรัพย์,30150
1650,301420,นครราชสีมา,ปักธงชัย,บ่อปลาทอง,30150
1651,301501,นครราชสีมา,พิมาย,ในเมือง,30110
1652,301502,นครราชสีมา,พิมาย,สัมฤทธิ์,30110
1653,301503,นครราชสีมา,พิมาย,โบสถ์,30110
1654,301504,นครราชสีมา,พิมาย,กระเบื้องใหญ่,30110
1655,301505,นครราชสีมา,พิมาย,ท่าหลวง,30110
1656,301506,นครราชสีมา,พิมาย,รังกาใหญ่,30110
1657,301507,นครราชสีมา,พิมาย,ชีวาน,30110
1658,301508,นครราชสีมา,พิมาย,นิคมสร้างตนเอง,30110
1659,301509,นครราชสีมา,พิมาย,กระชอน,30110
1660,301510,นครราชสีมา,พิมาย,ดงใหญ่,30110
1661,301511,นครราชสีมา,พิมาย,ธารละหลอด,30110
1662,301512,นครราชสีมา,พิมาย,หนองระเวียง,30110
1663,301601,นครราชสีมา,ห้วยแถลง,ห้วยแถลง,30240
1664,301602,นครราชสีมา,ห้วยแถลง,ทับสวาย,30240
1665,301603,นครราชสีมา,ห้วยแถลง,เมืองพลับพลา,30240
1666,301604,นครราชสีมา,ห้วยแถลง,หลุ่งตะเคียน,30240
1667,301605,นครราชสีมา,ห้วยแถลง,หินดาด,30240
1668,301606,นครราชสีมา,ห้วยแถลง,งิ้ว,30240
1669,301607,นครราชสีมา,ห้วยแถลง,กงรถ,30240
1670,301608,นครราชสีมา,ห้วยแถลง,หลุ่งประดู่,30240
1671,301609,นครราชสีมา,ห้วยแถลง,ตะโก,30240
1672,301610,นครราชสีมา,ห้วยแถลง,ห้วยแคน,30240
1673,301701,นครราชสีมา,ชุมพวง,ชุมพวง,30270
1674,301702,นครราชสีมา,ชุมพวง,ประสุข,30270
1675,301703,นครราชสีมา,ชุมพวง,ท่าลาด,30270
1676,301704,นครราชสีมา,ชุมพวง,สาหร่าย,30270
1677,301705,นครราชสีมา,ชุมพวง,ตลาดไทร,30270
1678,301706,นครราชสีมา,ชุมพวง,ช่องแมว,30270
1679,301707,นครราชสีมา,ชุมพวง,ขุย,30270
1680,301710,นครราชสีมา,ชุมพวง,โนนรัง,30270
1681,301711,นครราชสีมา,ชุมพวง,บ้านยาง,30270
1682,301714,นครราชสีมา,ชุมพวง,หนองหลัก,30270
1683,301715,นครราชสีมา,ชุมพวง,ไพล,30270
1684,301716,นครราชสีมา,ชุมพวง,โนนตูม,30270
1685,301717,นครราชสีมา,ชุมพวง,โนนยอ,30270
1686,301801,นครราชสีมา,สูงเนิน,สูงเนิน,30170
1687,301802,นครราชสีมา,สูงเนิน,เสมา,30170
1688,301803,นครราชสีมา,สูงเนิน,โคราช,30170
1689,301804,นครราชสีมา,สูงเนิน,บุ่งขี้เหล็ก,30170
1690,301805,นครราชสีมา,สูงเนิน,โนนค่า,30170
1691,301806,นครราชสีมา,สูงเนิน,โค้งยาง,30170
1692,301807,นครราชสีมา,สูงเนิน,มะเกลือเก่า,30170
1693,301808,นครราชสีมา,สูงเนิน,มะเกลือใหม่,30170
1694,301809,นครราชสีมา,สูงเนิน,นากลาง,30380
1695,301810,นครราชสีมา,สูงเนิน,หนองตะไก้,30380
1696,301811,นครราชสีมา,สูงเนิน,กุดจิก,30380
1697,301901,นครราชสีมา,ขามทะเลสอ,ขามทะเลสอ,30280
1698,301902,นครราชสีมา,ขามทะเลสอ,โป่งแดง,30280
1699,301903,นครราชสีมา,ขามทะเลสอ,พันดุง,30280
1700,301904,นครราชสีมา,ขามทะเลสอ,หนองสรวง,30280
1701,301905,นครราชสีมา,ขามทะเลสอ,บึงอ้อ,30280
1702,302001,นครราชสีมา,สีคิ้ว,สีคิ้ว,30140
1703,302002,นครราชสีมา,สีคิ้ว,บ้านหัน,30140
1704,302003,นครราชสีมา,สีคิ้ว,กฤษณา,30140
1705,302004,นครราชสีมา,สีคิ้ว,ลาดบัวขาว,30340
1706,302005,นครราชสีมา,สีคิ้ว,หนองหญ้าขาว,30140
1707,302006,นครราชสีมา,สีคิ้ว,กุดน้อย,30140
1708,302007,นครราชสีมา,สีคิ้ว,หนองน้ำใส,30140
1709,302008,นครราชสีมา,สีคิ้ว,วังโรงใหญ่,30140
1710,302009,นครราชสีมา,สีคิ้ว,มิตรภาพ,30140
1711,302010,นครราชสีมา,สีคิ้ว,คลองไผ่,30340
1712,302011,นครราชสีมา,สีคิ้ว,ดอนเมือง,30140
1713,302012,นครราชสีมา,สีคิ้ว,หนองบัวน้อย,30140
1714,302101,นครราชสีมา,ปากช่อง,ปากช่อง,30130
1715,302102,นครราชสีมา,ปากช่อง,กลางดง,30320
1716,302103,นครราชสีมา,ปากช่อง,จันทึก,30130
1717,302104,นครราชสีมา,ปากช่อง,วังกะทะ,30130
1718,302105,นครราชสีมา,ปากช่อง,หมูสี,30130
1719,302106,นครราชสีมา,ปากช่อง,หนองสาหร่าย,30130
1720,302107,นครราชสีมา,ปากช่อง,ขนงพระ,30130
1721,302108,นครราชสีมา,ปากช่อง,โป่งตาลอง,30130
1722,302109,นครราชสีมา,ปากช่อง,คลองม่วง,30130
1723,302110,นครราชสีมา,ปากช่อง,หนองน้ำแดง,30130
1724,302111,นครราชสีมา,ปากช่อง,วังไทร,30130
1725,302112,นครราชสีมา,ปากช่อง,พญาเย็น,30320
1726,302201,นครราชสีมา,หนองบุญมาก,หนองบุญมาก,30410
1727,302202,นครราชสีมา,หนองบุญมาก,สารภี,30410
1728,302203,นครราชสีมา,หนองบุญมาก,ไทยเจริญ,30410
1729,302204,นครราชสีมา,หนองบุญมาก,หนองหัวแรต,30410
1730,302205,นครราชสีมา,หนองบุญมาก,แหลมทอง,30410
1731,302206,นครราชสีมา,หนองบุญมาก,หนองตะไก้,30410
1732,302207,นครราชสีมา,หนองบุญมาก,ลุงเขว้า,30410
1733,302208,นครราชสีมา,หนองบุญมาก,หนองไม้ไผ่,30410
1734,302209,นครราชสีมา,หนองบุญมาก,บ้านใหม่,30410
1735,302301,นครราชสีมา,แก้งสนามนาง,แก้งสนามนาง,30440
1736,302302,นครราชสีมา,แก้งสนามนาง,โนนสำราญ,30440
1737,302303,นครราชสีมา,แก้งสนามนาง,บึงพะไล,30440
1738,302304,นครราชสีมา,แก้งสนามนาง,สีสุก,30440
1739,302305,นครราชสีมา,แก้งสนามนาง,บึงสำโรง,30440
1740,302401,นครราชสีมา,โนนแดง,โนนแดง,30360
1741,302402,นครราชสีมา,โนนแดง,โนนตาเถร,30360
1742,302403,นครราชสีมา,โนนแดง,สำพะเนียง,30360
1743,302404,นครราชสีมา,โนนแดง,วังหิน,30360
1744,302405,นครราชสีมา,โนนแดง,ดอนยาวใหญ่,30360
1745,302501,นครราชสีมา,วังน้ำเขียว,วังน้ำเขียว,30370
1746,302502,นครราชสีมา,วังน้ำเขียว,วังหมี,30370
1747,302503,นครราชสีมา,วังน้ำเขียว,ระเริง,30150
1748,302504,นครราชสีมา,วังน้ำเขียว,อุดมทรัพย์,30370
1749,302505,นครราชสีมา,วังน้ำเขียว,ไทยสามัคคี,30370
1750,302601,นครราชสีมา,เทพารักษ์,สำนักตะคร้อ,30210
1751,302602,นครราชสีมา,เทพารักษ์,หนองแวง,30210
1752,302603,นครราชสีมา,เทพารักษ์,บึงปรือ,30210
1753,302604,นครราชสีมา,เทพารักษ์,วังยายทอง,30210
1754,302701,นครราชสีมา,เมืองยาง,เมืองยาง,30270
1755,302702,นครราชสีมา,เมืองยาง,กระเบื้องนอก,30270
1756,302703,นครราชสีมา,เมืองยาง,ละหานปลาค้าว,30270
1757,302704,นครราชสีมา,เมืองยาง,โนนอุดม,30270
1758,302801,นครราชสีมา,พระทองคำ,สระพระ,30220
1759,302802,นครราชสีมา,พระทองคำ,มาบกราด,30220
1760,302803,นครราชสีมา,พระทองคำ,พังเทียม,30220
1761,302804,นครราชสีมา,พระทองคำ,ทัพรั้ง,30220
1762,302805,นครราชสีมา,พระทองคำ,หนองหอย,30220
1763,302901,นครราชสีมา,ลำทะเมนชัย,ขุย,30270
1764,302902,นครราชสีมา,ลำทะเมนชัย,บ้านยาง,30270
1765,302903,นครราชสีมา,ลำทะเมนชัย,ช่องแมว,30270
1766,302904,นครราชสีมา,ลำทะเมนชัย,ไพล,30270
1767,303001,นครราชสีมา,บัวลาย,เมืองพะไล,30120
1768,303002,นครราชสีมา,บัวลาย,โนนจาน,30120
1769,303003,นครราชสีมา,บัวลาย,บัวลาย,30120
1770,303004,นครราชสีมา,บัวลาย,หนองหว้า,30120
1771,303101,นครราชสีมา,สีดา,สีดา,30430
1772,303102,นครราชสีมา,สีดา,โพนทอง,30430
1773,303103,นครราชสีมา,สีดา,โนนประดู่,30430
1774,303104,นครราชสีมา,สีดา,สามเมือง,30430
1775,303105,นครราชสีมา,สีดา,หนองตาดใหญ่,30430
1776,303201,นครราชสีมา,เฉลิมพระเกียรติ,ช้างทอง,30230
1777,303202,นครราชสีมา,เฉลิมพระเกียรติ,ท่าช้าง,30230
1778,303203,นครราชสีมา,เฉลิมพระเกียรติ,พระพุทธ,30230
1779,303204,นครราชสีมา,เฉลิมพระเกียรติ,หนองงูเหลือม,30000
1780,303205,นครราชสีมา,เฉลิมพระเกียรติ,หนองยาง,30230
1781,310101,บุรีรัมย์,เมืองบุรีรัมย์,ในเมือง,31000
1782,310102,บุรีรัมย์,เมืองบุรีรัมย์,อิสาณ,31000
1783,310103,บุรีรัมย์,เมืองบุรีรัมย์,เสม็ด,31000
1784,310104,บุรีรัมย์,เมืองบุรีรัมย์,บ้านบัว,31000
1785,310105,บุรีรัมย์,เมืองบุรีรัมย์,สะแกโพรง,31000
1786,310106,บุรีรัมย์,เมืองบุรีรัมย์,สวายจีก,31000
1787,310108,บุรีรัมย์,เมืองบุรีรัมย์,บ้านยาง,31000
1788,310112,บุรีรัมย์,เมืองบุรีรัมย์,พระครู,31000
1789,310113,บุรีรัมย์,เมืองบุรีรัมย์,ถลุงเหล็ก,31000
1790,310114,บุรีรัมย์,เมืองบุรีรัมย์,หนองตาด,31000
1791,310117,บุรีรัมย์,เมืองบุรีรัมย์,ลุมปุ๊ก,31000
1792,310118,บุรีรัมย์,เมืองบุรีรัมย์,สองห้อง,31000
1793,310119,บุรีรัมย์,เมืองบุรีรัมย์,บัวทอง,31000
1794,310120,บุรีรัมย์,เมืองบุรีรัมย์,ชุมเห็ด,31000
1795,310122,บุรีรัมย์,เมืองบุรีรัมย์,หลักเขต,31000
1796,310125,บุรีรัมย์,เมืองบุรีรัมย์,สะแกซำ,31000
1797,310126,บุรีรัมย์,เมืองบุรีรัมย์,กลันทา,31000
1798,310127,บุรีรัมย์,เมืองบุรีรัมย์,กระสัง,31000
1799,310128,บุรีรัมย์,เมืองบุรีรัมย์,เมืองฝาง,31000
1800,310201,บุรีรัมย์,คูเมือง,คูเมือง,31190
1801,310202,บุรีรัมย์,คูเมือง,ปะเคียบ,31190
1802,310203,บุรีรัมย์,คูเมือง,บ้านแพ,31190
1803,310204,บุรีรัมย์,คูเมือง,พรสำราญ,31190
1804,310205,บุรีรัมย์,คูเมือง,หินเหล็กไฟ,31190
1805,310206,บุรีรัมย์,คูเมือง,ตูมใหญ่,31190
1806,310207,บุรีรัมย์,คูเมือง,หนองขมาร,31190
1807,310301,บุรีรัมย์,กระสัง,กระสัง,31160
1808,310302,บุรีรัมย์,กระสัง,ลำดวน,31160
1809,310303,บุรีรัมย์,กระสัง,สองชั้น,31160
1810,310304,บุรีรัมย์,กระสัง,สูงเนิน,31160
1811,310305,บุรีรัมย์,กระสัง,หนองเต็ง,31160
1812,310306,บุรีรัมย์,กระสัง,เมืองไผ่,31160
1813,310307,บุรีรัมย์,กระสัง,ชุมแสง,31160
1814,310308,บุรีรัมย์,กระสัง,บ้านปรือ,31160
1815,310309,บุรีรัมย์,กระสัง,ห้วยสำราญ,31160
1816,310310,บุรีรัมย์,กระสัง,กันทรารมย์,31160
1817,310311,บุรีรัมย์,กระสัง,ศรีภูมิ,31160
1818,310401,บุรีรัมย์,นางรอง,นางรอง,31110
1819,310403,บุรีรัมย์,นางรอง,สะเดา,31110
1820,310405,บุรีรัมย์,นางรอง,ชุมแสง,31110
1821,310406,บุรีรัมย์,นางรอง,หนองโบสถ์,31110
1822,310408,บุรีรัมย์,นางรอง,หนองกง,31110
1823,310413,บุรีรัมย์,นางรอง,ถนนหัก,31110
1824,310414,บุรีรัมย์,นางรอง,หนองไทร,31110
1825,310415,บุรีรัมย์,นางรอง,ก้านเหลือง,31110
1826,310416,บุรีรัมย์,นางรอง,บ้านสิงห์,31110
1827,310417,บุรีรัมย์,นางรอง,ลำไทรโยง,31110
1828,310418,บุรีรัมย์,นางรอง,ทรัพย์พระยา,31110
1829,310424,บุรีรัมย์,นางรอง,หนองยายพิมพ์,31110
1830,310425,บุรีรัมย์,นางรอง,หัวถนน,31110
1831,310426,บุรีรัมย์,นางรอง,ทุ่งแสงทอง,31110
1832,310427,บุรีรัมย์,นางรอง,หนองโสน,31110
1833,310501,บุรีรัมย์,หนองกี่,หนองกี่,31210
1834,310502,บุรีรัมย์,หนองกี่,เย้ยปราสาท,31210
1835,310503,บุรีรัมย์,หนองกี่,เมืองไผ่,31210
1836,310504,บุรีรัมย์,หนองกี่,ดอนอะราง,31210
1837,310505,บุรีรัมย์,หนองกี่,โคกสว่าง,31210
1838,310506,บุรีรัมย์,หนองกี่,ทุ่งกระตาดพัฒนา,31210
1839,310507,บุรีรัมย์,หนองกี่,ทุ่งกระเต็น,31210
1840,310508,บุรีรัมย์,หนองกี่,ท่าโพธิ์ชัย,31210
1841,310509,บุรีรัมย์,หนองกี่,โคกสูง,31210
1842,310510,บุรีรัมย์,หนองกี่,บุกระสัง,31210
1843,310601,บุรีรัมย์,ละหานทราย,ละหานทราย,31170
1844,310603,บุรีรัมย์,ละหานทราย,ตาจง,31170
1845,310604,บุรีรัมย์,ละหานทราย,สำโรงใหม่,31170
1846,310607,บุรีรัมย์,ละหานทราย,หนองแวง,31170
1847,310610,บุรีรัมย์,ละหานทราย,หนองตระครอง,31170
1848,310611,บุรีรัมย์,ละหานทราย,โคกว่าน,31170
1849,310701,บุรีรัมย์,ประโคนชัย,ประโคนชัย,31140
1850,310702,บุรีรัมย์,ประโคนชัย,แสลงโทน,31140
1851,310703,บุรีรัมย์,ประโคนชัย,บ้านไทร,31140
1852,310705,บุรีรัมย์,ประโคนชัย,ละเวี้ย,31140
1853,310706,บุรีรัมย์,ประโคนชัย,จรเข้มาก,31140
1854,310707,บุรีรัมย์,ประโคนชัย,ปังกู,31140
1855,310708,บุรีรัมย์,ประโคนชัย,โคกย่าง,31140
1856,310710,บุรีรัมย์,ประโคนชัย,โคกม้า,31140
1857,310713,บุรีรัมย์,ประโคนชัย,ไพศาล,31140
1858,310714,บุรีรัมย์,ประโคนชัย,ตะโกตาพิ,31140
1859,310715,บุรีรัมย์,ประโคนชัย,เขาคอก,31140
1860,310716,บุรีรัมย์,ประโคนชัย,หนองบอน,31140
1861,310718,บุรีรัมย์,ประโคนชัย,โคกมะขาม,31140
1862,310719,บุรีรัมย์,ประโคนชัย,โคกตูม,31140
1863,310720,บุรีรัมย์,ประโคนชัย,ประทัดบุ,31140
1864,310721,บุรีรัมย์,ประโคนชัย,สี่เหลี่ยม,31140
1865,310801,บุรีรัมย์,บ้านกรวด,บ้านกรวด,31180
1866,310802,บุรีรัมย์,บ้านกรวด,โนนเจริญ,31180
1867,310803,บุรีรัมย์,บ้านกรวด,หนองไม้งาม,31180
1868,310804,บุรีรัมย์,บ้านกรวด,ปราสาท,31180
1869,310805,บุรีรัมย์,บ้านกรวด,สายตะกู,31180
1870,310806,บุรีรัมย์,บ้านกรวด,หินลาด,31180
1871,310807,บุรีรัมย์,บ้านกรวด,บึงเจริญ,31180
1872,310808,บุรีรัมย์,บ้านกรวด,จันทบเพชร,31180
1873,310809,บุรีรัมย์,บ้านกรวด,เขาดินเหนือ,31180
1874,310901,บุรีรัมย์,พุทไธสง,พุทไธสง,31120
1875,310902,บุรีรัมย์,พุทไธสง,มะเฟือง,31120
1876,310903,บุรีรัมย์,พุทไธสง,บ้านจาน,31120
1877,310906,บุรีรัมย์,พุทไธสง,บ้านเป้า,31120
1878,310907,บุรีรัมย์,พุทไธสง,บ้านแวง,31120
1879,310909,บุรีรัมย์,พุทไธสง,บ้านยาง,31120
1880,310910,บุรีรัมย์,พุทไธสง,หายโศก,31120
1881,311001,บุรีรัมย์,ลำปลายมาศ,ลำปลายมาศ,31130
1882,311002,บุรีรัมย์,ลำปลายมาศ,หนองคู,31130
1883,311003,บุรีรัมย์,ลำปลายมาศ,แสลงพัน,31130
1884,311004,บุรีรัมย์,ลำปลายมาศ,ทะเมนชัย,31130
1885,311005,บุรีรัมย์,ลำปลายมาศ,ตลาดโพธิ์,31130
1886,311006,บุรีรัมย์,ลำปลายมาศ,หนองกะทิง,31130
1887,311007,บุรีรัมย์,ลำปลายมาศ,โคกกลาง,31130
1888,311008,บุรีรัมย์,ลำปลายมาศ,โคกสะอาด,31130
1889,311009,บุรีรัมย์,ลำปลายมาศ,เมืองแฝก,31130
1890,311010,บุรีรัมย์,ลำปลายมาศ,บ้านยาง,31130
1891,311011,บุรีรัมย์,ลำปลายมาศ,ผไทรินทร์,31130
1892,311012,บุรีรัมย์,ลำปลายมาศ,โคกล่าม,31130
1893,311013,บุรีรัมย์,ลำปลายมาศ,หินโคน,31130
1894,311014,บุรีรัมย์,ลำปลายมาศ,หนองบัวโคก,31130
1895,311015,บุรีรัมย์,ลำปลายมาศ,บุโพธิ์,31130
1896,311016,บุรีรัมย์,ลำปลายมาศ,หนองโดน,31130
1897,311101,บุรีรัมย์,สตึก,สตึก,31150
1898,311102,บุรีรัมย์,สตึก,นิคม,31150
1899,311103,บุรีรัมย์,สตึก,ทุ่งวัง,31150
1900,311104,บุรีรัมย์,สตึก,เมืองแก,31150
1901,311105,บุรีรัมย์,สตึก,หนองใหญ่,31150
1902,311106,บุรีรัมย์,สตึก,ร่อนทอง,31150
1903,311109,บุรีรัมย์,สตึก,ดอนมนต์,31150
1904,311110,บุรีรัมย์,สตึก,ชุมแสง,31150
1905,311111,บุรีรัมย์,สตึก,ท่าม่วง,31150
1906,311112,บุรีรัมย์,สตึก,สะแก,31150
1907,311114,บุรีรัมย์,สตึก,สนามชัย,31150
1908,311115,บุรีรัมย์,สตึก,กระสัง,31150
1909,311201,บุรีรัมย์,ปะคำ,ปะคำ,31220
1910,311202,บุรีรัมย์,ปะคำ,ไทยเจริญ,31220
1911,311203,บุรีรัมย์,ปะคำ,หนองบัว,31220
1912,311204,บุรีรัมย์,ปะคำ,โคกมะม่วง,31220
1913,311205,บุรีรัมย์,ปะคำ,หูทำนบ,31220
1914,311301,บุรีรัมย์,นาโพธิ์,นาโพธิ์,31230
1915,311302,บุรีรัมย์,นาโพธิ์,บ้านคู,31230
1916,311303,บุรีรัมย์,นาโพธิ์,บ้านดู่,31230
1917,311304,บุรีรัมย์,นาโพธิ์,ดอนกอก,31230
1918,311305,บุรีรัมย์,นาโพธิ์,ศรีสว่าง,31230
1919,311401,บุรีรัมย์,หนองหงส์,สระแก้ว,31240
1920,311402,บุรีรัมย์,หนองหงส์,ห้วยหิน,31240
1921,311403,บุรีรัมย์,หนองหงส์,ไทยสามัคคี,31240
1922,311404,บุรีรัมย์,หนองหงส์,หนองชัยศรี,31240
1923,311405,บุรีรัมย์,หนองหงส์,เสาเดียว,31240
1924,311406,บุรีรัมย์,หนองหงส์,เมืองฝ้าย,31240
1925,311407,บุรีรัมย์,หนองหงส์,สระทอง,31240
1926,311501,บุรีรัมย์,พลับพลาชัย,จันดุม,31250
1927,311502,บุรีรัมย์,พลับพลาชัย,โคกขมิ้น,31250
1928,311503,บุรีรัมย์,พลับพลาชัย,ป่าชัน,31250
1929,311504,บุรีรัมย์,พลับพลาชัย,สะเดา,31250
1930,311505,บุรีรัมย์,พลับพลาชัย,สำโรง,31250
1931,311601,บุรีรัมย์,ห้วยราช,ห้วยราช,31000
1932,311602,บุรีรัมย์,ห้วยราช,สามแวง,31000
1933,311603,บุรีรัมย์,ห้วยราช,ตาเสา,31000
1934,311604,บุรีรัมย์,ห้วยราช,บ้านตะโก,31000
1935,311605,บุรีรัมย์,ห้วยราช,สนวน,31000
1936,311606,บุรีรัมย์,ห้วยราช,โคกเหล็ก,31000
1937,311607,บุรีรัมย์,ห้วยราช,เมืองโพธิ์,31000
1938,311608,บุรีรัมย์,ห้วยราช,ห้วยราชา,31000
1939,311701,บุรีรัมย์,โนนสุวรรณ,โนนสุวรรณ,31110
1940,311702,บุรีรัมย์,โนนสุวรรณ,ทุ่งจังหัน,31110
1941,311703,บุรีรัมย์,โนนสุวรรณ,โกรกแก้ว,31110
1942,311704,บุรีรัมย์,โนนสุวรรณ,ดงอีจาน,31110
1943,311801,บุรีรัมย์,ชำนิ,ชำนิ,31110
1944,311802,บุรีรัมย์,ชำนิ,หนองปล่อง,31110
1945,311803,บุรีรัมย์,ชำนิ,เมืองยาง,31110
1946,311804,บุรีรัมย์,ชำนิ,ช่อผกา,31110
1947,311805,บุรีรัมย์,ชำนิ,ละลวด,31110
1948,311806,บุรีรัมย์,ชำนิ,โคกสนวน,31110
1949,311901,บุรีรัมย์,บ้านใหม่ไชยพจน์,หนองแวง,31120
1950,311902,บุรีรัมย์,บ้านใหม่ไชยพจน์,ทองหลาง,31120
1951,311903,บุรีรัมย์,บ้านใหม่ไชยพจน์,แดงใหญ่,31120
1952,311904,บุรีรัมย์,บ้านใหม่ไชยพจน์,กู่สวนแตง,31120
1953,311905,บุรีรัมย์,บ้านใหม่ไชยพจน์,หนองเยือง,31120
1954,312001,บุรีรัมย์,โนนดินแดง,โนนดินแดง,31260
1955,312002,บุรีรัมย์,โนนดินแดง,ส้มป่อย,31260
1956,312003,บุรีรัมย์,โนนดินแดง,ลำนางรอง,31260
1957,312101,บุรีรัมย์,บ้านด่าน,บ้านด่าน,31000
1958,312102,บุรีรัมย์,บ้านด่าน,ปราสาท,31000
1959,312103,บุรีรัมย์,บ้านด่าน,วังเหนือ,31000
1960,312104,บุรีรัมย์,บ้านด่าน,โนนขวาง,31000
1961,312201,บุรีรัมย์,แคนดง,แคนดง,31150
1962,312202,บุรีรัมย์,แคนดง,ดงพลอง,31150
1963,312203,บุรีรัมย์,แคนดง,สระบัว,31150
1964,312204,บุรีรัมย์,แคนดง,หัวฝาย,31150
1965,312301,บุรีรัมย์,เฉลิมพระเกียรติ,เจริญสุข,31110
1966,312302,บุรีรัมย์,เฉลิมพระเกียรติ,ตาเป๊ก,31110
1967,312303,บุรีรัมย์,เฉลิมพระเกียรติ,อีสานเขต,31110
1968,312304,บุรีรัมย์,เฉลิมพระเกียรติ,ถาวร,31170
1969,312305,บุรีรัมย์,เฉลิมพระเกียรติ,ยายแย้มวัฒนา,31170
1970,320101,สุรินทร์,เมืองสุรินทร์,ในเมือง,32000
1971,320102,สุรินทร์,เมืองสุรินทร์,ตั้งใจ,32000
1972,320103,สุรินทร์,เมืองสุรินทร์,เพี้ยราม,32000
1973,320104,สุรินทร์,เมืองสุรินทร์,นาดี,32000
1974,320105,สุรินทร์,เมืองสุรินทร์,ท่าสว่าง,32000
1975,320106,สุรินทร์,เมืองสุรินทร์,สลักได,32000
1976,320107,สุรินทร์,เมืองสุรินทร์,ตาอ็อง,32000
1977,320109,สุรินทร์,เมืองสุรินทร์,สำโรง,32000
1978,320110,สุรินทร์,เมืองสุรินทร์,แกใหญ่,32000
1979,320111,สุรินทร์,เมืองสุรินทร์,นอกเมือง,32000
1980,320112,สุรินทร์,เมืองสุรินทร์,คอโค,32000
1981,320113,สุรินทร์,เมืองสุรินทร์,สวาย,32000
1982,320114,สุรินทร์,เมืองสุรินทร์,เฉนียง,32000
1983,320116,สุรินทร์,เมืองสุรินทร์,เทนมีย์,32000
1984,320118,สุรินทร์,เมืองสุรินทร์,นาบัว,32000
1985,320119,สุรินทร์,เมืองสุรินทร์,เมืองที,32000
1986,320120,สุรินทร์,เมืองสุรินทร์,ราม,32000
1987,320121,สุรินทร์,เมืองสุรินทร์,บุฤาษี,32000
1988,320122,สุรินทร์,เมืองสุรินทร์,ตระแสง,32000
1989,320125,สุรินทร์,เมืองสุรินทร์,แสลงพันธ์,32000
1990,320126,สุรินทร์,เมืองสุรินทร์,กาเกาะ,32000
1991,320201,สุรินทร์,ชุมพลบุรี,ชุมพลบุรี,32190
1992,320202,สุรินทร์,ชุมพลบุรี,นาหนองไผ่,32190
1993,320203,สุรินทร์,ชุมพลบุรี,ไพรขลา,32190
1994,320204,สุรินทร์,ชุมพลบุรี,ศรีณรงค์,32190
1995,320205,สุรินทร์,ชุมพลบุรี,ยะวึก,32190
1996,320206,สุรินทร์,ชุมพลบุรี,เมืองบัว,32190
1997,320207,สุรินทร์,ชุมพลบุรี,สระขุด,32190
1998,320208,สุรินทร์,ชุมพลบุรี,กระเบื้อง,32190
1999,320209,สุรินทร์,ชุมพลบุรี,หนองเรือ,32190
2000,320301,สุรินทร์,ท่าตูม,ท่าตูม,32120
2001,320302,สุรินทร์,ท่าตูม,กระโพ,32120
2002,320303,สุรินทร์,ท่าตูม,พรมเทพ,32120
2003,320304,สุรินทร์,ท่าตูม,โพนครก,32120
2004,320305,สุรินทร์,ท่าตูม,เมืองแก,32120
2005,320306,สุรินทร์,ท่าตูม,บะ,32120
2006,320307,สุรินทร์,ท่าตูม,หนองบัว,32120
2007,320308,สุรินทร์,ท่าตูม,บัวโคก,32120
2008,320309,สุรินทร์,ท่าตูม,หนองเมธี,32120
2009,320310,สุรินทร์,ท่าตูม,ทุ่งกุลา,32120
2010,320401,สุรินทร์,จอมพระ,จอมพระ,32180
2011,320402,สุรินทร์,จอมพระ,เมืองลีง,32180
2012,320403,สุรินทร์,จอมพระ,กระหาด,32180
2013,320404,สุรินทร์,จอมพระ,บุแกรง,32180
2014,320405,สุรินทร์,จอมพระ,หนองสนิท,32180
2015,320406,สุรินทร์,จอมพระ,บ้านผือ,32180
2016,320407,สุรินทร์,จอมพระ,ลุ่มระวี,32180
2017,320408,สุรินทร์,จอมพระ,ชุมแสง,32180
2018,320409,สุรินทร์,จอมพระ,เป็นสุข,32180
2019,320501,สุรินทร์,ปราสาท,กังแอน,32140
2020,320502,สุรินทร์,ปราสาท,ทมอ,32140
2021,320503,สุรินทร์,ปราสาท,ไพล,32140
2022,320504,สุรินทร์,ปราสาท,ปรือ,32140
2023,320505,สุรินทร์,ปราสาท,ทุ่งมน,32140
2024,320506,สุรินทร์,ปราสาท,ตาเบา,32140
2025,320507,สุรินทร์,ปราสาท,หนองใหญ่,32140
2026,320508,สุรินทร์,ปราสาท,โคกยาง,32140
2027,320509,สุรินทร์,ปราสาท,โคกสะอาด,32140
2028,320510,สุรินทร์,ปราสาท,บ้านไทร,32140
2029,320511,สุรินทร์,ปราสาท,โชคนาสาม,32140
2030,320512,สุรินทร์,ปราสาท,เชื้อเพลิง,32140
2031,320513,สุรินทร์,ปราสาท,ปราสาททนง,32140
2032,320514,สุรินทร์,ปราสาท,ตานี,32140
2033,320515,สุรินทร์,ปราสาท,บ้านพลวง,32140
2034,320516,สุรินทร์,ปราสาท,กันตวจระมวล,32140
2035,320517,สุรินทร์,ปราสาท,สมุด,32140
2036,320518,สุรินทร์,ปราสาท,ประทัดบุ,32140
2037,320601,สุรินทร์,กาบเชิง,กาบเชิง,32210
2038,320604,สุรินทร์,กาบเชิง,คูตัน,32210
2039,320605,สุรินทร์,กาบเชิง,ด่าน,32210
2040,320606,สุรินทร์,กาบเชิง,แนงมุด,32210
2041,320607,สุรินทร์,กาบเชิง,โคกตะเคียน,32210
2042,320610,สุรินทร์,กาบเชิง,ตะเคียน,32210
2043,320701,สุรินทร์,รัตนบุรี,รัตนบุรี,32130
2044,320702,สุรินทร์,รัตนบุรี,ธาตุ,32130
2045,320703,สุรินทร์,รัตนบุรี,แก,32130
2046,320704,สุรินทร์,รัตนบุรี,ดอนแรด,32130
2047,320705,สุรินทร์,รัตนบุรี,หนองบัวทอง,32130
2048,320706,สุรินทร์,รัตนบุรี,หนองบัวบาน,32130
2049,320709,สุรินทร์,รัตนบุรี,ไผ่,32130
2050,320711,สุรินทร์,รัตนบุรี,เบิด,32130
2051,320713,สุรินทร์,รัตนบุรี,น้ำเขียว,32130
2052,320714,สุรินทร์,รัตนบุรี,กุดขาคีม,32130
2053,320715,สุรินทร์,รัตนบุรี,ยางสว่าง,32130
2054,320716,สุรินทร์,รัตนบุรี,ทับใหญ่,32130
2055,320801,สุรินทร์,สนม,สนม,32160
2056,320802,สุรินทร์,สนม,โพนโก,32160
2057,320803,สุรินทร์,สนม,หนองระฆัง,32160
2058,320804,สุรินทร์,สนม,นานวน,32160
2059,320805,สุรินทร์,สนม,แคน,32160
2060,320806,สุรินทร์,สนม,หัวงัว,32160
2061,320807,สุรินทร์,สนม,หนองอียอ,32160
2062,320901,สุรินทร์,ศีขรภูมิ,ระแงง,32110
2063,320902,สุรินทร์,ศีขรภูมิ,ตรึม,32110
2064,320903,สุรินทร์,ศีขรภูมิ,จารพัต,32110
2065,320904,สุรินทร์,ศีขรภูมิ,ยาง,32110
2066,320905,สุรินทร์,ศีขรภูมิ,แตล,32110
2067,320906,สุรินทร์,ศีขรภูมิ,หนองบัว,32110
2068,320907,สุรินทร์,ศีขรภูมิ,คาละแมะ,32110
2069,320908,สุรินทร์,ศีขรภูมิ,หนองเหล็ก,32110
2070,320909,สุรินทร์,ศีขรภูมิ,หนองขวาว,32110
2071,320910,สุรินทร์,ศีขรภูมิ,ช่างปี่,32110
2072,320911,สุรินทร์,ศีขรภูมิ,กุดหวาย,32110
2073,320912,สุรินทร์,ศีขรภูมิ,ขวาวใหญ่,32110
2074,320913,สุรินทร์,ศีขรภูมิ,นารุ่ง,32110
2075,320914,สุรินทร์,ศีขรภูมิ,ตรมไพร,32110
2076,320915,สุรินทร์,ศีขรภูมิ,ผักไหม,32110
2077,321001,สุรินทร์,สังขะ,สังขะ,32150
2078,321002,สุรินทร์,สังขะ,ขอนแตก,32150
2079,321006,สุรินทร์,สังขะ,ดม,32150
2080,321007,สุรินทร์,สังขะ,พระแก้ว,32150
2081,321008,สุรินทร์,สังขะ,บ้านจารย์,32150
2082,321009,สุรินทร์,สังขะ,กระเทียม,32150
2083,321010,สุรินทร์,สังขะ,สะกาด,32150
2084,321011,สุรินทร์,สังขะ,ตาตุม,32150
2085,321012,สุรินทร์,สังขะ,ทับทัน,32150
2086,321013,สุรินทร์,สังขะ,ตาคง,32150
2087,321015,สุรินทร์,สังขะ,บ้านชบ,32150
2088,321017,สุรินทร์,สังขะ,เทพรักษา,32150
2089,321101,สุรินทร์,ลำดวน,ลำดวน,32220
2090,321102,สุรินทร์,ลำดวน,โชคเหนือ,32220
2091,321103,สุรินทร์,ลำดวน,อู่โลก,32220
2092,321104,สุรินทร์,ลำดวน,ตรำดม,32220
2093,321105,สุรินทร์,ลำดวน,ตระเปียงเตีย,32220
2094,321201,สุรินทร์,สำโรงทาบ,สำโรงทาบ,32170
2095,321202,สุรินทร์,สำโรงทาบ,หนองไผ่ล้อม,32170
2096,321203,สุรินทร์,สำโรงทาบ,กระออม,32170
2097,321204,สุรินทร์,สำโรงทาบ,หนองฮะ,32170
2098,321205,สุรินทร์,สำโรงทาบ,ศรีสุข,32170
2099,321206,สุรินทร์,สำโรงทาบ,เกาะแก้ว,32170
2100,321207,สุรินทร์,สำโรงทาบ,หมื่นศรี,32170
2101,321208,สุรินทร์,สำโรงทาบ,เสม็จ,32170
2102,321209,สุรินทร์,สำโรงทาบ,สะโน,32170
2103,321210,สุรินทร์,สำโรงทาบ,ประดู่,32170
2104,321301,สุรินทร์,บัวเชด,บัวเชด,32230
2105,321302,สุรินทร์,บัวเชด,สะเดา,32230
2106,321303,สุรินทร์,บัวเชด,จรัส,32230
2107,321304,สุรินทร์,บัวเชด,ตาวัง,32230
2108,321305,สุรินทร์,บัวเชด,อาโพน,32230
2109,321306,สุรินทร์,บัวเชด,สำเภาลูน,32230
2110,321401,สุรินทร์,พนมดงรัก,บักได,32140
2111,321402,สุรินทร์,พนมดงรัก,โคกกลาง,32140
2112,321403,สุรินทร์,พนมดงรัก,จีกแดก,32140
2113,321404,สุรินทร์,พนมดงรัก,ตาเมียง,32140
2114,321501,สุรินทร์,ศรีณรงค์,ณรงค์,32150
2115,321502,สุรินทร์,ศรีณรงค์,แจนแวน,32150
2116,321503,สุรินทร์,ศรีณรงค์,ตรวจ,32150
2117,321504,สุรินทร์,ศรีณรงค์,หนองแวง,32150
2118,321505,สุรินทร์,ศรีณรงค์,ศรีสุข,32150
2119,321601,สุรินทร์,เขวาสินรินทร์,เขวาสินรินทร์,32000
2120,321602,สุรินทร์,เขวาสินรินทร์,บึง,32000
2121,321603,สุรินทร์,เขวาสินรินทร์,ตากูก,32000
2122,321604,สุรินทร์,เขวาสินรินทร์,ปราสาททอง,32000
2123,321605,สุรินทร์,เขวาสินรินทร์,บ้านแร่,32000
2124,321701,สุรินทร์,โนนนารายณ์,หนองหลวง,32130
2125,321702,สุรินทร์,โนนนารายณ์,คำผง,32130
2126,321703,สุรินทร์,โนนนารายณ์,โนน,32130
2127,321704,สุรินทร์,โนนนารายณ์,ระเวียง,32130
2128,321705,สุรินทร์,โนนนารายณ์,หนองเทพ,32130
2129,330101,ศรีสะเกษ,เมืองศีรสะเกษ,เมืองเหนือ,33000
2130,330102,ศรีสะเกษ,เมืองศีรสะเกษ,เมืองใต้,33000
2131,330103,ศรีสะเกษ,เมืองศีรสะเกษ,คูซอด,33000
2132,330104,ศรีสะเกษ,เมืองศีรสะเกษ,ซำ,33000
2133,330105,ศรีสะเกษ,เมืองศีรสะเกษ,จาน,33000
2134,330106,ศรีสะเกษ,เมืองศีรสะเกษ,ตะดอบ,33000
2135,330107,ศรีสะเกษ,เมืองศีรสะเกษ,หนองครก,33000
2136,330111,ศรีสะเกษ,เมืองศีรสะเกษ,โพนข่า,33000
2137,330112,ศรีสะเกษ,เมืองศีรสะเกษ,โพนค้อ,33000
2138,330115,ศรีสะเกษ,เมืองศีรสะเกษ,โพนเขวา,33000
2139,330116,ศรีสะเกษ,เมืองศีรสะเกษ,หญ้าปล้อง,33000
2140,330118,ศรีสะเกษ,เมืองศีรสะเกษ,ทุ่ม,33000
2141,330119,ศรีสะเกษ,เมืองศีรสะเกษ,หนองไฮ,33000
2142,330121,ศรีสะเกษ,เมืองศีรสะเกษ,หนองแก้ว,33000
2143,330122,ศรีสะเกษ,เมืองศีรสะเกษ,น้ำคำ,33000
2144,330123,ศรีสะเกษ,เมืองศีรสะเกษ,โพธิ์,33000
2145,330124,ศรีสะเกษ,เมืองศีรสะเกษ,หมากเขียบ,33000
2146,330127,ศรีสะเกษ,เมืองศีรสะเกษ,หนองไผ่,33000
2147,330201,ศรีสะเกษ,ยางชุมน้อย,ยางชุมน้อย,33190
2148,330202,ศรีสะเกษ,ยางชุมน้อย,ลิ้นฟ้า,33190
2149,330203,ศรีสะเกษ,ยางชุมน้อย,คอนกาม,33190
2150,330204,ศรีสะเกษ,ยางชุมน้อย,โนนคูณ,33190
2151,330205,ศรีสะเกษ,ยางชุมน้อย,กุดเมืองฮาม,33190
2152,330206,ศรีสะเกษ,ยางชุมน้อย,บึงบอน,33190
2153,330207,ศรีสะเกษ,ยางชุมน้อย,ยางชุมใหญ่,33190
2154,330301,ศรีสะเกษ,กันทรารมย์,ดูน,33130
2155,330302,ศรีสะเกษ,กันทรารมย์,โนนสัง,33130
2156,330303,ศรีสะเกษ,กันทรารมย์,หนองหัวช้าง,33130
2157,330304,ศรีสะเกษ,กันทรารมย์,ยาง,33130
2158,330305,ศรีสะเกษ,กันทรารมย์,หนองแวง,33130
2159,330306,ศรีสะเกษ,กันทรารมย์,หนองแก้ว,33130
2160,330307,ศรีสะเกษ,กันทรารมย์,ทาม,33130
2161,330308,ศรีสะเกษ,กันทรารมย์,ละทาย,33130
2162,330309,ศรีสะเกษ,กันทรารมย์,เมืองน้อย,33130
2163,330310,ศรีสะเกษ,กันทรารมย์,อีปาด,33130
2164,330311,ศรีสะเกษ,กันทรารมย์,บัวน้อย,33130
2165,330312,ศรีสะเกษ,กันทรารมย์,หนองบัว,33130
2166,330313,ศรีสะเกษ,กันทรารมย์,ดู่,33130
2167,330314,ศรีสะเกษ,กันทรารมย์,ผักแพว,33130
2168,330315,ศรีสะเกษ,กันทรารมย์,จาน,33130
2169,330320,ศรีสะเกษ,กันทรารมย์,คำเนียม,33130
2170,330321,ศรีสะเกษ,กันทรารมย์,ทุ่งใหญ่,33130
2171,330401,ศรีสะเกษ,กันทรลักษ์,บึงมะลู,33110
2172,330402,ศรีสะเกษ,กันทรลักษ์,กุดเสลา,33110
2173,330403,ศรีสะเกษ,กันทรลักษ์,เมือง,33110
2174,330405,ศรีสะเกษ,กันทรลักษ์,สังเม็ก,33110
2175,330406,ศรีสะเกษ,กันทรลักษ์,น้ำอ้อม,33110
2176,330407,ศรีสะเกษ,กันทรลักษ์,ละลาย,33110
2177,330408,ศรีสะเกษ,กันทรลักษ์,รุง,33110
2178,330409,ศรีสะเกษ,กันทรลักษ์,ตระกาจ,33110
2179,330411,ศรีสะเกษ,กันทรลักษ์,จานใหญ่,33110
2180,330412,ศรีสะเกษ,กันทรลักษ์,ภูเงิน,33110
2181,330413,ศรีสะเกษ,กันทรลักษ์,ชำ,33110
2182,330414,ศรีสะเกษ,กันทรลักษ์,กระแชง,33110
2183,330415,ศรีสะเกษ,กันทรลักษ์,โนนสำราญ,33110
2184,330416,ศรีสะเกษ,กันทรลักษ์,หนองหญ้าลาด,33110
2185,330419,ศรีสะเกษ,กันทรลักษ์,เสาธงชัย,33110
2186,330420,ศรีสะเกษ,กันทรลักษ์,ขนุน,33110
2187,330421,ศรีสะเกษ,กันทรลักษ์,สวนกล้วย,33110
2188,330423,ศรีสะเกษ,กันทรลักษ์,เวียงเหนือ,33110
2189,330424,ศรีสะเกษ,กันทรลักษ์,ทุ่งใหญ่,33110
2190,330425,ศรีสะเกษ,กันทรลักษ์,ภูผาหมอก,33110
2191,330501,ศรีสะเกษ,ขุขันธ์,กันทรารมย์,33140
2192,330502,ศรีสะเกษ,ขุขันธ์,จะกง,33140
2193,330503,ศรีสะเกษ,ขุขันธ์,ใจดี,33140
2194,330504,ศรีสะเกษ,ขุขันธ์,ดองกำเม็ด,33140
2195,330505,ศรีสะเกษ,ขุขันธ์,โสน,33140
2196,330506,ศรีสะเกษ,ขุขันธ์,ปรือใหญ่,33140
2197,330507,ศรีสะเกษ,ขุขันธ์,สะเดาใหญ่,33140
2198,330508,ศรีสะเกษ,ขุขันธ์,ตาอุด,33140
2199,330509,ศรีสะเกษ,ขุขันธ์,ห้วยเหนือ,33140
2200,330510,ศรีสะเกษ,ขุขันธ์,ห้วยใต้,33140
2201,330511,ศรีสะเกษ,ขุขันธ์,หัวเสือ,33140
2202,330513,ศรีสะเกษ,ขุขันธ์,ตะเคียน,33140
2203,330515,ศรีสะเกษ,ขุขันธ์,นิคมพัฒนา,33140
2204,330517,ศรีสะเกษ,ขุขันธ์,โคกเพชร,33140
2205,330518,ศรีสะเกษ,ขุขันธ์,ปราสาท,33140
2206,330521,ศรีสะเกษ,ขุขันธ์,สำโรงตาเจ็น,33140
2207,330522,ศรีสะเกษ,ขุขันธ์,ห้วยสำราญ,33140
2208,330524,ศรีสะเกษ,ขุขันธ์,กฤษณา,33140
2209,330525,ศรีสะเกษ,ขุขันธ์,ลมศักดิ์,33140
2210,330526,ศรีสะเกษ,ขุขันธ์,หนองฉลอง,33140
2211,330527,ศรีสะเกษ,ขุขันธ์,ศรีตระกูล,33140
2212,330528,ศรีสะเกษ,ขุขันธ์,ศรีสะอาด,33140
2213,330601,ศรีสะเกษ,ไพรบึง,ไพรบึง,33180
2214,330602,ศรีสะเกษ,ไพรบึง,ดินแดง,33180
2215,330603,ศรีสะเกษ,ไพรบึง,ปราสาทเยอ,33180
2216,330604,ศรีสะเกษ,ไพรบึง,สำโรงพลัน,33180
2217,330605,ศรีสะเกษ,ไพรบึง,สุขสวัสดิ์,33180
2218,330606,ศรีสะเกษ,ไพรบึง,โนนปูน,33180
2219,330701,ศรีสะเกษ,ปรางค์กู่,พิมาย,33170
2220,330702,ศรีสะเกษ,ปรางค์กู่,กู่,33170
2221,330703,ศรีสะเกษ,ปรางค์กู่,หนองเชียงทูน,33170
2222,330704,ศรีสะเกษ,ปรางค์กู่,ตูม,33170
2223,330705,ศรีสะเกษ,ปรางค์กู่,สมอ,33170
2224,330706,ศรีสะเกษ,ปรางค์กู่,โพธิ์ศรี,33170
2225,330707,ศรีสะเกษ,ปรางค์กู่,สำโรงปราสาท,33170
2226,330708,ศรีสะเกษ,ปรางค์กู่,ดู่,33170
2227,330709,ศรีสะเกษ,ปรางค์กู่,สวาย,33170
2228,330710,ศรีสะเกษ,ปรางค์กู่,พิมายเหนือ,33170
2229,330801,ศรีสะเกษ,ขุนหาญ,สิ,33150
2230,330802,ศรีสะเกษ,ขุนหาญ,บักดอง,33150
2231,330803,ศรีสะเกษ,ขุนหาญ,พราน,33150
2232,330804,ศรีสะเกษ,ขุนหาญ,โพธิ์วงศ์,33150
2233,330805,ศรีสะเกษ,ขุนหาญ,ไพร,33150
2234,330806,ศรีสะเกษ,ขุนหาญ,กระหวัน,33150
2235,330807,ศรีสะเกษ,ขุนหาญ,ขุนหาญ,33150
2236,330808,ศรีสะเกษ,ขุนหาญ,โนนสูง,33150
2237,330809,ศรีสะเกษ,ขุนหาญ,กันทรอม,33150
2238,330810,ศรีสะเกษ,ขุนหาญ,ภูฝ้าย,33150
2239,330811,ศรีสะเกษ,ขุนหาญ,โพธิ์กระสังข์,33150
2240,330812,ศรีสะเกษ,ขุนหาญ,ห้วยจันทร์,33150
2241,330901,ศรีสะเกษ,ราษีไศล,เมืองคง,33160
2242,330902,ศรีสะเกษ,ราษีไศล,เมืองแคน,33160
2243,330903,ศรีสะเกษ,ราษีไศล,หนองแค,33160
2244,330906,ศรีสะเกษ,ราษีไศล,จิกสังข์ทอง,33160
2245,330907,ศรีสะเกษ,ราษีไศล,ด่าน,33160
2246,330908,ศรีสะเกษ,ราษีไศล,ดู่,33160
2247,330909,ศรีสะเกษ,ราษีไศล,หนองอึ่ง,33160
2248,330910,ศรีสะเกษ,ราษีไศล,บัวหุ่ง,33160
2249,330911,ศรีสะเกษ,ราษีไศล,ไผ่,33160
2250,330912,ศรีสะเกษ,ราษีไศล,ส้มป่อย,33160
2251,330913,ศรีสะเกษ,ราษีไศล,หนองหมี,33160
2252,330914,ศรีสะเกษ,ราษีไศล,หว้านคำ,33160
2253,330915,ศรีสะเกษ,ราษีไศล,สร้างปี่,33160
2254,331001,ศรีสะเกษ,อุทุมพรพิสัย,กำแพง,33120
2255,331002,ศรีสะเกษ,อุทุมพรพิสัย,อี่หล่ำ,33120
2256,331003,ศรีสะเกษ,อุทุมพรพิสัย,ก้านเหลือง,33120
2257,331004,ศรีสะเกษ,อุทุมพรพิสัย,ทุ่งไชย,33120
2258,331005,ศรีสะเกษ,อุทุมพรพิสัย,สำโรง,33120
2259,331006,ศรีสะเกษ,อุทุมพรพิสัย,แขม,33120
2260,331007,ศรีสะเกษ,อุทุมพรพิสัย,หนองไฮ,33120
2261,331008,ศรีสะเกษ,อุทุมพรพิสัย,ขะยูง,33120
2262,331010,ศรีสะเกษ,อุทุมพรพิสัย,ตาเกษ,33120
2263,331011,ศรีสะเกษ,อุทุมพรพิสัย,หัวช้าง,33120
2264,331012,ศรีสะเกษ,อุทุมพรพิสัย,รังแร้ง,33120
2265,331014,ศรีสะเกษ,อุทุมพรพิสัย,แต้,33120
2266,331015,ศรีสะเกษ,อุทุมพรพิสัย,แข้,33120
2267,331016,ศรีสะเกษ,อุทุมพรพิสัย,โพธิ์ชัย,33120
2268,331017,ศรีสะเกษ,อุทุมพรพิสัย,ปะอาว,33120
2269,331018,ศรีสะเกษ,อุทุมพรพิสัย,หนองห้าง,33120
2270,331022,ศรีสะเกษ,อุทุมพรพิสัย,สระกำแพงใหญ่,33120
2271,331024,ศรีสะเกษ,อุทุมพรพิสัย,โคกหล่าม,33120
2272,331025,ศรีสะเกษ,อุทุมพรพิสัย,โคกจาน,33120
2273,331101,ศรีสะเกษ,บึงบูรพ์,เป๊าะ,33220
2274,331102,ศรีสะเกษ,บึงบูรพ์,บึงบูรพ์,33220
2275,331201,ศรีสะเกษ,ห้วยทับทัน,ห้วยทับทัน,33210
2276,331202,ศรีสะเกษ,ห้วยทับทัน,เมืองหลวง,33210
2277,331203,ศรีสะเกษ,ห้วยทับทัน,กล้วยกว้าง,33210
2278,331204,ศรีสะเกษ,ห้วยทับทัน,ผักไหม,33210
2279,331205,ศรีสะเกษ,ห้วยทับทัน,จานแสนไชย,33210
2280,331206,ศรีสะเกษ,ห้วยทับทัน,ปราสาท,33210
2281,331301,ศรีสะเกษ,โนนคูณ,โนนค้อ,33250
2282,331302,ศรีสะเกษ,โนนคูณ,บก,33250
2283,331303,ศรีสะเกษ,โนนคูณ,โพธิ์,33250
2284,331304,ศรีสะเกษ,โนนคูณ,หนองกุง,33250
2285,331305,ศรีสะเกษ,โนนคูณ,เหล่ากวาง,33250
2286,331401,ศรีสะเกษ,ศรีรัตนะ,ศรีแก้ว,33240
2287,331402,ศรีสะเกษ,ศรีรัตนะ,พิงพวย,33240
2288,331403,ศรีสะเกษ,ศรีรัตนะ,สระเยาว์,33240
2289,331404,ศรีสะเกษ,ศรีรัตนะ,ตูม,33240
2290,331405,ศรีสะเกษ,ศรีรัตนะ,เสื่องข้าว,33240
2291,331406,ศรีสะเกษ,ศรีรัตนะ,ศรีโนนงาม,33240
2292,331407,ศรีสะเกษ,ศรีรัตนะ,สะพุง,33240
2293,331501,ศรีสะเกษ,น้ำเกลี้ยง,น้ำเกลี้ยง,33130
2294,331502,ศรีสะเกษ,น้ำเกลี้ยง,ละเอาะ,33130
2295,331503,ศรีสะเกษ,น้ำเกลี้ยง,ตองปิด,33130
2296,331504,ศรีสะเกษ,น้ำเกลี้ยง,เขิน,33130
2297,331505,ศรีสะเกษ,น้ำเกลี้ยง,รุ่งระวี,33130
2298,331506,ศรีสะเกษ,น้ำเกลี้ยง,คูบ,33130
2299,331601,ศรีสะเกษ,วังหิน,บุสูง,33270
2300,331602,ศรีสะเกษ,วังหิน,ธาตุ,33270
2301,331603,ศรีสะเกษ,วังหิน,ดวนใหญ่,33270
2302,331604,ศรีสะเกษ,วังหิน,บ่อแก้ว,33270
2303,331605,ศรีสะเกษ,วังหิน,ศรีสำราญ,33270
2304,331606,ศรีสะเกษ,วังหิน,ทุ่งสว่าง,33270
2305,331607,ศรีสะเกษ,วังหิน,วังหิน,33270
2306,331608,ศรีสะเกษ,วังหิน,โพนยาง,33270
2307,331701,ศรีสะเกษ,ภูสิงห์,โคกตาล,33140
2308,331702,ศรีสะเกษ,ภูสิงห์,ห้วยตามอญ,33140
2309,331703,ศรีสะเกษ,ภูสิงห์,ห้วยตึ๊กชู,33140
2310,331704,ศรีสะเกษ,ภูสิงห์,ละลม,33140
2311,331705,ศรีสะเกษ,ภูสิงห์,ตะเคียนราม,33140
2312,331706,ศรีสะเกษ,ภูสิงห์,ดงรัก,33140
2313,331707,ศรีสะเกษ,ภูสิงห์,ไพรพัฒนา,33140
2314,331801,ศรีสะเกษ,เมืองจันทร์,เมืองจันทร์,33120
2315,331802,ศรีสะเกษ,เมืองจันทร์,ตาโกน,33120
2316,331803,ศรีสะเกษ,เมืองจันทร์,หนองใหญ่,33120
2317,331901,ศรีสะเกษ,เบญจลักษ์,เสียว,33110
2318,331902,ศรีสะเกษ,เบญจลักษ์,หนองหว้า,33110
2319,331903,ศรีสะเกษ,เบญจลักษ์,หนองงูเหลือม,33110
2320,331904,ศรีสะเกษ,เบญจลักษ์,หนองฮาง,33110
2321,331905,ศรีสะเกษ,เบญจลักษ์,ท่าคล้อ,33110
2322,332001,ศรีสะเกษ,พยุห์,พยุห์,33230
2323,332002,ศรีสะเกษ,พยุห์,พรหมสวัสดิ์,33230
2324,332003,ศรีสะเกษ,พยุห์,ตำแย,33230
2325,332004,ศรีสะเกษ,พยุห์,โนนเพ็ก,33230
2326,332005,ศรีสะเกษ,พยุห์,หนองค้า,33230
2327,332101,ศรีสะเกษ,โพธิ์ศรีสุวรรณ,โดด,33120
2328,332102,ศรีสะเกษ,โพธิ์ศรีสุวรรณ,เสียว,33120
2329,332103,ศรีสะเกษ,โพธิ์ศรีสุวรรณ,หนองม้า,33120
2330,332104,ศรีสะเกษ,โพธิ์ศรีสุวรรณ,ผือใหญ่,33120
2331,332105,ศรีสะเกษ,โพธิ์ศรีสุวรรณ,อีเซ,33120
2332,332201,ศรีสะเกษ,ศิลาลาด,กุง,33160
2333,332202,ศรีสะเกษ,ศิลาลาด,คลีกลิ้ง,33160
2334,332203,ศรีสะเกษ,ศิลาลาด,หนองบัวดง,33160
2335,332204,ศรีสะเกษ,ศิลาลาด,โจดม่วง,33160
2336,340101,อุบลราชธานี,เมืองอุบลราชธานี,ในเมือง,34000
2337,340104,อุบลราชธานี,เมืองอุบลราชธานี,หัวเรือ,34000
2338,340105,อุบลราชธานี,เมืองอุบลราชธานี,หนองขอน,34000
2339,340107,อุบลราชธานี,เมืองอุบลราชธานี,ปทุม,34000
2340,340108,อุบลราชธานี,เมืองอุบลราชธานี,ขามใหญ่,34000
2341,340109,อุบลราชธานี,เมืองอุบลราชธานี,แจระแม,34000
2342,340111,อุบลราชธานี,เมืองอุบลราชธานี,หนองบ่อ,34000
2343,340112,อุบลราชธานี,เมืองอุบลราชธานี,ไร่น้อย,34000
2344,340113,อุบลราชธานี,เมืองอุบลราชธานี,กระโสบ,34000
2345,340116,อุบลราชธานี,เมืองอุบลราชธานี,กุดลาด,34000
2346,340119,อุบลราชธานี,เมืองอุบลราชธานี,ขี้เหล็ก,34000
2347,340120,อุบลราชธานี,เมืองอุบลราชธานี,ปะอาว,34000
2348,340201,อุบลราชธานี,ศรีเมืองใหม่,นาคำ,34250
2349,340202,อุบลราชธานี,ศรีเมืองใหม่,แก้งกอก,34250
2350,340203,อุบลราชธานี,ศรีเมืองใหม่,เอือดใหญ่,34250
2351,340204,อุบลราชธานี,ศรีเมืองใหม่,วาริน,34250
2352,340205,อุบลราชธานี,ศรีเมืองใหม่,ลาดควาย,34250
2353,340206,อุบลราชธานี,ศรีเมืองใหม่,สงยาง,34250
2354,340207,อุบลราชธานี,ศรีเมืองใหม่,ตะบ่าย,34250
2355,340208,อุบลราชธานี,ศรีเมืองใหม่,คำไหล,34250
2356,340209,อุบลราชธานี,ศรีเมืองใหม่,หนามแท่ง,34250
2357,340210,อุบลราชธานี,ศรีเมืองใหม่,นาเลิน,34250
2358,340211,อุบลราชธานี,ศรีเมืองใหม่,ดอนใหญ่,34250
2359,340301,อุบลราชธานี,โขงเจียม,โขงเจียม,34220
2360,340302,อุบลราชธานี,โขงเจียม,ห้วยยาง,34220
2361,340303,อุบลราชธานี,โขงเจียม,นาโพธิ์กลาง,34220
2362,340304,อุบลราชธานี,โขงเจียม,หนองแสงใหญ่,34220
2363,340305,อุบลราชธานี,โขงเจียม,ห้วยไผ่,34220
2364,340306,อุบลราชธานี,โขงเจียม,คำเขื่อนแก้ว,34220
2365,340401,อุบลราชธานี,เขื่องใน,เขื่องใน,34150
2366,340402,อุบลราชธานี,เขื่องใน,สร้างถ่อ,34150
2367,340403,อุบลราชธานี,เขื่องใน,ค้อทอง,34150
2368,340404,อุบลราชธานี,เขื่องใน,ก่อเอ้,34150
2369,340405,อุบลราชธานี,เขื่องใน,หัวดอน,34150
2370,340406,อุบลราชธานี,เขื่องใน,ชีทวน,34150
2371,340407,อุบลราชธานี,เขื่องใน,ท่าไห,34150
2372,340408,อุบลราชธานี,เขื่องใน,นาคำใหญ่,34150
2373,340409,อุบลราชธานี,เขื่องใน,แดงหม้อ,34150
2374,340410,อุบลราชธานี,เขื่องใน,ธาตุน้อย,34150
2375,340411,อุบลราชธานี,เขื่องใน,บ้านไทย,34320
2376,340412,อุบลราชธานี,เขื่องใน,บ้านกอก,34320
2377,340413,อุบลราชธานี,เขื่องใน,กลางใหญ่,34320
2378,340414,อุบลราชธานี,เขื่องใน,โนนรัง,34320
2379,340415,อุบลราชธานี,เขื่องใน,ยางขี้นก,34150
2380,340416,อุบลราชธานี,เขื่องใน,ศรีสุข,34150
2381,340417,อุบลราชธานี,เขื่องใน,สหธาตุ,34150
2382,340418,อุบลราชธานี,เขื่องใน,หนองเหล่า,34150
2383,340501,อุบลราชธานี,เขมราฐ,เขมราฐ,34170
2384,340503,อุบลราชธานี,เขมราฐ,ขามป้อม,34170
2385,340504,อุบลราชธานี,เขมราฐ,เจียด,34170
2386,340507,อุบลราชธานี,เขมราฐ,หนองผือ,34170
2387,340508,อุบลราชธานี,เขมราฐ,นาแวง,34170
2388,340510,อุบลราชธานี,เขมราฐ,แก้งเหนือ,34170
2389,340511,อุบลราชธานี,เขมราฐ,หนองนกทา,34170
2390,340512,อุบลราชธานี,เขมราฐ,หนองสิม,34170
2391,340513,อุบลราชธานี,เขมราฐ,หัวนา,34170
2392,340701,อุบลราชธานี,เดชอุดม,เมืองเดช,34160
2393,340702,อุบลราชธานี,เดชอุดม,นาส่วง,34160
2394,340704,อุบลราชธานี,เดชอุดม,นาเจริญ,34160
2395,340706,อุบลราชธานี,เดชอุดม,ทุ่งเทิง,34160
2396,340708,อุบลราชธานี,เดชอุดม,สมสะอาด,34160
2397,340709,อุบลราชธานี,เดชอุดม,กุดประทาย,34160
2398,340710,อุบลราชธานี,เดชอุดม,ตบหู,34160
2399,340711,อุบลราชธานี,เดชอุดม,กลาง,34160
2400,340712,อุบลราชธานี,เดชอุดม,แก้ง,34160
2401,340713,อุบลราชธานี,เดชอุดม,ท่าโพธิ์ศรี,34160
2402,340715,อุบลราชธานี,เดชอุดม,บัวงาม,34160
2403,340716,อุบลราชธานี,เดชอุดม,คำครั่ง,34160
2404,340717,อุบลราชธานี,เดชอุดม,นากระแซง,34160
2405,340720,อุบลราชธานี,เดชอุดม,โพนงาม,34160
2406,340721,อุบลราชธานี,เดชอุดม,ป่าโมง,34160
2407,340723,อุบลราชธานี,เดชอุดม,โนนสมบูรณ์,34160
2408,340801,อุบลราชธานี,นาจะหลวย,นาจะหลวย,34280
2409,340802,อุบลราชธานี,นาจะหลวย,โนนสมบูรณ์,34280
2410,340803,อุบลราชธานี,นาจะหลวย,พรสวรรค์,34280
2411,340804,อุบลราชธานี,นาจะหลวย,บ้านตูม,34280
2412,340805,อุบลราชธานี,นาจะหลวย,โสกแสง,34280
2413,340806,อุบลราชธานี,นาจะหลวย,โนนสวรรค์,34280
2414,340901,อุบลราชธานี,น้ำยืน,โซง,34260
2415,340903,อุบลราชธานี,น้ำยืน,ยาง,34260
2416,340904,อุบลราชธานี,น้ำยืน,โดมประดิษฐ์,34260
2417,340906,อุบลราชธานี,น้ำยืน,บุเปือย,34260
2418,340907,อุบลราชธานี,น้ำยืน,สีวิเชียร,34260
2419,340909,อุบลราชธานี,น้ำยืน,ยางใหญ่,34260
2420,340911,อุบลราชธานี,น้ำยืน,เก่าขาม,34260
2421,341001,อุบลราชธานี,บุณฑริก,โพนงาม,34230
2422,341002,อุบลราชธานี,บุณฑริก,ห้วยข่า,34230
2423,341003,อุบลราชธานี,บุณฑริก,คอแลน,34230
2424,341004,อุบลราชธานี,บุณฑริก,นาโพธิ์,34230
2425,341005,อุบลราชธานี,บุณฑริก,หนองสะโน,34230
2426,341006,อุบลราชธานี,บุณฑริก,โนนค้อ,34230
2427,341007,อุบลราชธานี,บุณฑริก,บัวงาม,34230
2428,341008,อุบลราชธานี,บุณฑริก,บ้านแมด,34230
2429,341101,อุบลราชธานี,ตระการพืชผล,ขุหลุ,34130
2430,341102,อุบลราชธานี,ตระการพืชผล,กระเดียน,34130
2431,341103,อุบลราชธานี,ตระการพืชผล,เกษม,34130
2432,341104,อุบลราชธานี,ตระการพืชผล,กุศกร,34130
2433,341105,อุบลราชธานี,ตระการพืชผล,ขามเปี้ย,34130
2434,341106,อุบลราชธานี,ตระการพืชผล,คอนสาย,34130
2435,341107,อุบลราชธานี,ตระการพืชผล,โคกจาน,34130
2436,341108,อุบลราชธานี,ตระการพืชผล,นาพิน,34130
2437,341109,อุบลราชธานี,ตระการพืชผล,นาสะไม,34130
2438,341110,อุบลราชธานี,ตระการพืชผล,โนนกุง,34130
2439,341111,อุบลราชธานี,ตระการพืชผล,ตระการ,34130
2440,341112,อุบลราชธานี,ตระการพืชผล,ตากแดด,34130
2441,341113,อุบลราชธานี,ตระการพืชผล,ไหล่ทุ่ง,34130
2442,341114,อุบลราชธานี,ตระการพืชผล,เป้า,34130
2443,341115,อุบลราชธานี,ตระการพืชผล,เซเป็ด,34130
2444,341116,อุบลราชธานี,ตระการพืชผล,สะพือ,34130
2445,341117,อุบลราชธานี,ตระการพืชผล,หนองเต่า,34130
2446,341118,อุบลราชธานี,ตระการพืชผล,ถ้ำแข้,34130
2447,341119,อุบลราชธานี,ตระการพืชผล,ท่าหลวง,34130
2448,341120,อุบลราชธานี,ตระการพืชผล,ห้วยฝ้ายพัฒนา,34130
2449,341121,อุบลราชธานี,ตระการพืชผล,กุดยาลวน,34130
2450,341122,อุบลราชธานี,ตระการพืชผล,บ้านแดง,34130
2451,341123,อุบลราชธานี,ตระการพืชผล,คำเจริญ,34130
2452,341201,อุบลราชธานี,กุดข้าวปุ้น,ข้าวปุ้น,34270
2453,341202,อุบลราชธานี,กุดข้าวปุ้น,โนนสวาง,34270
2454,341203,อุบลราชธานี,กุดข้าวปุ้น,แก่งเค็ง,34270
2455,341204,อุบลราชธานี,กุดข้าวปุ้น,กาบิน,34270
2456,341205,อุบลราชธานี,กุดข้าวปุ้น,หนองทันน้ำ,34270
2457,341401,อุบลราชธานี,ม่วงสามสิบ,ม่วงสามสิบ,34140
2458,341402,อุบลราชธานี,ม่วงสามสิบ,เหล่าบก,34140
2459,341403,อุบลราชธานี,ม่วงสามสิบ,ดุมใหญ่,34140
2460,341404,อุบลราชธานี,ม่วงสามสิบ,หนองช้างใหญ่,34140
2461,341405,อุบลราชธานี,ม่วงสามสิบ,หนองเมือง,34140
2462,341406,อุบลราชธานี,ม่วงสามสิบ,เตย,34140
2463,341407,อุบลราชธานี,ม่วงสามสิบ,ยางสักกระโพหลุ่ม,34140
2464,341408,อุบลราชธานี,ม่วงสามสิบ,หนองไข่นก,34140
2465,341409,อุบลราชธานี,ม่วงสามสิบ,หนองเหล่า,34140
2466,341410,อุบลราชธานี,ม่วงสามสิบ,หนองฮาง,34140
2467,341411,อุบลราชธานี,ม่วงสามสิบ,ยางโยภาพ,34140
2468,341412,อุบลราชธานี,ม่วงสามสิบ,ไผ่ใหญ่,34140
2469,341413,อุบลราชธานี,ม่วงสามสิบ,นาเลิง,34140
2470,341414,อุบลราชธานี,ม่วงสามสิบ,โพนแพง,34140
2471,341501,อุบลราชธานี,วารินชำราบ,วารินชำราบ,34190
2472,341502,อุบลราชธานี,วารินชำราบ,ธาตุ,34190
2473,341504,อุบลราชธานี,วารินชำราบ,ท่าลาด,34310
2474,341505,อุบลราชธานี,วารินชำราบ,โนนโหนน,34190
2475,341507,อุบลราชธานี,วารินชำราบ,คูเมือง,34190
2476,341508,อุบลราชธานี,วารินชำราบ,สระสมิง,34190
2477,341510,อุบลราชธานี,วารินชำราบ,คำน้ำแซบ,34190
2478,341511,อุบลราชธานี,วารินชำราบ,บุ่งหวาย,34310
2479,341515,อุบลราชธานี,วารินชำราบ,คำขวาง,34190
2480,341516,อุบลราชธานี,วารินชำราบ,โพธิ์ใหญ่,34190
2481,341518,อุบลราชธานี,วารินชำราบ,แสนสุข,34190
2482,341520,อุบลราชธานี,วารินชำราบ,หนองกินเพล,34190
2483,341521,อุบลราชธานี,วารินชำราบ,โนนผึ้ง,34190
2484,341522,อุบลราชธานี,วารินชำราบ,เมืองศรีไค,34190
2485,341524,อุบลราชธานี,วารินชำราบ,ห้วยขะยุง,34310
2486,341526,อุบลราชธานี,วารินชำราบ,บุ่งไหม,34190
2487,341901,อุบลราชธานี,พิบูลมังสาหาร,พิบูล,34110
2488,341902,อุบลราชธานี,พิบูลมังสาหาร,กุดชมภู,34110
2489,341904,อุบลราชธานี,พิบูลมังสาหาร,ดอนจิก,34110
2490,341905,อุบลราชธานี,พิบูลมังสาหาร,ทรายมูล,34110
2491,341906,อุบลราชธานี,พิบูลมังสาหาร,นาโพธิ์,34110
2492,341907,อุบลราชธานี,พิบูลมังสาหาร,โนนกลาง,34110
2493,341909,อุบลราชธานี,พิบูลมังสาหาร,โพธิ์ไทร,34110
2494,341910,อุบลราชธานี,พิบูลมังสาหาร,โพธิ์ศรี,34110
2495,341911,อุบลราชธานี,พิบูลมังสาหาร,ระเว,34110
2496,341912,อุบลราชธานี,พิบูลมังสาหาร,ไร่ใต้,34110
2497,341913,อุบลราชธานี,พิบูลมังสาหาร,หนองบัวฮี,34110
2498,341914,อุบลราชธานี,พิบูลมังสาหาร,อ่างศิลา,34110
2499,341918,อุบลราชธานี,พิบูลมังสาหาร,โนนกาหลง,34110
2500,341919,อุบลราชธานี,พิบูลมังสาหาร,บ้านแขม,34110
2501,342001,อุบลราชธานี,ตาลสุม,ตาลสุม,34330
2502,342002,อุบลราชธานี,ตาลสุม,สำโรง,34330
2503,342003,อุบลราชธานี,ตาลสุม,จิกเทิง,34330
2504,342004,อุบลราชธานี,ตาลสุม,หนองกุง,34330
2505,342005,อุบลราชธานี,ตาลสุม,นาคาย,34330
2506,342006,อุบลราชธานี,ตาลสุม,คำหว้า,34330
2507,342101,อุบลราชธานี,โพธิ์ไทร,โพธิ์ไทร,34340
2508,342102,อุบลราชธานี,โพธิ์ไทร,ม่วงใหญ่,34340
2509,342103,อุบลราชธานี,โพธิ์ไทร,สำโรง,34340
2510,342104,อุบลราชธานี,โพธิ์ไทร,สองคอน,34340
2511,342105,อุบลราชธานี,โพธิ์ไทร,สารภี,34340
2512,342106,อุบลราชธานี,โพธิ์ไทร,เหล่างาม,34340
2513,342201,อุบลราชธานี,สำโรง,สำโรง,34360
2514,342202,อุบลราชธานี,สำโรง,โคกก่อง,34360
2515,342203,อุบลราชธานี,สำโรง,หนองไฮ,34360
2516,342204,อุบลราชธานี,สำโรง,ค้อน้อย,34360
2517,342205,อุบลราชธานี,สำโรง,โนนกาเล็น,34360
2518,342206,อุบลราชธานี,สำโรง,โคกสว่าง,34360
2519,342207,อุบลราชธานี,สำโรง,โนนกลาง,34360
2520,342208,อุบลราชธานี,สำโรง,บอน,34360
2521,342209,อุบลราชธานี,สำโรง,ขามป้อม,34360
2522,342401,อุบลราชธานี,ดอนมดแดง,ดอนมดแดง,34000
2523,342402,อุบลราชธานี,ดอนมดแดง,เหล่าแดง,34000
2524,342403,อุบลราชธานี,ดอนมดแดง,ท่าเมือง,34000
2525,342404,อุบลราชธานี,ดอนมดแดง,คำไฮใหญ่,34000
2526,342501,อุบลราชธานี,สิรินธร,คันไร่,34350
2527,342502,อุบลราชธานี,สิรินธร,ช่องเม็ก,34350
2528,342503,อุบลราชธานี,สิรินธร,โนนก่อ,34350
2529,342504,อุบลราชธานี,สิรินธร,นิคมลำโดมน้อย,34350
2530,342505,อุบลราชธานี,สิรินธร,ฝางคำ,34350
2531,342506,อุบลราชธานี,สิรินธร,คำเขื่อนแก้ว,34350
2532,342602,อุบลราชธานี,ทุ่งศรีอุดม,หนองอ้ม,34160
2533,342603,อุบลราชธานี,ทุ่งศรีอุดม,นาเกษม,34160
2534,342604,อุบลราชธานี,ทุ่งศรีอุดม,กุดเรือ,34160
2535,342605,อุบลราชธานี,ทุ่งศรีอุดม,โคกชำแระ,34160
2536,342606,อุบลราชธานี,ทุ่งศรีอุดม,นาห่อม,34160
2537,342901,อุบลราชธานี,นาเยีย,นาเยีย,34160
2538,342902,อุบลราชธานี,นาเยีย,นาดี,34160
2539,342903,อุบลราชธานี,นาเยีย,นาเรือง,34160
2540,343001,อุบลราชธานี,นาตาล,นาตาล,34170
2541,343002,อุบลราชธานี,นาตาล,พะลาน,34170
2542,343003,อุบลราชธานี,นาตาล,กองโพน,34170
2543,343004,อุบลราชธานี,นาตาล,พังเคน,34170
2544,343101,อุบลราชธานี,เหล่าเสือโก้ก,เหล่าเสือโก้ก,34000
2545,343102,อุบลราชธานี,เหล่าเสือโก้ก,โพนเมือง,34000
2546,343103,อุบลราชธานี,เหล่าเสือโก้ก,แพงใหญ่,34000
2547,343104,อุบลราชธานี,เหล่าเสือโก้ก,หนองบก,34000
2548,343201,อุบลราชธานี,สว่างวีระวงศ์,แก่งโดม,34190
2549,343202,อุบลราชธานี,สว่างวีระวงศ์,ท่าช้าง,34190
2550,343203,อุบลราชธานี,สว่างวีระวงศ์,บุ่งมะแลง,34190
2551,343204,อุบลราชธานี,สว่างวีระวงศ์,สว่าง,34190
2552,343301,อุบลราชธานี,น้ำขุ่น,ตาเกา,34260
2553,343302,อุบลราชธานี,น้ำขุ่น,ไพบูลย์,34260
2554,343303,อุบลราชธานี,น้ำขุ่น,ขี้เหล็ก,34260
2555,343304,อุบลราชธานี,น้ำขุ่น,โคกสะอาด,34260
2556,350101,ยโสธร,เมืองยโสธร,ในเมือง,35000
2557,350102,ยโสธร,เมืองยโสธร,น้ำคำใหญ่,35000
2558,350103,ยโสธร,เมืองยโสธร,ตาดทอง,35000
2559,350104,ยโสธร,เมืองยโสธร,สำราญ,35000
2560,350105,ยโสธร,เมืองยโสธร,ค้อเหนือ,35000
2561,350106,ยโสธร,เมืองยโสธร,ดู่ทุ่ง,35000
2562,350107,ยโสธร,เมืองยโสธร,เดิด,35000
2563,350108,ยโสธร,เมืองยโสธร,ขั้นไดใหญ่,35000
2564,350109,ยโสธร,เมืองยโสธร,ทุ่งแต้,35000
2565,350110,ยโสธร,เมืองยโสธร,สิงห์,35000
2566,350111,ยโสธร,เมืองยโสธร,นาสะไมย์,35000
2567,350112,ยโสธร,เมืองยโสธร,เขื่องคำ,35000
2568,350113,ยโสธร,เมืองยโสธร,หนองหิน,35000
2569,350114,ยโสธร,เมืองยโสธร,หนองคู,35000
2570,350115,ยโสธร,เมืองยโสธร,ขุมเงิน,35000
2571,350116,ยโสธร,เมืองยโสธร,ทุ่งนางโอก,35000
2572,350117,ยโสธร,เมืองยโสธร,หนองเรือ,35000
2573,350118,ยโสธร,เมืองยโสธร,หนองเป็ด,35000
2574,350201,ยโสธร,ทรายมูล,ทรายมูล,35170
2575,350202,ยโสธร,ทรายมูล,ดู่ลาด,35170
2576,350203,ยโสธร,ทรายมูล,ดงมะไฟ,35170
2577,350204,ยโสธร,ทรายมูล,นาเวียง,35170
2578,350205,ยโสธร,ทรายมูล,ไผ่,35170
2579,350301,ยโสธร,กุดชุม,กุดชุม,35140
2580,350302,ยโสธร,กุดชุม,โนนเปือย,35140
2581,350303,ยโสธร,กุดชุม,กำแมด,35140
2582,350304,ยโสธร,กุดชุม,นาโส่,35140
2583,350305,ยโสธร,กุดชุม,ห้วยแก้ง,35140
2584,350306,ยโสธร,กุดชุม,หนองหมี,35140
2585,350307,ยโสธร,กุดชุม,โพนงาม,35140
2586,350308,ยโสธร,กุดชุม,คำน้ำสร้าง,35140
2587,350309,ยโสธร,กุดชุม,หนองแหน,35140
2588,350401,ยโสธร,คำเขื่อนแก้ว,ลุมพุก,35110
2589,350402,ยโสธร,คำเขื่อนแก้ว,ย่อ,35110
2590,350403,ยโสธร,คำเขื่อนแก้ว,สงเปือย,35110
2591,350404,ยโสธร,คำเขื่อนแก้ว,โพนทัน,35110
2592,350405,ยโสธร,คำเขื่อนแก้ว,ทุ่งมน,35110
2593,350406,ยโสธร,คำเขื่อนแก้ว,นาคำ,35180
2594,350407,ยโสธร,คำเขื่อนแก้ว,ดงแคนใหญ่,35180
2595,350408,ยโสธร,คำเขื่อนแก้ว,กู่จาน,35110
2596,350409,ยโสธร,คำเขื่อนแก้ว,นาแก,35180
2597,350410,ยโสธร,คำเขื่อนแก้ว,กุดกุง,35110
2598,350411,ยโสธร,คำเขื่อนแก้ว,เหล่าไฮ,35110
2599,350412,ยโสธร,คำเขื่อนแก้ว,แคนน้อย,35180
2600,350413,ยโสธร,คำเขื่อนแก้ว,ดงเจริญ,35110
2601,350501,ยโสธร,ป่าติ้ว,โพธิ์ไทร,35150
2602,350502,ยโสธร,ป่าติ้ว,กระจาย,35150
2603,350503,ยโสธร,ป่าติ้ว,โคกนาโก,35150
2604,350504,ยโสธร,ป่าติ้ว,เชียงเพ็ง,35150
2605,350505,ยโสธร,ป่าติ้ว,ศรีฐาน,35150
2606,350601,ยโสธร,มหาชนะชัย,ฟ้าหยาด,35130
2607,350602,ยโสธร,มหาชนะชัย,หัวเมือง,35130
2608,350603,ยโสธร,มหาชนะชัย,คูเมือง,35130
2609,350604,ยโสธร,มหาชนะชัย,ผือฮี,35130
2610,350605,ยโสธร,มหาชนะชัย,บากเรือ,35130
2611,350606,ยโสธร,มหาชนะชัย,ม่วง,35130
2612,350607,ยโสธร,มหาชนะชัย,โนนทราย,35130
2613,350608,ยโสธร,มหาชนะชัย,บึงแก,35130
2614,350609,ยโสธร,มหาชนะชัย,พระเสาร์,35130
2615,350610,ยโสธร,มหาชนะชัย,สงยาง,35130
2616,350701,ยโสธร,ค้อวัง,ฟ้าห่วน,35160
2617,350702,ยโสธร,ค้อวัง,กุดน้ำใส,35160
2618,350703,ยโสธร,ค้อวัง,น้ำอ้อม,35160
2619,350704,ยโสธร,ค้อวัง,ค้อวัง,35160
2620,350802,ยโสธร,เลิงนกทา,บุ่งค้า,35120
2621,350803,ยโสธร,เลิงนกทา,สวาท,35120
2622,350805,ยโสธร,เลิงนกทา,ห้องแซง,35120
2623,350806,ยโสธร,เลิงนกทา,สามัคคี,35120
2624,350807,ยโสธร,เลิงนกทา,กุดเชียงหมี,35120
2625,350810,ยโสธร,เลิงนกทา,สามแยก,35120
2626,350811,ยโสธร,เลิงนกทา,กุดแห่,35120
2627,350812,ยโสธร,เลิงนกทา,โคกสำราญ,35120
2628,350813,ยโสธร,เลิงนกทา,สร้างมิ่ง,35120
2629,350814,ยโสธร,เลิงนกทา,ศรีแก้ว,35120
2630,350901,ยโสธร,ไทยเจริญ,ไทยเจริญ,35120
2631,350902,ยโสธร,ไทยเจริญ,น้ำคำ,35120
2632,350903,ยโสธร,ไทยเจริญ,ส้มผ่อ,35120
2633,350904,ยโสธร,ไทยเจริญ,คำเตย,35120
2634,350905,ยโสธร,ไทยเจริญ,คำไผ่,35120
2635,360101,ชัยภูมิ,เมืองชัยภูมิ,ในเมือง,36000
2636,360102,ชัยภูมิ,เมืองชัยภูมิ,รอบเมือง,36000
2637,360103,ชัยภูมิ,เมืองชัยภูมิ,โพนทอง,36000
2638,360104,ชัยภูมิ,เมืองชัยภูมิ,นาฝาย,36000
2639,360105,ชัยภูมิ,เมืองชัยภูมิ,บ้านค่าย,36240
2640,360106,ชัยภูมิ,เมืองชัยภูมิ,กุดตุ้ม,36000
2641,360107,ชัยภูมิ,เมืองชัยภูมิ,ชีลอง,36000
2642,360108,ชัยภูมิ,เมืองชัยภูมิ,บ้านเล่า,36000
2643,360109,ชัยภูมิ,เมืองชัยภูมิ,นาเสียว,36000
2644,360110,ชัยภูมิ,เมืองชัยภูมิ,หนองนาแซง,36000
2645,360111,ชัยภูมิ,เมืองชัยภูมิ,ลาดใหญ่,36000
2646,360112,ชัยภูมิ,เมืองชัยภูมิ,หนองไผ่,36240
2647,360113,ชัยภูมิ,เมืองชัยภูมิ,ท่าหินโงม,36000
2648,360114,ชัยภูมิ,เมืองชัยภูมิ,ห้วยต้อน,36000
2649,360115,ชัยภูมิ,เมืองชัยภูมิ,ห้วยบง,36000
2650,360116,ชัยภูมิ,เมืองชัยภูมิ,โนนสำราญ,36240
2651,360117,ชัยภูมิ,เมืองชัยภูมิ,โคกสูง,36000
2652,360118,ชัยภูมิ,เมืองชัยภูมิ,บุ่งคล้า,36000
2653,360119,ชัยภูมิ,เมืองชัยภูมิ,ซับสีทอง,36000
2654,360201,ชัยภูมิ,บ้านเขว้า,บ้านเขว้า,36170
2655,360202,ชัยภูมิ,บ้านเขว้า,ตลาดแร้ง,36170
2656,360203,ชัยภูมิ,บ้านเขว้า,ลุ่มลำชี,36170
2657,360204,ชัยภูมิ,บ้านเขว้า,ชีบน,36170
2658,360205,ชัยภูมิ,บ้านเขว้า,ภูแลนคา,36170
2659,360206,ชัยภูมิ,บ้านเขว้า,โนนแดง,36170
2660,360301,ชัยภูมิ,คอนสวรรค์,คอนสวรรค์,36140
2661,360302,ชัยภูมิ,คอนสวรรค์,ยางหวาย,36140
2662,360303,ชัยภูมิ,คอนสวรรค์,ช่องสามหมอ,36140
2663,360304,ชัยภูมิ,คอนสวรรค์,โนนสะอาด,36140
2664,360305,ชัยภูมิ,คอนสวรรค์,ห้วยไร่,36140
2665,360306,ชัยภูมิ,คอนสวรรค์,บ้านโสก,36140
2666,360307,ชัยภูมิ,คอนสวรรค์,โคกมั่งงอย,36140
2667,360308,ชัยภูมิ,คอนสวรรค์,หนองขาม,36140
2668,360309,ชัยภูมิ,คอนสวรรค์,ศรีสำราญ,36140
2669,360401,ชัยภูมิ,เกษตรสมบูรณ์,บ้านยาง,36120
2670,360402,ชัยภูมิ,เกษตรสมบูรณ์,บ้านหัน,36120
2671,360403,ชัยภูมิ,เกษตรสมบูรณ์,บ้านเดื่อ,36120
2672,360404,ชัยภูมิ,เกษตรสมบูรณ์,บ้านเป้า,36120
2673,360405,ชัยภูมิ,เกษตรสมบูรณ์,กุดเลาะ,36120
2674,360406,ชัยภูมิ,เกษตรสมบูรณ์,โนนกอก,36120
2675,360407,ชัยภูมิ,เกษตรสมบูรณ์,สระโพนทอง,36120
2676,360408,ชัยภูมิ,เกษตรสมบูรณ์,หนองข่า,36120
2677,360409,ชัยภูมิ,เกษตรสมบูรณ์,หนองโพนงาม,36120
2678,360410,ชัยภูมิ,เกษตรสมบูรณ์,บ้านบัว,36120
2679,360411,ชัยภูมิ,เกษตรสมบูรณ์,ซับสีทอง,36000
2680,360412,ชัยภูมิ,เกษตรสมบูรณ์,โนนทอง,36120
2681,360501,ชัยภูมิ,หนองบัวแดง,หนองบัวแดง,36210
2682,360502,ชัยภูมิ,หนองบัวแดง,กุดชุมแสง,36210
2683,360503,ชัยภูมิ,หนองบัวแดง,ถ้ำวัวแดง,36210
2684,360504,ชัยภูมิ,หนองบัวแดง,นางแดด,36210
2685,360507,ชัยภูมิ,หนองบัวแดง,หนองแวง,36210
2686,360508,ชัยภูมิ,หนองบัวแดง,คูเมือง,36210
2687,360509,ชัยภูมิ,หนองบัวแดง,ท่าใหญ่,36210
2688,360511,ชัยภูมิ,หนองบัวแดง,วังชมภู,36210
2689,360601,ชัยภูมิ,จัตุรัส,บ้านกอก,36130
2690,360602,ชัยภูมิ,จัตุรัส,หนองบัวบาน,36130
2691,360603,ชัยภูมิ,จัตุรัส,บ้านขาม,36130
2692,360605,ชัยภูมิ,จัตุรัส,กุดน้ำใส,36130
2693,360606,ชัยภูมิ,จัตุรัส,หนองโดน,36130
2694,360607,ชัยภูมิ,จัตุรัส,ละหาน,36130
2695,360610,ชัยภูมิ,จัตุรัส,หนองบัวใหญ่,36130
2696,360611,ชัยภูมิ,จัตุรัส,หนองบัวโคก,36220
2697,360613,ชัยภูมิ,จัตุรัส,ส้มป่อย,36130
2698,360701,ชัยภูมิ,บำเหน็จณรงค์,บ้านชวน,36160
2699,360702,ชัยภูมิ,บำเหน็จณรงค์,บ้านเพชร,36160
2700,360703,ชัยภูมิ,บำเหน็จณรงค์,บ้านตาล,36220
2701,360704,ชัยภูมิ,บำเหน็จณรงค์,หัวทะเล,36220
2702,360705,ชัยภูมิ,บำเหน็จณรงค์,โคกเริงรมย์,36160
2703,360706,ชัยภูมิ,บำเหน็จณรงค์,เกาะมะนาว,36160
2704,360707,ชัยภูมิ,บำเหน็จณรงค์,โคกเพชรพัฒนา,36160
2705,360801,ชัยภูมิ,หนองบัวระเหว,หนองบัวระเหว,36250
2706,360802,ชัยภูมิ,หนองบัวระเหว,วังตะเฆ่,36250
2707,360803,ชัยภูมิ,หนองบัวระเหว,ห้วยแย้,36250
2708,360804,ชัยภูมิ,หนองบัวระเหว,โคกสะอาด,36250
2709,360805,ชัยภูมิ,หนองบัวระเหว,โสกปลาดุก,36250
2710,360901,ชัยภูมิ,เทพสถิต,วะตะแบก,36230
2711,360902,ชัยภูมิ,เทพสถิต,ห้วยยายจิ๋ว,36230
2712,360903,ชัยภูมิ,เทพสถิต,นายางกลัก,36230
2713,360904,ชัยภูมิ,เทพสถิต,บ้านไร่,36230
2714,360905,ชัยภูมิ,เทพสถิต,โป่งนก,36230
2715,361001,ชัยภูมิ,ภูเขียว,ผักปัง,36110
2716,361002,ชัยภูมิ,ภูเขียว,กวางโจน,36110
2717,361003,ชัยภูมิ,ภูเขียว,หนองคอนไทย,36110
2718,361004,ชัยภูมิ,ภูเขียว,บ้านแก้ง,36110
2719,361005,ชัยภูมิ,ภูเขียว,กุดยม,36110
2720,361006,ชัยภูมิ,ภูเขียว,บ้านเพชร,36110
2721,361007,ชัยภูมิ,ภูเขียว,โคกสะอาด,36110
2722,361008,ชัยภูมิ,ภูเขียว,หนองตูม,36110
2723,361009,ชัยภูมิ,ภูเขียว,โอโล,36110
2724,361010,ชัยภูมิ,ภูเขียว,ธาตุทอง,36110
2725,361011,ชัยภูมิ,ภูเขียว,บ้านดอน,36110
2726,361101,ชัยภูมิ,บ้านแท่น,บ้านแท่น,36190
2727,361102,ชัยภูมิ,บ้านแท่น,สามสวน,36190
2728,361103,ชัยภูมิ,บ้านแท่น,สระพัง,36190
2729,361104,ชัยภูมิ,บ้านแท่น,บ้านเต่า,36190
2730,361105,ชัยภูมิ,บ้านแท่น,หนองคู,36190
2731,361201,ชัยภูมิ,แก้งคร้อ,ช่องสามหมอ,36150
2732,361202,ชัยภูมิ,แก้งคร้อ,หนองขาม,36150
2733,361203,ชัยภูมิ,แก้งคร้อ,นาหนองทุ่ม,36150
2734,361204,ชัยภูมิ,แก้งคร้อ,บ้านแก้ง,36150
2735,361205,ชัยภูมิ,แก้งคร้อ,หนองสังข์,36150
2736,361206,ชัยภูมิ,แก้งคร้อ,หลุบคา,36150
2737,361207,ชัยภูมิ,แก้งคร้อ,โคกกุง,36150
2738,361208,ชัยภูมิ,แก้งคร้อ,เก่าย่าดี,36150
2739,361209,ชัยภูมิ,แก้งคร้อ,ท่ามะไฟหวาน,36150
2740,361210,ชัยภูมิ,แก้งคร้อ,หนองไผ่,36150
2741,361301,ชัยภูมิ,คอนสาร,คอนสาร,36180
2742,361302,ชัยภูมิ,คอนสาร,ทุ่งพระ,36180
2743,361303,ชัยภูมิ,คอนสาร,โนนคูณ,36180
2744,361304,ชัยภูมิ,คอนสาร,ห้วยยาง,36180
2745,361305,ชัยภูมิ,คอนสาร,ทุ่งลุยลาย,36180
2746,361306,ชัยภูมิ,คอนสาร,ดงบัง,36180
2747,361307,ชัยภูมิ,คอนสาร,ทุ่งนาเลา,36180
2748,361308,ชัยภูมิ,คอนสาร,ดงกลาง,36180
2749,361401,ชัยภูมิ,ภักดีชุมพล,บ้านเจียง,36260
2750,361402,ชัยภูมิ,ภักดีชุมพล,เจาทอง,36260
2751,361403,ชัยภูมิ,ภักดีชุมพล,วังทอง,36260
2752,361404,ชัยภูมิ,ภักดีชุมพล,แหลมทอง,36260
2753,361501,ชัยภูมิ,เนินสง่า,หนองฉิม,36130
2754,361502,ชัยภูมิ,เนินสง่า,ตาเนิน,36130
2755,361503,ชัยภูมิ,เนินสง่า,กะฮาด,36130
2756,361504,ชัยภูมิ,เนินสง่า,รังงาม,36130
2757,361601,ชัยภูมิ,ซับใหญ่,ซับใหญ่,36130
2758,361602,ชัยภูมิ,ซับใหญ่,ท่ากูบ,36130
2759,361603,ชัยภูมิ,ซับใหญ่,ตะโกทอง,36130
2760,370101,อำนาจเจริญ,เมืองอำนาจเจริญ,บุ่ง,37000
2761,370102,อำนาจเจริญ,เมืองอำนาจเจริญ,ไก่คำ,37000
2762,370103,อำนาจเจริญ,เมืองอำนาจเจริญ,นาจิก,37000
2763,370104,อำนาจเจริญ,เมืองอำนาจเจริญ,ปลาค้าว,37000
2764,370105,อำนาจเจริญ,เมืองอำนาจเจริญ,เหล่าพรวน,37000
2765,370106,อำนาจเจริญ,เมืองอำนาจเจริญ,สร้างนกทา,37000
2766,370107,อำนาจเจริญ,เมืองอำนาจเจริญ,คึมใหญ่,37000
2767,370108,อำนาจเจริญ,เมืองอำนาจเจริญ,นาผือ,37000
2768,370109,อำนาจเจริญ,เมืองอำนาจเจริญ,น้ำปลีก,37000
2769,370110,อำนาจเจริญ,เมืองอำนาจเจริญ,นาวัง,37000
2770,370111,อำนาจเจริญ,เมืองอำนาจเจริญ,นาหมอม้า,37000
2771,370112,อำนาจเจริญ,เมืองอำนาจเจริญ,โนนโพธิ์,37000
2772,370113,อำนาจเจริญ,เมืองอำนาจเจริญ,โนนหนามแท่ง,37000
2773,370114,อำนาจเจริญ,เมืองอำนาจเจริญ,ห้วยไร่,37000
2774,370115,อำนาจเจริญ,เมืองอำนาจเจริญ,หนองมะแซว,37000
2775,370116,อำนาจเจริญ,เมืองอำนาจเจริญ,กุดปลาดุก,37000
2776,370117,อำนาจเจริญ,เมืองอำนาจเจริญ,ดอนเมย,37000
2777,370118,อำนาจเจริญ,เมืองอำนาจเจริญ,นายม,37000
2778,370119,อำนาจเจริญ,เมืองอำนาจเจริญ,นาแต้,37000
2779,370201,อำนาจเจริญ,ชานุมาน,ชานุมาน,37210
2780,370202,อำนาจเจริญ,ชานุมาน,โคกสาร,37210
2781,370203,อำนาจเจริญ,ชานุมาน,คำเขื่อนแก้ว,37210
2782,370204,อำนาจเจริญ,ชานุมาน,โคกก่ง,37210
2783,370205,อำนาจเจริญ,ชานุมาน,ป่าก่อ,37210
2784,370301,อำนาจเจริญ,ปทุมราชวงศา,หนองข่า,37110
2785,370302,อำนาจเจริญ,ปทุมราชวงศา,คำโพน,37110
2786,370303,อำนาจเจริญ,ปทุมราชวงศา,นาหว้า,37110
2787,370304,อำนาจเจริญ,ปทุมราชวงศา,ลือ,37110
2788,370305,อำนาจเจริญ,ปทุมราชวงศา,ห้วย,37110
2789,370306,อำนาจเจริญ,ปทุมราชวงศา,โนนงาม,37110
2790,370307,อำนาจเจริญ,ปทุมราชวงศา,นาป่าแซง,37110
2791,370401,อำนาจเจริญ,พนา,พนา,37180
2792,370402,อำนาจเจริญ,พนา,จานลาน,37180
2793,370403,อำนาจเจริญ,พนา,ไม้กลอน,37180
2794,370404,อำนาจเจริญ,พนา,พระเหลา,37180
2795,370501,อำนาจเจริญ,เสนางคนิคม,เสนางคนิคม,37290
2796,370502,อำนาจเจริญ,เสนางคนิคม,โพนทอง,37290
2797,370503,อำนาจเจริญ,เสนางคนิคม,ไร่สีสุก,37290
2798,370504,อำนาจเจริญ,เสนางคนิคม,นาเวียง,37290
2799,370505,อำนาจเจริญ,เสนางคนิคม,หนองไฮ,37290
2800,370506,อำนาจเจริญ,เสนางคนิคม,หนองสามสี,37290
2801,370601,อำนาจเจริญ,หัวตะพาน,หัวตะพาน,37240
2802,370602,อำนาจเจริญ,หัวตะพาน,คำพระ,37240
2803,370603,อำนาจเจริญ,หัวตะพาน,เค็งใหญ่,37240
2804,370604,อำนาจเจริญ,หัวตะพาน,หนองแก้ว,37240
2805,370605,อำนาจเจริญ,หัวตะพาน,โพนเมืองน้อย,37240
2806,370606,อำนาจเจริญ,หัวตะพาน,สร้างถ่อน้อย,37240
2807,370607,อำนาจเจริญ,หัวตะพาน,จิกดู่,37240
2808,370608,อำนาจเจริญ,หัวตะพาน,รัตนวารี,37240
2809,370701,อำนาจเจริญ,ลืออำนาจ,อำนาจ,37000
2810,370702,อำนาจเจริญ,ลืออำนาจ,ดงมะยาง,37000
2811,370703,อำนาจเจริญ,ลืออำนาจ,เปือย,37000
2812,370704,อำนาจเจริญ,ลืออำนาจ,ดงบัง,37000
2813,370705,อำนาจเจริญ,ลืออำนาจ,ไร่ขี,37000
2814,370706,อำนาจเจริญ,ลืออำนาจ,แมด,37000
2815,370707,อำนาจเจริญ,ลืออำนาจ,โคกกลาง,37000
3356,380101,บึงกาฬ,เมืองบึงกาฬ,คำนาดี,38000
3351,380102,บึงกาฬ,เมืองบึงกาฬ,โคกก่อง,38000
3353,380103,บึงกาฬ,เมืองบึงกาฬ,ไคสี,38000
3354,380104,บึงกาฬ,เมืองบึงกาฬ,ชัยพร,38000
3352,380105,บึงกาฬ,เมืองบึงกาฬ,นาสวรรค์,38000
3347,380106,บึงกาฬ,เมืองบึงกาฬ,โนนสมบูรณ์,38000
3346,380107,บึงกาฬ,เมืองบึงกาฬ,บึงกาฬ,38000
3357,380108,บึงกาฬ,เมืองบึงกาฬ,โป่งเปือย,38000
3355,380109,บึงกาฬ,เมืองบึงกาฬ,วิศิษฐ์,38000
3348,380110,บึงกาฬ,เมืองบึงกาฬ,หนองเข็ง,38000
3350,380111,บึงกาฬ,เมืองบึงกาฬ,หนองเลิง,38000
3349,380112,บึงกาฬ,เมืองบึงกาฬ,หอคำ,38000
3393,380201,บึงกาฬ,เซกา,ซาง,38150
3392,380202,บึงกาฬ,เซกา,เซกา,38150
3394,380203,บึงกาฬ,เซกา,ท่ากกแดง,38150
3398,380204,บึงกาฬ,เซกา,ท่าสะอาด,38150
3397,380205,บึงกาฬ,เซกา,น้ำจั้น,38150
3395,380206,บึงกาฬ,เซกา,บ้านต้อง,38150
3396,380207,บึงกาฬ,เซกา,ป่งไฮ,38150
3400,380208,บึงกาฬ,เซกา,โสกก่าม,38150
3399,380209,บึงกาฬ,เซกา,หนองทุ่ม,38150
3379,380301,บึงกาฬ,โซ่พิสัย,คำแก้ว,38170
3376,380302,บึงกาฬ,โซ่พิสัย,โซ่,38170
3381,380303,บึงกาฬ,โซ่พิสัย,ถ้ำเจริญ,38170
3380,380304,บึงกาฬ,โซ่พิสัย,บัวตูม,38170
3358,380305,บึงกาฬ,พรเจริญ,ศรีชมภู,38180
3377,380306,บึงกาฬ,โซ่พิสัย,หนองพันทา,38170
3382,380307,บึงกาฬ,โซ่พิสัย,เหล่าทอง,38170
3359,380401,บึงกาฬ,พรเจริญ,ดอนหญ้านาง,38180
3363,380402,บึงกาฬ,พรเจริญ,ป่าแฝก,38180
3360,380403,บึงกาฬ,พรเจริญ,พรเจริญ,38180
3362,380404,บึงกาฬ,พรเจริญ,วังชมภู,38180
3378,380405,บึงกาฬ,โซ่พิสัย,ศรีชมภู,38170
3364,380406,บึงกาฬ,พรเจริญ,ศรีสำราญ,38180
3361,380407,บึงกาฬ,พรเจริญ,หนองหัวช้าง,38180
3412,380501,บึงกาฬ,ศรีวิไล,ชุมภูพร,38210
3414,380502,บึงกาฬ,ศรีวิไล,นาสะแบง,38210
3415,380503,บึงกาฬ,ศรีวิไล,นาสิงห์,38210
3413,380504,บึงกาฬ,ศรีวิไล,นาแสง,38210
3411,380505,บึงกาฬ,ศรีวิไล,ศรีวิไล,38210
3409,380601,บึงกาฬ,บึงโขงหลง,ดงบัง,38220
3410,380602,บึงกาฬ,บึงโขงหลง,ท่าดอกคำ,38220
3407,380603,บึงกาฬ,บึงโขงหลง,บึงโขงหลง,38220
3408,380604,บึงกาฬ,บึงโขงหลง,โพธิ์หมากแข้ง,38220
3403,380701,บึงกาฬ,ปากคาด,นากั้ง,38190
3406,380702,บึงกาฬ,ปากคาด,นาดง,38190
3404,380703,บึงกาฬ,ปากคาด,โนนศิลา,38190
3401,380704,บึงกาฬ,ปากคาด,ปากคาด,38190
3405,380705,บึงกาฬ,ปากคาด,สมสนุก,38190
3402,380706,บึงกาฬ,ปากคาด,หนองยอง,38190
3418,380801,บึงกาฬ,บุ่งคล้า,โคกกว้าง,38000
3416,380802,บึงกาฬ,บุ่งคล้า,บุ่งคล้า,38000
3417,380803,บึงกาฬ,บุ่งคล้า,หนองเดิ่น,38000
2816,390101,หนองบัวลำภู,เมืองหนองบัวลำภู,หนองบัว,39000
2817,390102,หนองบัวลำภู,เมืองหนองบัวลำภู,หนองภัยศูนย์,39000
2818,390103,หนองบัวลำภู,เมืองหนองบัวลำภู,โพธิ์ชัย,39000
2819,390104,หนองบัวลำภู,เมืองหนองบัวลำภู,หนองสวรรค์,39000
2820,390105,หนองบัวลำภู,เมืองหนองบัวลำภู,หัวนา,39000
2821,390106,หนองบัวลำภู,เมืองหนองบัวลำภู,บ้านขาม,39000
2822,390107,หนองบัวลำภู,เมืองหนองบัวลำภู,นามะเฟือง,39000
2823,390108,หนองบัวลำภู,เมืองหนองบัวลำภู,บ้านพร้าว,39000
2824,390109,หนองบัวลำภู,เมืองหนองบัวลำภู,โนนขมิ้น,39000
2825,390110,หนองบัวลำภู,เมืองหนองบัวลำภู,ลำภู,39000
2826,390111,หนองบัวลำภู,เมืองหนองบัวลำภู,กุดจิก,39000
2827,390112,หนองบัวลำภู,เมืองหนองบัวลำภู,โนนทัน,39000
2828,390113,หนองบัวลำภู,เมืองหนองบัวลำภู,นาคำไฮ,39000
2829,390114,หนองบัวลำภู,เมืองหนองบัวลำภู,ป่าไม้งาม,39000
2830,390115,หนองบัวลำภู,เมืองหนองบัวลำภู,หนองหว้า,39000
2831,390201,หนองบัวลำภู,นากลาง,นากลาง,39170
2832,390202,หนองบัวลำภู,นากลาง,ด่านช้าง,39170
2833,390205,หนองบัวลำภู,นากลาง,กุดดินจี่,39350
2834,390206,หนองบัวลำภู,นากลาง,ฝั่งแดง,39170
2835,390207,หนองบัวลำภู,นากลาง,เก่ากลอย,39350
2836,390209,หนองบัวลำภู,นากลาง,โนนเมือง,39170
2837,390210,หนองบัวลำภู,นากลาง,อุทัยสวรรค์,39170
2838,390211,หนองบัวลำภู,นากลาง,ดงสวรรค์,39350
2839,390213,หนองบัวลำภู,นากลาง,กุดแห่,39170
2840,390301,หนองบัวลำภู,โนนสัง,โนนสัง,39140
2841,390302,หนองบัวลำภู,โนนสัง,บ้านถิ่น,39140
2842,390303,หนองบัวลำภู,โนนสัง,หนองเรือ,39140
2843,390304,หนองบัวลำภู,โนนสัง,กุดดู่,39140
2844,390305,หนองบัวลำภู,โนนสัง,บ้านค้อ,39140
2845,390306,หนองบัวลำภู,โนนสัง,โนนเมือง,39140
2846,390307,หนองบัวลำภู,โนนสัง,โคกใหญ่,39140
2847,390308,หนองบัวลำภู,โนนสัง,โคกม่วง,39140
2848,390309,หนองบัวลำภู,โนนสัง,นิคมพัฒนา,39140
2849,390310,หนองบัวลำภู,โนนสัง,ปางกู่,39140
2850,390401,หนองบัวลำภู,ศรีบุญเรือง,เมืองใหม่,39180
2851,390402,หนองบัวลำภู,ศรีบุญเรือง,ศรีบุญเรือง,39180
2852,390403,หนองบัวลำภู,ศรีบุญเรือง,หนองบัวใต้,39180
2853,390404,หนองบัวลำภู,ศรีบุญเรือง,กุดสะเทียน,39180
2854,390405,หนองบัวลำภู,ศรีบุญเรือง,นากอก,39180
2855,390406,หนองบัวลำภู,ศรีบุญเรือง,โนนสะอาด,39180
2856,390407,หนองบัวลำภู,ศรีบุญเรือง,ยางหล่อ,39180
2857,390408,หนองบัวลำภู,ศรีบุญเรือง,โนนม่วง,39180
2858,390409,หนองบัวลำภู,ศรีบุญเรือง,หนองกุงแก้ว,39180
2859,390410,หนองบัวลำภู,ศรีบุญเรือง,หนองแก,39180
2860,390411,หนองบัวลำภู,ศรีบุญเรือง,ทรายทอง,39180
2861,390412,หนองบัวลำภู,ศรีบุญเรือง,หันนางาม,39180
2862,390501,หนองบัวลำภู,สุวรรณคูหา,นาสี,39270
2863,390502,หนองบัวลำภู,สุวรรณคูหา,บ้านโคก,39270
2864,390503,หนองบัวลำภู,สุวรรณคูหา,นาดี,39270
2865,390504,หนองบัวลำภู,สุวรรณคูหา,นาด่าน,39270
2866,390505,หนองบัวลำภู,สุวรรณคูหา,ดงมะไฟ,39270
2867,390506,หนองบัวลำภู,สุวรรณคูหา,สุวรรณคูหา,39270
2868,390507,หนองบัวลำภู,สุวรรณคูหา,บุญทัน,39270
2869,390508,หนองบัวลำภู,สุวรรณคูหา,กุดผึ้ง,39270
2870,390601,หนองบัวลำภู,นาวัง,นาเหล่า,39170
2871,390602,หนองบัวลำภู,นาวัง,นาแก,39170
2872,390603,หนองบัวลำภู,นาวัง,วังทอง,39170
2873,390604,หนองบัวลำภู,นาวัง,วังปลาป้อม,39170
2874,390605,หนองบัวลำภู,นาวัง,เทพคีรี,39170
2875,400101,ขอนแก่น,เมืองขอนแก่น,ในเมือง,40000
2876,400102,ขอนแก่น,เมืองขอนแก่น,สำราญ,40000
2877,400103,ขอนแก่น,เมืองขอนแก่น,โคกสี,40000
2878,400104,ขอนแก่น,เมืองขอนแก่น,ท่าพระ,40260
2879,400105,ขอนแก่น,เมืองขอนแก่น,บ้านทุ่ม,40000
2880,400106,ขอนแก่น,เมืองขอนแก่น,เมืองเก่า,40000
2881,400107,ขอนแก่น,เมืองขอนแก่น,พระลับ,40000
2882,400108,ขอนแก่น,เมืองขอนแก่น,สาวะถี,40000
2883,400109,ขอนแก่น,เมืองขอนแก่น,บ้านหว้า,40000
2884,400110,ขอนแก่น,เมืองขอนแก่น,บ้านค้อ,40000
2885,400111,ขอนแก่น,เมืองขอนแก่น,แดงใหญ่,40000
2886,400112,ขอนแก่น,เมืองขอนแก่น,ดอนช้าง,40000
2887,400113,ขอนแก่น,เมืองขอนแก่น,ดอนหัน,40260
2888,400114,ขอนแก่น,เมืองขอนแก่น,ศิลา,40000
2889,400115,ขอนแก่น,เมืองขอนแก่น,บ้านเป็ด,40000
2890,400116,ขอนแก่น,เมืองขอนแก่น,หนองตูม,40000
2891,400117,ขอนแก่น,เมืองขอนแก่น,บึงเนียม,40000
2892,400118,ขอนแก่น,เมืองขอนแก่น,โนนท่อน,40000
2893,400201,ขอนแก่น,บ้านฝาง,หนองบัว,40270
2894,400202,ขอนแก่น,บ้านฝาง,ป่าหวายนั่ง,40270
2895,400203,ขอนแก่น,บ้านฝาง,โนนฆ้อง,40270
2896,400204,ขอนแก่น,บ้านฝาง,บ้านเหล่า,40270
2897,400205,ขอนแก่น,บ้านฝาง,ป่ามะนาว,40270
2898,400206,ขอนแก่น,บ้านฝาง,บ้านฝาง,40270
2899,400207,ขอนแก่น,บ้านฝาง,โคกงาม,40270
2900,400301,ขอนแก่น,พระยืน,พระยืน,40320
2901,400302,ขอนแก่น,พระยืน,พระบุ,40320
2902,400303,ขอนแก่น,พระยืน,บ้านโต้น,40320
2903,400304,ขอนแก่น,พระยืน,หนองแวง,40320
2904,400305,ขอนแก่น,พระยืน,ขามป้อม,40320
2905,400401,ขอนแก่น,หนองเรือ,หนองเรือ,40210
2906,400402,ขอนแก่น,หนองเรือ,บ้านเม็ง,40210
2907,400403,ขอนแก่น,หนองเรือ,บ้านกง,40240
2908,400404,ขอนแก่น,หนองเรือ,ยางคำ,40240
2909,400405,ขอนแก่น,หนองเรือ,จระเข้,40240
2910,400406,ขอนแก่น,หนองเรือ,โนนทอง,40210
2911,400407,ขอนแก่น,หนองเรือ,กุดกว้าง,40210
2912,400408,ขอนแก่น,หนองเรือ,โนนทัน,40210
2913,400409,ขอนแก่น,หนองเรือ,โนนสะอาด,40210
2914,400410,ขอนแก่น,หนองเรือ,บ้านผือ,40240
2915,400501,ขอนแก่น,ชุมแพ,ชุมแพ,40130
2916,400502,ขอนแก่น,ชุมแพ,โนนหัน,40290
2917,400503,ขอนแก่น,ชุมแพ,นาหนองทุ่ม,40290
2918,400504,ขอนแก่น,ชุมแพ,โนนอุดม,40130
2919,400505,ขอนแก่น,ชุมแพ,ขัวเรียง,40130
2920,400506,ขอนแก่น,ชุมแพ,หนองไผ่,40130
2921,400507,ขอนแก่น,ชุมแพ,ไชยสอ,40130
2922,400508,ขอนแก่น,ชุมแพ,วังหินลาด,40130
2923,400509,ขอนแก่น,ชุมแพ,นาเพียง,40130
2924,400510,ขอนแก่น,ชุมแพ,หนองเขียด,40290
2925,400511,ขอนแก่น,ชุมแพ,หนองเสาเล้า,40130
2926,400512,ขอนแก่น,ชุมแพ,โนนสะอาด,40290
2927,400601,ขอนแก่น,สีชมพู,สีชมพู,40220
2928,400602,ขอนแก่น,สีชมพู,ศรีสุข,40220
2929,400603,ขอนแก่น,สีชมพู,นาจาน,40220
2930,400604,ขอนแก่น,สีชมพู,วังเพิ่ม,40220
2931,400605,ขอนแก่น,สีชมพู,ซำยาง,40220
2932,400606,ขอนแก่น,สีชมพู,หนองแดง,40220
2933,400607,ขอนแก่น,สีชมพู,ดงลาน,40220
2934,400608,ขอนแก่น,สีชมพู,บริบูรณ์,40220
2935,400609,ขอนแก่น,สีชมพู,บ้านใหม่,40220
2936,400610,ขอนแก่น,สีชมพู,ภูห่าน,40220
2937,400701,ขอนแก่น,น้ำพอง,น้ำพอง,40140
2938,400702,ขอนแก่น,น้ำพอง,วังชัย,40140
2939,400703,ขอนแก่น,น้ำพอง,หนองกุง,40140
2940,400704,ขอนแก่น,น้ำพอง,บัวใหญ่,40140
2941,400705,ขอนแก่น,น้ำพอง,สะอาด,40310
2942,400706,ขอนแก่น,น้ำพอง,ม่วงหวาน,40310
2943,400707,ขอนแก่น,น้ำพอง,บ้านขาม,40140
2944,400708,ขอนแก่น,น้ำพอง,บัวเงิน,40140
2945,400709,ขอนแก่น,น้ำพอง,ทรายมูล,40140
2946,400710,ขอนแก่น,น้ำพอง,ท่ากระเสริม,40140
2947,400711,ขอนแก่น,น้ำพอง,พังทุย,40140
2948,400712,ขอนแก่น,น้ำพอง,กุดน้ำใส,40140
2949,400801,ขอนแก่น,อุบลรัตน์,โคกสูง,40250
2950,400802,ขอนแก่น,อุบลรัตน์,บ้านดง,40250
2951,400803,ขอนแก่น,อุบลรัตน์,เขื่อนอุบลรัตน์,40250
2952,400804,ขอนแก่น,อุบลรัตน์,นาคำ,40250
2953,400805,ขอนแก่น,อุบลรัตน์,ศรีสุขสำราญ,40250
2954,400806,ขอนแก่น,อุบลรัตน์,ทุ่งโป่ง,40250
2955,400901,ขอนแก่น,กระนวน,หนองโก,40170
2956,400902,ขอนแก่น,กระนวน,หนองกุงใหญ่,40170
2957,400905,ขอนแก่น,กระนวน,ห้วยโจด,40170
2958,400906,ขอนแก่น,กระนวน,ห้วยยาง,40170
2959,400907,ขอนแก่น,กระนวน,บ้านฝาง,40170
2960,400909,ขอนแก่น,กระนวน,ดูนสาด,40170
2961,400910,ขอนแก่น,กระนวน,หนองโน,40170
2962,400911,ขอนแก่น,กระนวน,น้ำอ้อม,40170
2963,400912,ขอนแก่น,กระนวน,หัวนาคำ,40170
2964,401001,ขอนแก่น,บ้านไผ่,บ้านไผ่,40110
2965,401002,ขอนแก่น,บ้านไผ่,ในเมือง,40110
2966,401005,ขอนแก่น,บ้านไผ่,เมืองเพีย,40110
2967,401009,ขอนแก่น,บ้านไผ่,บ้านลาน,40110
2968,401010,ขอนแก่น,บ้านไผ่,แคนเหนือ,40110
2969,401011,ขอนแก่น,บ้านไผ่,ภูเหล็ก,40110
2970,401013,ขอนแก่น,บ้านไผ่,ป่าปอ,40110
2971,401014,ขอนแก่น,บ้านไผ่,หินตั้ง,40110
2972,401016,ขอนแก่น,บ้านไผ่,หนองน้ำใส,40110
2973,401017,ขอนแก่น,บ้านไผ่,หัวหนอง,40110
2974,401101,ขอนแก่น,เปือยน้อย,เปือยน้อย,40340
2975,401102,ขอนแก่น,เปือยน้อย,วังม่วง,40340
2976,401103,ขอนแก่น,เปือยน้อย,ขามป้อม,40340
2977,401104,ขอนแก่น,เปือยน้อย,สระแก้ว,40340
2978,401201,ขอนแก่น,พล,เมืองพล,40120
2979,401203,ขอนแก่น,พล,โจดหนองแก,40120
2980,401204,ขอนแก่น,พล,เก่างิ้ว,40120
2981,401205,ขอนแก่น,พล,หนองมะเขือ,40120
2982,401206,ขอนแก่น,พล,หนองแวงโสกพระ,40120
2983,401207,ขอนแก่น,พล,เพ็กใหญ่,40120
2984,401208,ขอนแก่น,พล,โคกสง่า,40120
2985,401209,ขอนแก่น,พล,หนองแวงนางเบ้า,40120
2986,401210,ขอนแก่น,พล,ลอมคอม,40120
2987,401211,ขอนแก่น,พล,โนนข่า,40120
2988,401212,ขอนแก่น,พล,โสกนกเต็น,40120
2989,401213,ขอนแก่น,พล,หัวทุ่ง,40120
2990,401301,ขอนแก่น,แวงใหญ่,คอนฉิม,40330
2991,401302,ขอนแก่น,แวงใหญ่,ใหม่นาเพียง,40330
2992,401303,ขอนแก่น,แวงใหญ่,โนนทอง,40330
2993,401304,ขอนแก่น,แวงใหญ่,แวงใหญ่,40330
2994,401305,ขอนแก่น,แวงใหญ่,โนนสะอาด,40330
2995,401401,ขอนแก่น,แวงน้อย,แวงน้อย,40230
2996,401402,ขอนแก่น,แวงน้อย,ก้านเหลือง,40230
2997,401403,ขอนแก่น,แวงน้อย,ท่านางแนว,40230
2998,401404,ขอนแก่น,แวงน้อย,ละหานนา,40230
2999,401405,ขอนแก่น,แวงน้อย,ท่าวัด,40230
3000,401406,ขอนแก่น,แวงน้อย,ทางขวาง,40230
3001,401501,ขอนแก่น,หนองสองห้อง,หนองสองห้อง,40190
3002,401502,ขอนแก่น,หนองสองห้อง,คึมชาด,40190
3003,401503,ขอนแก่น,หนองสองห้อง,โนนธาตุ,40190
3004,401504,ขอนแก่น,หนองสองห้อง,ตะกั่วป่า,40190
3005,401505,ขอนแก่น,หนองสองห้อง,สำโรง,40190
3006,401506,ขอนแก่น,หนองสองห้อง,หนองเม็ก,40190
3007,401507,ขอนแก่น,หนองสองห้อง,ดอนดู่,40190
3008,401508,ขอนแก่น,หนองสองห้อง,ดงเค็ง,40190
3009,401509,ขอนแก่น,หนองสองห้อง,หันโจด,40190
3010,401510,ขอนแก่น,หนองสองห้อง,ดอนดั่ง,40190
3011,401511,ขอนแก่น,หนองสองห้อง,วังหิน,40190
3012,401512,ขอนแก่น,หนองสองห้อง,หนองไผ่ล้อม,40190
3013,401601,ขอนแก่น,ภูเวียง,บ้านเรือ,40150
3014,401602,ขอนแก่น,ภูเวียง,ในเมือง,40150
3015,401604,ขอนแก่น,ภูเวียง,หว้าทอง,40150
3016,401605,ขอนแก่น,ภูเวียง,กุดขอนแก่น,40150
3017,401606,ขอนแก่น,ภูเวียง,นาชุมแสง,40150
3018,401607,ขอนแก่น,ภูเวียง,นาหว้า,40150
3019,401608,ขอนแก่น,ภูเวียง,เขาน้อย,40150
3020,401610,ขอนแก่น,ภูเวียง,หนองกุงธนสาร,40150
3021,401612,ขอนแก่น,ภูเวียง,หนองกุงเซิน,40150
3022,401613,ขอนแก่น,ภูเวียง,สงเปือย,40150
3023,401614,ขอนแก่น,ภูเวียง,ทุ่งชมพู,40150
3024,401615,ขอนแก่น,ภูเวียง,เมืองเก่าพัฒนา,40150
3025,401616,ขอนแก่น,ภูเวียง,ดินดำ,40150
3026,401617,ขอนแก่น,ภูเวียง,ภูเวียง,40150
3027,401701,ขอนแก่น,มัญจาคีรี,กุดเค้า,40160
3028,401702,ขอนแก่น,มัญจาคีรี,สวนหม่อน,40160
3029,401703,ขอนแก่น,มัญจาคีรี,หนองแปน,40160
3030,401704,ขอนแก่น,มัญจาคีรี,โพนเพ็ก,40160
3031,401705,ขอนแก่น,มัญจาคีรี,คำแคน,40160
3032,401706,ขอนแก่น,มัญจาคีรี,นาข่า,40160
3033,401707,ขอนแก่น,มัญจาคีรี,นางาม,40160
3034,401710,ขอนแก่น,มัญจาคีรี,ท่าศาลา,40160
3035,401801,ขอนแก่น,ชนบท,ชนบท,40180
3036,401802,ขอนแก่น,ชนบท,กุดเพียขอม,40180
3037,401803,ขอนแก่น,ชนบท,วังแสง,40180
3038,401804,ขอนแก่น,ชนบท,ห้วยแก,40180
3039,401805,ขอนแก่น,ชนบท,บ้านแท่น,40180
3040,401806,ขอนแก่น,ชนบท,ศรีบุญเรือง,40180
3041,401807,ขอนแก่น,ชนบท,โนนพะยอม,40180
3042,401808,ขอนแก่น,ชนบท,ปอแดง,40180
3043,401901,ขอนแก่น,เขาสวนกวาง,เขาสวนกวาง,40280
3044,401902,ขอนแก่น,เขาสวนกวาง,ดงเมืองแอม,40280
3045,401903,ขอนแก่น,เขาสวนกวาง,นางิ้ว,40280
3046,401904,ขอนแก่น,เขาสวนกวาง,โนนสมบูรณ์,40280
3047,401905,ขอนแก่น,เขาสวนกวาง,คำม่วง,40280
3048,402001,ขอนแก่น,ภูผาม่าน,โนนคอม,40350
3049,402002,ขอนแก่น,ภูผาม่าน,นาฝาย,40350
3050,402003,ขอนแก่น,ภูผาม่าน,ภูผาม่าน,40350
3051,402004,ขอนแก่น,ภูผาม่าน,วังสวาบ,40350
3052,402005,ขอนแก่น,ภูผาม่าน,ห้วยม่วง,40350
3053,402101,ขอนแก่น,ซำสูง,กระนวน,40170
3054,402102,ขอนแก่น,ซำสูง,คำแมด,40170
3055,402103,ขอนแก่น,ซำสูง,บ้านโนน,40170
3056,402104,ขอนแก่น,ซำสูง,คูคำ,40170
3057,402105,ขอนแก่น,ซำสูง,ห้วยเตย,40170
3058,402201,ขอนแก่น,โคกโพธิ์ไชย,บ้านโคก,40160
3059,402202,ขอนแก่น,โคกโพธิ์ไชย,โพธิ์ไชย,40160
3060,402203,ขอนแก่น,โคกโพธิ์ไชย,ซับสมบูรณ์,40160
3061,402204,ขอนแก่น,โคกโพธิ์ไชย,นาแพง,40160
3062,402301,ขอนแก่น,หนองนาคำ,กุดธาตุ,40150
3063,402302,ขอนแก่น,หนองนาคำ,บ้านโคก,40150
3064,402303,ขอนแก่น,หนองนาคำ,ขนวน,40150
3065,402401,ขอนแก่น,บ้านแฮด,บ้านแฮด,40110
3066,402402,ขอนแก่น,บ้านแฮด,โคกสำราญ,40110
3067,402403,ขอนแก่น,บ้านแฮด,โนนสมบูรณ์,40110
3068,402404,ขอนแก่น,บ้านแฮด,หนองแซง,40110
3069,402501,ขอนแก่น,โนนศิลา,โนนศิลา,40110
3070,402502,ขอนแก่น,โนนศิลา,หนองปลาหมอ,40110
3071,402503,ขอนแก่น,โนนศิลา,บ้านหัน,40110
3072,402504,ขอนแก่น,โนนศิลา,เปือยใหญ่,40110
3073,402505,ขอนแก่น,โนนศิลา,โนนแดง,40110
3074,410101,อุดรธานี,เมืองอุดรธานี,หมากแข้ง,41000
3075,410102,อุดรธานี,เมืองอุดรธานี,นิคมสงเคราะห์,41000
3076,410103,อุดรธานี,เมืองอุดรธานี,บ้านขาว,41000
3077,410104,อุดรธานี,เมืองอุดรธานี,หนองบัว,41000
3078,410105,อุดรธานี,เมืองอุดรธานี,บ้านตาด,41000
3079,410106,อุดรธานี,เมืองอุดรธานี,โนนสูง,41330
3080,410107,อุดรธานี,เมืองอุดรธานี,หมูม่น,41000
3081,410108,อุดรธานี,เมืองอุดรธานี,เชียงยืน,41000
3082,410109,อุดรธานี,เมืองอุดรธานี,หนองนาคำ,41000
3083,410110,อุดรธานี,เมืองอุดรธานี,กุดสระ,41000
3084,410111,อุดรธานี,เมืองอุดรธานี,นาดี,41000
3085,410112,อุดรธานี,เมืองอุดรธานี,บ้านเลื่อม,41000
3086,410113,อุดรธานี,เมืองอุดรธานี,เชียงพิณ,41000
3087,410114,อุดรธานี,เมืองอุดรธานี,สามพร้าว,41000
3088,410115,อุดรธานี,เมืองอุดรธานี,หนองไฮ,41000
3089,410116,อุดรธานี,เมืองอุดรธานี,นาข่า,41000
3090,410117,อุดรธานี,เมืองอุดรธานี,บ้านจั่น,41000
3091,410118,อุดรธานี,เมืองอุดรธานี,หนองขอนกว้าง,41000
3092,410119,อุดรธานี,เมืองอุดรธานี,โคกสะอาด,41000
3093,410120,อุดรธานี,เมืองอุดรธานี,นากว้าง,41000
3094,410121,อุดรธานี,เมืองอุดรธานี,หนองไผ่,41330
3095,410201,อุดรธานี,กุดจับ,กุดจับ,41250
3096,410202,อุดรธานี,กุดจับ,ปะโค,41250
3097,410203,อุดรธานี,กุดจับ,ขอนยูง,41250
3098,410204,อุดรธานี,กุดจับ,เชียงเพ็ง,41250
3099,410205,อุดรธานี,กุดจับ,สร้างก่อ,41250
3100,410206,อุดรธานี,กุดจับ,เมืองเพีย,41250
3101,410207,อุดรธานี,กุดจับ,ตาลเลียน,41250
3102,410301,อุดรธานี,หนองวัวซอ,หมากหญ้า,41360
3103,410302,อุดรธานี,หนองวัวซอ,หนองอ้อ,41220
3104,410303,อุดรธานี,หนองวัวซอ,อูบมุง,41220
3105,410304,อุดรธานี,หนองวัวซอ,กุดหมากไฟ,41220
3106,410305,อุดรธานี,หนองวัวซอ,น้ำพ่น,41360
3107,410306,อุดรธานี,หนองวัวซอ,หนองบัวบาน,41360
3108,410307,อุดรธานี,หนองวัวซอ,โนนหวาย,41220
3109,410308,อุดรธานี,หนองวัวซอ,หนองวัวซอ,41360
3110,410401,อุดรธานี,กุมภวาปี,ตูมใต้,41110
3111,410402,อุดรธานี,กุมภวาปี,พันดอน,41370
3112,410403,อุดรธานี,กุมภวาปี,เวียงคำ,41110
3113,410404,อุดรธานี,กุมภวาปี,แชแล,41110
3114,410406,อุดรธานี,กุมภวาปี,เชียงแหว,41110
3115,410407,อุดรธานี,กุมภวาปี,ห้วยเกิ้ง,41110
3116,410409,อุดรธานี,กุมภวาปี,เสอเพลอ,41370
3117,410410,อุดรธานี,กุมภวาปี,สีออ,41110
3118,410411,อุดรธานี,กุมภวาปี,ปะโค,41370
3119,410413,อุดรธานี,กุมภวาปี,ผาสุก,41370
3120,410414,อุดรธานี,กุมภวาปี,ท่าลี่,41110
3121,410415,อุดรธานี,กุมภวาปี,กุมภวาปี,41110
3122,410416,อุดรธานี,กุมภวาปี,หนองหว้า,41110
3123,410501,อุดรธานี,โนนสะอาด,โนนสะอาด,41240
3124,410502,อุดรธานี,โนนสะอาด,บุ่งแก้ว,41240
3125,410503,อุดรธานี,โนนสะอาด,โพธิ์ศรีสำราญ,41240
3126,410504,อุดรธานี,โนนสะอาด,ทมนางาม,41240
3127,410505,อุดรธานี,โนนสะอาด,หนองกุงศรี,41240
3128,410506,อุดรธานี,โนนสะอาด,โคกกลาง,41240
3129,410601,อุดรธานี,หนองหาน,หนองหาน,41130
3130,410602,อุดรธานี,หนองหาน,หนองเม็ก,41130
3131,410605,อุดรธานี,หนองหาน,พังงู,41130
3132,410606,อุดรธานี,หนองหาน,สะแบง,41130
3133,410607,อุดรธานี,หนองหาน,สร้อยพร้าว,41130
3134,410609,อุดรธานี,หนองหาน,บ้านเชียง,41320
3135,410610,อุดรธานี,หนองหาน,บ้านยา,41320
3136,410611,อุดรธานี,หนองหาน,โพนงาม,41130
3137,410612,อุดรธานี,หนองหาน,ผักตบ,41130
3138,410614,อุดรธานี,หนองหาน,หนองไผ่,41130
3139,410617,อุดรธานี,หนองหาน,ดอนหายโศก,41130
3140,410618,อุดรธานี,หนองหาน,หนองสระปลา,41320
3141,410701,อุดรธานี,ทุ่งฝน,ทุ่งฝน,41310
3142,410702,อุดรธานี,ทุ่งฝน,ทุ่งใหญ่,41310
3143,410703,อุดรธานี,ทุ่งฝน,นาชุมแสง,41310
3144,410704,อุดรธานี,ทุ่งฝน,นาทม,41310
3145,410801,อุดรธานี,ไชยวาน,ไชยวาน,41290
3146,410802,อุดรธานี,ไชยวาน,หนองหลัก,41290
3147,410803,อุดรธานี,ไชยวาน,คำเลาะ,41290
3148,410804,อุดรธานี,ไชยวาน,โพนสูง,41290
3149,410901,อุดรธานี,ศรีธาตุ,ศรีธาตุ,41230
3150,410902,อุดรธานี,ศรีธาตุ,จำปี,41230
3151,410903,อุดรธานี,ศรีธาตุ,บ้านโปร่ง,41230
3152,410904,อุดรธานี,ศรีธาตุ,หัวนาคำ,41230
3153,410905,อุดรธานี,ศรีธาตุ,หนองนกเขียน,41230
3154,410906,อุดรธานี,ศรีธาตุ,นายูง,41230
3155,410907,อุดรธานี,ศรีธาตุ,ตาดทอง,41230
3156,411001,อุดรธานี,วังสามหมอ,หนองกุงทับม้า,41280
3157,411002,อุดรธานี,วังสามหมอ,หนองหญ้าไซ,41280
3158,411003,อุดรธานี,วังสามหมอ,บะยาว,41280
3159,411004,อุดรธานี,วังสามหมอ,ผาสุก,41280
3160,411005,อุดรธานี,วังสามหมอ,คำโคกสูง,41280
3161,411006,อุดรธานี,วังสามหมอ,วังสามหมอ,41280
3162,411101,อุดรธานี,บ้านดุง,ศรีสุทโธ,41190
3163,411102,อุดรธานี,บ้านดุง,บ้านดุง,41190
3164,411103,อุดรธานี,บ้านดุง,ดงเย็น,41190
3165,411104,อุดรธานี,บ้านดุง,โพนสูง,41190
3166,411105,อุดรธานี,บ้านดุง,อ้อมกอ,41190
3167,411106,อุดรธานี,บ้านดุง,บ้านจันทน์,41190
3168,411107,อุดรธานี,บ้านดุง,บ้านชัย,41190
3169,411108,อุดรธานี,บ้านดุง,นาไหม,41190
3170,411109,อุดรธานี,บ้านดุง,ถ่อนนาลับ,41190
3171,411110,อุดรธานี,บ้านดุง,วังทอง,41190
3172,411111,อุดรธานี,บ้านดุง,บ้านม่วง,41190
3173,411112,อุดรธานี,บ้านดุง,บ้านตาด,41190
3174,411113,อุดรธานี,บ้านดุง,นาคำ,41190
3175,411701,อุดรธานี,บ้านผือ,บ้านผือ,41160
3176,411702,อุดรธานี,บ้านผือ,หายโศก,41160
3177,411703,อุดรธานี,บ้านผือ,เขือน้ำ,41160
3178,411704,อุดรธานี,บ้านผือ,คำบง,41160
3179,411705,อุดรธานี,บ้านผือ,โนนทอง,41160
3180,411706,อุดรธานี,บ้านผือ,ข้าวสาร,41160
3181,411707,อุดรธานี,บ้านผือ,จำปาโมง,41160
3182,411708,อุดรธานี,บ้านผือ,กลางใหญ่,41160
3183,411709,อุดรธานี,บ้านผือ,เมืองพาน,41160
3184,411710,อุดรธานี,บ้านผือ,คำด้วง,41160
3185,411711,อุดรธานี,บ้านผือ,หนองหัวคู,41160
3186,411712,อุดรธานี,บ้านผือ,บ้านค้อ,41160
3187,411713,อุดรธานี,บ้านผือ,หนองแวง,41160
3188,411801,อุดรธานี,น้ำโสม,นางัว,41210
3189,411802,อุดรธานี,น้ำโสม,น้ำโสม,41210
3190,411805,อุดรธานี,น้ำโสม,หนองแวง,41210
3191,411806,อุดรธานี,น้ำโสม,บ้านหยวก,41210
3192,411807,อุดรธานี,น้ำโสม,โสมเยี่ยม,41210
3193,411810,อุดรธานี,น้ำโสม,ศรีสำราญ,41210
3194,411812,อุดรธานี,น้ำโสม,สามัคคี,41210
3195,411901,อุดรธานี,เพ็ญ,เพ็ญ,41150
3196,411902,อุดรธานี,เพ็ญ,บ้านธาตุ,41150
3197,411903,อุดรธานี,เพ็ญ,นาพู่,41150
3198,411904,อุดรธานี,เพ็ญ,เชียงหวาง,41150
3199,411905,อุดรธานี,เพ็ญ,สุมเส้า,41150
3200,411906,อุดรธานี,เพ็ญ,นาบัว,41150
3201,411907,อุดรธานี,เพ็ญ,บ้านเหล่า,41150
3202,411908,อุดรธานี,เพ็ญ,จอมศรี,41150
3203,411909,อุดรธานี,เพ็ญ,เตาไห,41150
3204,411910,อุดรธานี,เพ็ญ,โคกกลาง,41150
3205,411911,อุดรธานี,เพ็ญ,สร้างแป้น,41150
3206,412001,อุดรธานี,สร้างคอม,สร้างคอม,41260
3207,412002,อุดรธานี,สร้างคอม,เชียงดา,41260
3208,412003,อุดรธานี,สร้างคอม,บ้านยวด,41260
3209,412004,อุดรธานี,สร้างคอม,บ้านโคก,41260
3210,412005,อุดรธานี,สร้างคอม,นาสะอาด,41260
3211,412006,อุดรธานี,สร้างคอม,บ้านหินโงม,41260
3212,412101,อุดรธานี,หนองแสง,หนองแสง,41340
3213,412102,อุดรธานี,หนองแสง,แสงสว่าง,41340
3214,412103,อุดรธานี,หนองแสง,นาดี,41340
3215,412104,อุดรธานี,หนองแสง,ทับกุง,41340
3216,412201,อุดรธานี,นายูง,นายูง,41380
3217,412202,อุดรธานี,นายูง,บ้านก้อง,41380
3218,412203,อุดรธานี,นายูง,นาแค,41380
3219,412204,อุดรธานี,นายูง,โนนทอง,41380
3220,412301,อุดรธานี,พิบูลย์รักษ์,บ้านแดง,41130
3221,412302,อุดรธานี,พิบูลย์รักษ์,นาทราย,41130
3222,412303,อุดรธานี,พิบูลย์รักษ์,ดอนกลอย,41130
3223,412401,อุดรธานี,กู่แก้ว,บ้านจีต,41130
3224,412402,อุดรธานี,กู่แก้ว,โนนทองอินทร์,41130
3225,412403,อุดรธานี,กู่แก้ว,ค้อใหญ่,41130
3226,412404,อุดรธานี,กู่แก้ว,คอนสาย,41130
3227,412501,อุดรธานี,ประจักษ์ศิลปาคม,นาม่วง,41110
3228,412502,อุดรธานี,ประจักษ์ศิลปาคม,ห้วยสามพาด,41110
3229,412503,อุดรธานี,ประจักษ์ศิลปาคม,อุ่มจาน,41110
3230,420101,เลย,เมืองเลย,กุดป่อง,42000
3231,420102,เลย,เมืองเลย,เมือง,42000
3232,420103,เลย,เมืองเลย,นาอ้อ,42100
3233,420104,เลย,เมืองเลย,กกดู่,42000
3234,420105,เลย,เมืองเลย,น้ำหมาน,42000
3235,420106,เลย,เมืองเลย,เสี้ยว,42000
3236,420107,เลย,เมืองเลย,นาอาน,42000
3237,420108,เลย,เมืองเลย,นาโป่ง,42000
3238,420109,เลย,เมืองเลย,นาดินดำ,42000
3239,420110,เลย,เมืองเลย,น้ำสวย,42000
3240,420111,เลย,เมืองเลย,ชัยพฤกษ์,42000
3241,420112,เลย,เมืองเลย,นาแขม,42000
3242,420113,เลย,เมืองเลย,ศรีสองรัก,42100
3243,420114,เลย,เมืองเลย,กกทอง,42000
3244,420201,เลย,นาด้วง,นาด้วง,42210
3245,420202,เลย,นาด้วง,นาดอกคำ,42210
3246,420203,เลย,นาด้วง,ท่าสะอาด,42210
3247,420204,เลย,นาด้วง,ท่าสวรรค์,42210
3248,420301,เลย,เชียงคาน,เชียงคาน,42110
3249,420302,เลย,เชียงคาน,ธาตุ,42110
3250,420303,เลย,เชียงคาน,นาซ่าว,42110
3251,420304,เลย,เชียงคาน,เขาแก้ว,42110
3252,420305,เลย,เชียงคาน,ปากตม,42110
3253,420306,เลย,เชียงคาน,บุฮม,42110
3254,420307,เลย,เชียงคาน,จอมศรี,42110
3255,420308,เลย,เชียงคาน,หาดทรายขาว,42110
3256,420401,เลย,ปากชม,ปากชม,42150
3257,420402,เลย,ปากชม,เชียงกลม,42150
3258,420403,เลย,ปากชม,หาดคัมภีร์,42150
3259,420404,เลย,ปากชม,ห้วยบ่อซืน,42150
3260,420405,เลย,ปากชม,ห้วยพิชัย,42150
3261,420406,เลย,ปากชม,ชมเจริญ,42150
3262,420501,เลย,ด่านซ้าย,ด่านซ้าย,42120
3263,420502,เลย,ด่านซ้าย,ปากหมัน,42120
3264,420503,เลย,ด่านซ้าย,นาดี,42120
3265,420504,เลย,ด่านซ้าย,โคกงาม,42120
3266,420505,เลย,ด่านซ้าย,โพนสูง,42120
3267,420506,เลย,ด่านซ้าย,อิปุ่ม,42120
3268,420507,เลย,ด่านซ้าย,กกสะทอน,42120
3269,420508,เลย,ด่านซ้าย,โป่ง,42120
3270,420509,เลย,ด่านซ้าย,วังยาว,42120
3271,420510,เลย,ด่านซ้าย,นาหอ,42120
3272,420601,เลย,นาแห้ว,นาแห้ว,42170
3273,420602,เลย,นาแห้ว,แสงภา,42170
3274,420603,เลย,นาแห้ว,นาพึง,42170
3275,420604,เลย,นาแห้ว,นามาลา,42170
3276,420605,เลย,นาแห้ว,เหล่ากอหก,42170
3277,420701,เลย,ภูเรือ,หนองบัว,42160
3278,420702,เลย,ภูเรือ,ท่าศาลา,42160
3279,420703,เลย,ภูเรือ,ร่องจิก,42160
3280,420704,เลย,ภูเรือ,ปลาบ่า,42160
3281,420705,เลย,ภูเรือ,ลาดค่าง,42160
3282,420706,เลย,ภูเรือ,สานตม,42160
3283,420801,เลย,ท่าลี่,ท่าลี่,42140
3284,420802,เลย,ท่าลี่,หนองผือ,42140
3285,420803,เลย,ท่าลี่,อาฮี,42140
3286,420804,เลย,ท่าลี่,น้ำแคม,42140
3287,420805,เลย,ท่าลี่,โคกใหญ่,42140
3288,420806,เลย,ท่าลี่,น้ำทูน,42140
3289,420901,เลย,วังสะพุง,วังสะพุง,42130
3290,420902,เลย,วังสะพุง,ทรายขาว,42130
3291,420903,เลย,วังสะพุง,หนองหญ้าปล้อง,42130
3292,420904,เลย,วังสะพุง,หนองงิ้ว,42130
3293,420905,เลย,วังสะพุง,ปากปวน,42130
3294,420906,เลย,วังสะพุง,ผาน้อย,42130
3295,420910,เลย,วังสะพุง,ผาบิ้ง,42130
3296,420911,เลย,วังสะพุง,เขาหลวง,42130
3297,420912,เลย,วังสะพุง,โคกขมิ้น,42130
3298,420913,เลย,วังสะพุง,ศรีสงคราม,42130
3299,421001,เลย,ภูกระดึง,ศรีฐาน,42180
3300,421005,เลย,ภูกระดึง,ผานกเค้า,42180
3301,421007,เลย,ภูกระดึง,ภูกระดึง,42180
3302,421010,เลย,ภูกระดึง,ห้วยส้ม,42180
3303,421101,เลย,ภูหลวง,ภูหอ,42230
3304,421102,เลย,ภูหลวง,หนองคัน,42230
3305,421104,เลย,ภูหลวง,ห้วยสีเสียด,42230
3306,421105,เลย,ภูหลวง,เลยวังไสย์,42230
3307,421106,เลย,ภูหลวง,แก่งศรีภูมิ,42230
3308,421201,เลย,ผาขาว,ผาขาว,42240
3309,421202,เลย,ผาขาว,ท่าช้างคล้อง,42240
3310,421203,เลย,ผาขาว,โนนปอแดง,42240
3311,421204,เลย,ผาขาว,โนนป่าซาง,42240
3312,421205,เลย,ผาขาว,บ้านเพิ่ม,42240
3313,421301,เลย,เอราวัณ,เอราวัณ,42220
3314,421302,เลย,เอราวัณ,ผาอินทร์แปลง,42220
3315,421303,เลย,เอราวัณ,ผาสามยอด,42220
3316,421304,เลย,เอราวัณ,ทรัพย์ไพวัลย์,42220
3317,421401,เลย,หนองหิน,หนองหิน,42190
3318,421402,เลย,หนองหิน,ตาดข่า,42190
3319,421403,เลย,หนองหิน,ปวนพุ,42190
3320,430101,หนองคาย,เมืองหนองคาย,ในเมือง,43000
3321,430102,หนองคาย,เมืองหนองคาย,มีชัย,43000
3322,430103,หนองคาย,เมืองหนองคาย,โพธิ์ชัย,43000
3323,430104,หนองคาย,เมืองหนองคาย,กวนวัน,43000
3324,430105,หนองคาย,เมืองหนองคาย,เวียงคุก,43000
3325,430106,หนองคาย,เมืองหนองคาย,วัดธาตุ,43000
3326,430107,หนองคาย,เมืองหนองคาย,หาดคำ,43000
3327,430108,หนองคาย,เมืองหนองคาย,หินโงม,43000
3328,430109,หนองคาย,เมืองหนองคาย,บ้านเดื่อ,43000
3329,430110,หนองคาย,เมืองหนองคาย,ค่ายบกหวาน,43100
3330,430111,หนองคาย,เมืองหนองคาย,สองห้อง,43100
3331,430113,หนองคาย,เมืองหนองคาย,พระธาตุบังพวน,43100
3332,430116,หนองคาย,เมืองหนองคาย,หนองกอมเกาะ,43000
3333,430117,หนองคาย,เมืองหนองคาย,ปะโค,43000
3334,430118,หนองคาย,เมืองหนองคาย,เมืองหมี,43000
3335,430119,หนองคาย,เมืองหนองคาย,สีกาย,43000
3336,430201,หนองคาย,ท่าบ่อ,ท่าบ่อ,43110
3337,430202,หนองคาย,ท่าบ่อ,น้ำโมง,43110
3338,430203,หนองคาย,ท่าบ่อ,กองนาง,43110
3339,430204,หนองคาย,ท่าบ่อ,โคกคอน,43110
3340,430205,หนองคาย,ท่าบ่อ,บ้านเดื่อ,43110
3341,430206,หนองคาย,ท่าบ่อ,บ้านถ่อน,43110
3342,430207,หนองคาย,ท่าบ่อ,บ้านว่าน,43110
3343,430208,หนองคาย,ท่าบ่อ,นาข่า,43110
3344,430209,หนองคาย,ท่าบ่อ,โพนสา,43110
3345,430210,หนองคาย,ท่าบ่อ,หนองนาง,43110
3365,430501,หนองคาย,โพนพิสัย,จุมพล,43120
3366,430502,หนองคาย,โพนพิสัย,วัดหลวง,43120
3367,430503,หนองคาย,โพนพิสัย,กุดบง,43120
3368,430504,หนองคาย,โพนพิสัย,ชุมช้าง,43120
3369,430506,หนองคาย,โพนพิสัย,ทุ่งหลวง,43120
3370,430507,หนองคาย,โพนพิสัย,เหล่าต่างคำ,43120
3371,430508,หนองคาย,โพนพิสัย,นาหนัง,43120
3372,430509,หนองคาย,โพนพิสัย,เซิม,43120
3373,430513,หนองคาย,โพนพิสัย,บ้านโพธิ์,43120
3374,430521,หนองคาย,โพนพิสัย,บ้านผือ,43120
3375,430522,หนองคาย,โพนพิสัย,สร้างนางขาว,43120
3383,430701,หนองคาย,ศรีเชียงใหม่,พานพร้าว,43130
3384,430703,หนองคาย,ศรีเชียงใหม่,บ้านหม้อ,43130
3385,430704,หนองคาย,ศรีเชียงใหม่,พระพุทธบาท,43130
3386,430705,หนองคาย,ศรีเชียงใหม่,หนองปลาปาก,43130
3387,430801,หนองคาย,สังคม,แก้งไก่,43160
3388,430802,หนองคาย,สังคม,ผาตั้ง,43160
3389,430803,หนองคาย,สังคม,บ้านม่วง,43160
3390,430804,หนองคาย,สังคม,นางิ้ว,43160
3391,430805,หนองคาย,สังคม,สังคม,43160
3419,431401,หนองคาย,สระใคร,สระใคร,43100
3420,431402,หนองคาย,สระใคร,คอกช้าง,43100
3421,431403,หนองคาย,สระใคร,บ้านฝาง,43100
3422,431501,หนองคาย,เฝ้าไร่,เฝ้าไร่,43120
3423,431502,หนองคาย,เฝ้าไร่,นาดี,43120
3424,431503,หนองคาย,เฝ้าไร่,หนองหลวง,43120
3425,431504,หนองคาย,เฝ้าไร่,วังหลวง,43120
3426,431505,หนองคาย,เฝ้าไร่,อุดมพร,43120
3427,431601,หนองคาย,รัตนวาปี,รัตนวาปี,43120
3428,431602,หนองคาย,รัตนวาปี,นาทับไฮ,43120
3429,431603,หนองคาย,รัตนวาปี,บ้านต้อน,43120
3430,431604,หนองคาย,รัตนวาปี,พระบาทนาสิงห์,43120
3431,431605,หนองคาย,รัตนวาปี,โพนแพง,43120
3432,431701,หนองคาย,โพธิ์ตาก,โพธิ์ตาก,43130
3433,431702,หนองคาย,โพธิ์ตาก,โพนทอง,43130
3434,431703,หนองคาย,โพธิ์ตาก,ด่านศรีสุข,43130
3435,440101,มหาสารคาม,เมืองมหาสารคาม,ตลาด,44000
3436,440102,มหาสารคาม,เมืองมหาสารคาม,เขวา,44000
3437,440103,มหาสารคาม,เมืองมหาสารคาม,ท่าตูม,44000
3438,440104,มหาสารคาม,เมืองมหาสารคาม,แวงน่าง,44000
3439,440105,มหาสารคาม,เมืองมหาสารคาม,โคกก่อ,44000
3440,440106,มหาสารคาม,เมืองมหาสารคาม,ดอนหว่าน,44000
3441,440107,มหาสารคาม,เมืองมหาสารคาม,เกิ้ง,44000
3442,440108,มหาสารคาม,เมืองมหาสารคาม,แก่งเลิงจาน,44000
3443,440109,มหาสารคาม,เมืองมหาสารคาม,ท่าสองคอน,44000
3444,440110,มหาสารคาม,เมืองมหาสารคาม,ลาดพัฒนา,44000
3445,440111,มหาสารคาม,เมืองมหาสารคาม,หนองปลิง,44000
3446,440112,มหาสารคาม,เมืองมหาสารคาม,ห้วยแอ่ง,44000
3447,440113,มหาสารคาม,เมืองมหาสารคาม,หนองโน,44000
3448,440114,มหาสารคาม,เมืองมหาสารคาม,บัวค้อ,44000
3449,440201,มหาสารคาม,แกดำ,แกดำ,44190
3450,440202,มหาสารคาม,แกดำ,วังแสง,44190
3451,440203,มหาสารคาม,แกดำ,มิตรภาพ,44190
3452,440204,มหาสารคาม,แกดำ,หนองกุง,44190
3453,440205,มหาสารคาม,แกดำ,โนนภิบาล,44190
3454,440301,มหาสารคาม,โกสุมพิสัย,หัวขวาง,44140
3455,440302,มหาสารคาม,โกสุมพิสัย,ยางน้อย,44140
3456,440303,มหาสารคาม,โกสุมพิสัย,วังยาว,44140
3457,440304,มหาสารคาม,โกสุมพิสัย,เขวาไร่,44140
3458,440305,มหาสารคาม,โกสุมพิสัย,แพง,44140
3459,440306,มหาสารคาม,โกสุมพิสัย,แก้งแก,44140
3460,440307,มหาสารคาม,โกสุมพิสัย,หนองเหล็ก,44140
3461,440308,มหาสารคาม,โกสุมพิสัย,หนองบัว,44140
3462,440309,มหาสารคาม,โกสุมพิสัย,เหล่า,44140
3463,440310,มหาสารคาม,โกสุมพิสัย,เขื่อน,44140
3464,440311,มหาสารคาม,โกสุมพิสัย,หนองบอน,44140
3465,440312,มหาสารคาม,โกสุมพิสัย,โพนงาม,44140
3466,440313,มหาสารคาม,โกสุมพิสัย,ยางท่าแจ้ง,44140
3467,440314,มหาสารคาม,โกสุมพิสัย,แห่ใต้,44140
3468,440315,มหาสารคาม,โกสุมพิสัย,หนองกุงสวรรค์,44140
3469,440316,มหาสารคาม,โกสุมพิสัย,เลิงใต้,44140
3470,440317,มหาสารคาม,โกสุมพิสัย,ดอนกลาง,44140
3471,440401,มหาสารคาม,กันทรวิชัย,โคกพระ,44150
3472,440402,มหาสารคาม,กันทรวิชัย,คันธารราษฎร์,44150
3473,440403,มหาสารคาม,กันทรวิชัย,มะค่า,44150
3474,440404,มหาสารคาม,กันทรวิชัย,ท่าขอนยาง,44150
3475,440405,มหาสารคาม,กันทรวิชัย,นาสีนวน,44150
3476,440406,มหาสารคาม,กันทรวิชัย,ขามเรียง,44150
3477,440407,มหาสารคาม,กันทรวิชัย,เขวาใหญ่,44150
3478,440408,มหาสารคาม,กันทรวิชัย,ศรีสุข,44150
3479,440409,มหาสารคาม,กันทรวิชัย,กุดใส้จ่อ,44150
3480,440410,มหาสารคาม,กันทรวิชัย,ขามเฒ่าพัฒนา,44150
3481,440501,มหาสารคาม,เชียงยืน,เชียงยืน,44160
3482,440503,มหาสารคาม,เชียงยืน,หนองซอน,44160
3483,440505,มหาสารคาม,เชียงยืน,ดอนเงิน,44160
3484,440506,มหาสารคาม,เชียงยืน,กู่ทอง,44160
3485,440507,มหาสารคาม,เชียงยืน,นาทอง,44160
3486,440508,มหาสารคาม,เชียงยืน,เสือเฒ่า,44160
3487,440511,มหาสารคาม,เชียงยืน,โพนทอง,44160
3488,440512,มหาสารคาม,เชียงยืน,เหล่าบัวบาน,44160
3489,440601,มหาสารคาม,บรบือ,บรบือ,44130
3490,440602,มหาสารคาม,บรบือ,บ่อใหญ่,44130
3491,440604,มหาสารคาม,บรบือ,วังไชย,44130
3492,440605,มหาสารคาม,บรบือ,หนองม่วง,44130
3493,440606,มหาสารคาม,บรบือ,กำพี้,44130
3494,440607,มหาสารคาม,บรบือ,โนนราษี,44130
3495,440608,มหาสารคาม,บรบือ,โนนแดง,44130
3496,440610,มหาสารคาม,บรบือ,หนองจิก,44130
3497,440611,มหาสารคาม,บรบือ,บัวมาศ,44130
3498,440613,มหาสารคาม,บรบือ,หนองคูขาด,44130
3499,440615,มหาสารคาม,บรบือ,วังใหม่,44130
3500,440616,มหาสารคาม,บรบือ,ยาง,44130
3501,440618,มหาสารคาม,บรบือ,หนองสิม,44130
3502,440619,มหาสารคาม,บรบือ,หนองโก,44130
3503,440620,มหาสารคาม,บรบือ,ดอนงัว,44130
3504,440701,มหาสารคาม,นาเชือก,นาเชือก,44170
3505,440702,มหาสารคาม,นาเชือก,สำโรง,44170
3506,440703,มหาสารคาม,นาเชือก,หนองแดง,44170
3507,440704,มหาสารคาม,นาเชือก,เขวาไร่,44170
3508,440705,มหาสารคาม,นาเชือก,หนองโพธิ์,44170
3509,440706,มหาสารคาม,นาเชือก,ปอพาน,44170
3510,440707,มหาสารคาม,นาเชือก,หนองเม็ก,44170
3511,440708,มหาสารคาม,นาเชือก,หนองเรือ,44170
3512,440709,มหาสารคาม,นาเชือก,หนองกุง,44170
3513,440710,มหาสารคาม,นาเชือก,สันป่าตอง,44170
3514,440801,มหาสารคาม,พยัคฆภูมิพิสัย,ปะหลาน,44110
3515,440802,มหาสารคาม,พยัคฆภูมิพิสัย,ก้ามปู,44110
3516,440803,มหาสารคาม,พยัคฆภูมิพิสัย,เวียงสะอาด,44110
3517,440804,มหาสารคาม,พยัคฆภูมิพิสัย,เม็กดำ,44110
3518,440805,มหาสารคาม,พยัคฆภูมิพิสัย,นาสีนวล,44110
3519,440809,มหาสารคาม,พยัคฆภูมิพิสัย,ราษฎร์เจริญ,44110
3520,440810,มหาสารคาม,พยัคฆภูมิพิสัย,หนองบัวแก้ว,44110
3521,440812,มหาสารคาม,พยัคฆภูมิพิสัย,เมืองเตา,44110
3522,440815,มหาสารคาม,พยัคฆภูมิพิสัย,ลานสะแก,44110
3523,440816,มหาสารคาม,พยัคฆภูมิพิสัย,เวียงชัย,44110
3524,440817,มหาสารคาม,พยัคฆภูมิพิสัย,หนองบัว,44110
3525,440818,มหาสารคาม,พยัคฆภูมิพิสัย,ราษฎร์พัฒนา,44110
3526,440819,มหาสารคาม,พยัคฆภูมิพิสัย,เมืองเสือ,44110
3527,440820,มหาสารคาม,พยัคฆภูมิพิสัย,ภารแอ่น,44110
3528,440901,มหาสารคาม,วาปีปทุม,หนองแสง,44120
3529,440902,มหาสารคาม,วาปีปทุม,ขามป้อม,44120
3530,440903,มหาสารคาม,วาปีปทุม,เสือโก้ก,44120
3531,440904,มหาสารคาม,วาปีปทุม,ดงใหญ่,44120
3532,440905,มหาสารคาม,วาปีปทุม,โพธิ์ชัย,44120
3533,440906,มหาสารคาม,วาปีปทุม,หัวเรือ,44120
3534,440907,มหาสารคาม,วาปีปทุม,แคน,44120
3535,440908,มหาสารคาม,วาปีปทุม,งัวบา,44120
3536,440909,มหาสารคาม,วาปีปทุม,นาข่า,44120
3537,440910,มหาสารคาม,วาปีปทุม,บ้านหวาย,44120
3538,440911,มหาสารคาม,วาปีปทุม,หนองไฮ,44120
3539,440912,มหาสารคาม,วาปีปทุม,ประชาพัฒนา,44120
3540,440913,มหาสารคาม,วาปีปทุม,หนองทุ่ม,44120
3541,440914,มหาสารคาม,วาปีปทุม,หนองแสน,44120
3542,440915,มหาสารคาม,วาปีปทุม,โคกสีทองหลาง,44120
3543,441001,มหาสารคาม,นาดูน,นาดูน,44180
3544,441002,มหาสารคาม,นาดูน,หนองไผ่,44180
3545,441003,มหาสารคาม,นาดูน,หนองคู,44180
3546,441004,มหาสารคาม,นาดูน,ดงบัง,44180
3547,441005,มหาสารคาม,นาดูน,ดงดวน,44180
3548,441006,มหาสารคาม,นาดูน,หัวดง,44180
3549,441007,มหาสารคาม,นาดูน,ดงยาง,44180
3550,441008,มหาสารคาม,นาดูน,กู่สันตรัตน์,44180
3551,441009,มหาสารคาม,นาดูน,พระธาตุ,44180
3552,441101,มหาสารคาม,ยางสีสุราช,ยางสีสุราช,44210
3553,441102,มหาสารคาม,ยางสีสุราช,นาภู,44210
3554,441103,มหาสารคาม,ยางสีสุราช,แวงดง,44210
3555,441104,มหาสารคาม,ยางสีสุราช,บ้านกู่,44210
3556,441105,มหาสารคาม,ยางสีสุราช,ดงเมือง,44210
3557,441106,มหาสารคาม,ยางสีสุราช,ขามเรียน,44210
3558,441107,มหาสารคาม,ยางสีสุราช,หนองบัวสันตุ,44210
3559,441201,มหาสารคาม,กุดรัง,กุดรัง,44130
3560,441202,มหาสารคาม,กุดรัง,นาโพธิ์,44130
3561,441203,มหาสารคาม,กุดรัง,เลิงแฝก,44130
3562,441204,มหาสารคาม,กุดรัง,หนองแวง,44130
3563,441205,มหาสารคาม,กุดรัง,ห้วยเตย,44130
3564,441301,มหาสารคาม,ชื่นชม,ชื่นชม,44160
3565,441302,มหาสารคาม,ชื่นชม,กุดปลาดุก,44160
3566,441303,มหาสารคาม,ชื่นชม,เหล่าดอกไม้,44160
3567,441304,มหาสารคาม,ชื่นชม,หนองกุง,44160
3568,450101,ร้อยเอ็ด,เมืองร้อยเอ็ด,ในเมือง,45000
3569,450102,ร้อยเอ็ด,เมืองร้อยเอ็ด,รอบเมือง,45000
3570,450103,ร้อยเอ็ด,เมืองร้อยเอ็ด,เหนือเมือง,45000
3571,450104,ร้อยเอ็ด,เมืองร้อยเอ็ด,ขอนแก่น,45000
3572,450105,ร้อยเอ็ด,เมืองร้อยเอ็ด,นาโพธิ์,45000
3573,450106,ร้อยเอ็ด,เมืองร้อยเอ็ด,สะอาดสมบูรณ์,45000
3574,450108,ร้อยเอ็ด,เมืองร้อยเอ็ด,สีแก้ว,45000
3575,450109,ร้อยเอ็ด,เมืองร้อยเอ็ด,ปอภาร  (ปอพาน),45000
3576,450110,ร้อยเอ็ด,เมืองร้อยเอ็ด,โนนรัง,45000
3577,450117,ร้อยเอ็ด,เมืองร้อยเอ็ด,หนองแก้ว,45000
3578,450118,ร้อยเอ็ด,เมืองร้อยเอ็ด,หนองแวง,45000
3579,450120,ร้อยเอ็ด,เมืองร้อยเอ็ด,ดงลาน,45000
3580,450123,ร้อยเอ็ด,เมืองร้อยเอ็ด,แคนใหญ่,45000
3581,450124,ร้อยเอ็ด,เมืองร้อยเอ็ด,โนนตาล,45000
3582,450125,ร้อยเอ็ด,เมืองร้อยเอ็ด,เมืองทอง,45000
3583,450201,ร้อยเอ็ด,เกษตรวิสัย,เกษตรวิสัย,45150
3584,450202,ร้อยเอ็ด,เกษตรวิสัย,เมืองบัว,45150
3585,450203,ร้อยเอ็ด,เกษตรวิสัย,เหล่าหลวง,45150
3586,450204,ร้อยเอ็ด,เกษตรวิสัย,สิงห์โคก,45150
3587,450205,ร้อยเอ็ด,เกษตรวิสัย,ดงครั่งใหญ่,45150
3588,450206,ร้อยเอ็ด,เกษตรวิสัย,บ้านฝาง,45150
3589,450207,ร้อยเอ็ด,เกษตรวิสัย,หนองแวง,45150
3590,450208,ร้อยเอ็ด,เกษตรวิสัย,กำแพง,45150
3591,450209,ร้อยเอ็ด,เกษตรวิสัย,กู่กาสิงห์,45150
3592,450210,ร้อยเอ็ด,เกษตรวิสัย,น้ำอ้อม,45150
3593,450211,ร้อยเอ็ด,เกษตรวิสัย,โนนสว่าง,45150
3594,450212,ร้อยเอ็ด,เกษตรวิสัย,ทุ่งทอง,45150
3595,450213,ร้อยเอ็ด,เกษตรวิสัย,ดงครั่งน้อย,45150
3596,450301,ร้อยเอ็ด,ปทุมรัตต์,บัวแดง,45190
3597,450302,ร้อยเอ็ด,ปทุมรัตต์,ดอกล้ำ,45190
3598,450303,ร้อยเอ็ด,ปทุมรัตต์,หนองแคน,45190
3599,450304,ร้อยเอ็ด,ปทุมรัตต์,โพนสูง,45190
3600,450305,ร้อยเอ็ด,ปทุมรัตต์,โนนสวรรค์,45190
3601,450306,ร้อยเอ็ด,ปทุมรัตต์,สระบัว,45190
3602,450307,ร้อยเอ็ด,ปทุมรัตต์,โนนสง่า,45190
3603,450308,ร้อยเอ็ด,ปทุมรัตต์,ขี้เหล็ก,45190
3604,450401,ร้อยเอ็ด,จตุรพักตรพิมาน,หัวช้าง,45180
3605,450402,ร้อยเอ็ด,จตุรพักตรพิมาน,หนองผือ,45180
3606,450403,ร้อยเอ็ด,จตุรพักตรพิมาน,เมืองหงส์,45180
3607,450404,ร้อยเอ็ด,จตุรพักตรพิมาน,โคกล่าม,45180
3608,450405,ร้อยเอ็ด,จตุรพักตรพิมาน,น้ำใส,45180
3609,450406,ร้อยเอ็ด,จตุรพักตรพิมาน,ดงแดง,45180
3610,450407,ร้อยเอ็ด,จตุรพักตรพิมาน,ดงกลาง,45180
3611,450408,ร้อยเอ็ด,จตุรพักตรพิมาน,ป่าสังข์,45180
3612,450409,ร้อยเอ็ด,จตุรพักตรพิมาน,อีง่อง,45180
3613,450410,ร้อยเอ็ด,จตุรพักตรพิมาน,ลิ้นฟ้า,45180
3614,450411,ร้อยเอ็ด,จตุรพักตรพิมาน,ดู่น้อย,45180
3615,450412,ร้อยเอ็ด,จตุรพักตรพิมาน,ศรีโคตร,45180
3616,450501,ร้อยเอ็ด,ธวัชบุรี,นิเวศน์,45170
3617,450502,ร้อยเอ็ด,ธวัชบุรี,ธงธานี,45170
3618,450503,ร้อยเอ็ด,ธวัชบุรี,หนองไผ่,45170
3619,450504,ร้อยเอ็ด,ธวัชบุรี,ธวัชบุรี,45170
3620,450506,ร้อยเอ็ด,ธวัชบุรี,อุ่มเม้า,45170
3621,450507,ร้อยเอ็ด,ธวัชบุรี,มะอึ,45170
3622,450510,ร้อยเอ็ด,ธวัชบุรี,เขวาทุ่ง,45170
3623,450515,ร้อยเอ็ด,ธวัชบุรี,ไพศาล,45170
3624,450517,ร้อยเอ็ด,ธวัชบุรี,เมืองน้อย,45170
3625,450520,ร้อยเอ็ด,ธวัชบุรี,บึงนคร,45170
3626,450522,ร้อยเอ็ด,ธวัชบุรี,ราชธานี,45170
3627,450524,ร้อยเอ็ด,ธวัชบุรี,หนองพอก,45170
3628,450601,ร้อยเอ็ด,พนมไพร,พนมไพร,45140
3629,450602,ร้อยเอ็ด,พนมไพร,แสนสุข,45140
3630,450603,ร้อยเอ็ด,พนมไพร,กุดน้ำใส,45140
3631,450604,ร้อยเอ็ด,พนมไพร,หนองทัพไทย,45140
3632,450605,ร้อยเอ็ด,พนมไพร,โพธิ์ใหญ่,45140
3633,450606,ร้อยเอ็ด,พนมไพร,วารีสวัสดิ์,45140
3634,450607,ร้อยเอ็ด,พนมไพร,โคกสว่าง,45140
3635,450611,ร้อยเอ็ด,พนมไพร,โพธิ์ชัย,45140
3636,450612,ร้อยเอ็ด,พนมไพร,นานวล,45140
3637,450613,ร้อยเอ็ด,พนมไพร,คำไฮ,45140
3638,450614,ร้อยเอ็ด,พนมไพร,สระแก้ว,45140
3639,450615,ร้อยเอ็ด,พนมไพร,ค้อใหญ่,45140
3640,450617,ร้อยเอ็ด,พนมไพร,ชานุวรรณ,45140
3641,450701,ร้อยเอ็ด,โพนทอง,แวง,45110
3642,450702,ร้อยเอ็ด,โพนทอง,โคกกกม่วง,45110
3643,450703,ร้อยเอ็ด,โพนทอง,นาอุดม,45110
3644,450704,ร้อยเอ็ด,โพนทอง,สว่าง,45110
3645,450705,ร้อยเอ็ด,โพนทอง,หนองใหญ่,45110
3646,450706,ร้อยเอ็ด,โพนทอง,โพธิ์ทอง,45110
3647,450707,ร้อยเอ็ด,โพนทอง,โนนชัยศรี,45110
3648,450708,ร้อยเอ็ด,โพนทอง,โพธิ์ศรีสว่าง,45110
3649,450709,ร้อยเอ็ด,โพนทอง,อุ่มเม่า,45110
3650,450710,ร้อยเอ็ด,โพนทอง,คำนาดี,45110
3651,450711,ร้อยเอ็ด,โพนทอง,พรมสวรรค์,45110
3652,450712,ร้อยเอ็ด,โพนทอง,สระนกแก้ว,45110
3653,450713,ร้อยเอ็ด,โพนทอง,วังสามัคคี,45110
3654,450714,ร้อยเอ็ด,โพนทอง,โคกสูง,45110
3655,450801,ร้อยเอ็ด,โพธิ์ชัย,ขามเบี้ย,45230
3656,450802,ร้อยเอ็ด,โพธิ์ชัย,เชียงใหม่,45230
3657,450803,ร้อยเอ็ด,โพธิ์ชัย,บัวคำ,45230
3658,450804,ร้อยเอ็ด,โพธิ์ชัย,อัคคะคำ,45230
3659,450805,ร้อยเอ็ด,โพธิ์ชัย,สะอาด,45230
3660,450806,ร้อยเอ็ด,โพธิ์ชัย,คำพอุง,45230
3661,450807,ร้อยเอ็ด,โพธิ์ชัย,หนองตาไก้,45230
3662,450808,ร้อยเอ็ด,โพธิ์ชัย,ดอนโอง,45230
3663,450809,ร้อยเอ็ด,โพธิ์ชัย,โพธิ์ศรี,45230
3664,450901,ร้อยเอ็ด,หนองพอก,หนองพอก,45210
3665,450902,ร้อยเอ็ด,หนองพอก,บึงงาม,45210
3666,450903,ร้อยเอ็ด,หนองพอก,ภูเขาทอง,45210
3667,450904,ร้อยเอ็ด,หนองพอก,กกโพธิ์,45210
3668,450905,ร้อยเอ็ด,หนองพอก,โคกสว่าง,45210
3669,450906,ร้อยเอ็ด,หนองพอก,หนองขุ่นใหญ่,45210
3670,450907,ร้อยเอ็ด,หนองพอก,รอบเมือง,45210
3671,450908,ร้อยเอ็ด,หนองพอก,ผาน้ำย้อย,45210
3672,450909,ร้อยเอ็ด,หนองพอก,ท่าสีดา,45210
3673,451001,ร้อยเอ็ด,เสลภูมิ,กลาง,45120
3674,451002,ร้อยเอ็ด,เสลภูมิ,นางาม,45120
3675,451003,ร้อยเอ็ด,เสลภูมิ,เมืองไพร,45120
3676,451004,ร้อยเอ็ด,เสลภูมิ,นาแซง,45120
3677,451005,ร้อยเอ็ด,เสลภูมิ,นาเมือง,45120
3678,451006,ร้อยเอ็ด,เสลภูมิ,วังหลวง,45120
3679,451007,ร้อยเอ็ด,เสลภูมิ,ท่าม่วง,45120
3680,451008,ร้อยเอ็ด,เสลภูมิ,ขวาว,45120
3681,451009,ร้อยเอ็ด,เสลภูมิ,โพธิ์ทอง,45120
3682,451010,ร้อยเอ็ด,เสลภูมิ,ภูเงิน,45120
3683,451011,ร้อยเอ็ด,เสลภูมิ,เกาะแก้ว,45120
3684,451012,ร้อยเอ็ด,เสลภูมิ,นาเลิง,45120
3685,451013,ร้อยเอ็ด,เสลภูมิ,เหล่าน้อย,45120
3686,451014,ร้อยเอ็ด,เสลภูมิ,ศรีวิลัย,45120
3687,451015,ร้อยเอ็ด,เสลภูมิ,หนองหลวง,45120
3688,451016,ร้อยเอ็ด,เสลภูมิ,พรสวรรค์,45120
3689,451017,ร้อยเอ็ด,เสลภูมิ,ขวัญเมือง,45120
3690,451018,ร้อยเอ็ด,เสลภูมิ,บึงเกลือ,45120
3691,451101,ร้อยเอ็ด,สุวรรณภูมิ,สระคู,45130
3692,451102,ร้อยเอ็ด,สุวรรณภูมิ,ดอกไม้,45130
3693,451103,ร้อยเอ็ด,สุวรรณภูมิ,นาใหญ่,45130
3694,451104,ร้อยเอ็ด,สุวรรณภูมิ,หินกอง,45130
3695,451105,ร้อยเอ็ด,สุวรรณภูมิ,เมืองทุ่ง,45130
3696,451106,ร้อยเอ็ด,สุวรรณภูมิ,หัวโทน,45130
3697,451107,ร้อยเอ็ด,สุวรรณภูมิ,บ่อพันขัน,45130
3698,451108,ร้อยเอ็ด,สุวรรณภูมิ,ทุ่งหลวง,45130
3699,451109,ร้อยเอ็ด,สุวรรณภูมิ,หัวช้าง,45130
3700,451110,ร้อยเอ็ด,สุวรรณภูมิ,น้ำคำ,45130
3701,451111,ร้อยเอ็ด,สุวรรณภูมิ,ห้วยหินลาด,45130
3702,451112,ร้อยเอ็ด,สุวรรณภูมิ,ช้างเผือก,45130
3703,451113,ร้อยเอ็ด,สุวรรณภูมิ,ทุ่งกุลา,45130
3704,451114,ร้อยเอ็ด,สุวรรณภูมิ,ทุ่งศรีเมือง,45130
3705,451115,ร้อยเอ็ด,สุวรรณภูมิ,จำปาขัน,45130
3706,451201,ร้อยเอ็ด,เมืองสรวง,หนองผือ,45220
3707,451202,ร้อยเอ็ด,เมืองสรวง,หนองหิน,45220
3708,451203,ร้อยเอ็ด,เมืองสรวง,คูเมือง,45220
3709,451204,ร้อยเอ็ด,เมืองสรวง,กกกุง,45220
3710,451205,ร้อยเอ็ด,เมืองสรวง,เมืองสรวง,45220
3711,451301,ร้อยเอ็ด,โพนทราย,โพนทราย,45240
3712,451302,ร้อยเอ็ด,โพนทราย,สามขา,45240
3713,451303,ร้อยเอ็ด,โพนทราย,ศรีสว่าง,45240
3714,451304,ร้อยเอ็ด,โพนทราย,ยางคำ,45240
3715,451305,ร้อยเอ็ด,โพนทราย,ท่าหาดยาว,45240
3716,451401,ร้อยเอ็ด,อาจสามารถ,อาจสามารถ,45160
3717,451402,ร้อยเอ็ด,อาจสามารถ,โพนเมือง,45160
3718,451403,ร้อยเอ็ด,อาจสามารถ,บ้านแจ้ง,45160
3719,451404,ร้อยเอ็ด,อาจสามารถ,หน่อม,45160
3720,451405,ร้อยเอ็ด,อาจสามารถ,หนองหมื่นถ่าน,45160
3721,451406,ร้อยเอ็ด,อาจสามารถ,หนองขาม,45160
3722,451407,ร้อยเอ็ด,อาจสามารถ,โหรา,45160
3723,451408,ร้อยเอ็ด,อาจสามารถ,หนองบัว,45160
3724,451409,ร้อยเอ็ด,อาจสามารถ,ขี้เหล็ก,45160
3725,451410,ร้อยเอ็ด,อาจสามารถ,บ้านดู่,45160
3726,451501,ร้อยเอ็ด,เมยวดี,เมยวดี,45250
3727,451502,ร้อยเอ็ด,เมยวดี,ชุมพร,45250
3728,451503,ร้อยเอ็ด,เมยวดี,บุ่งเลิศ,45250
3729,451504,ร้อยเอ็ด,เมยวดี,ชมสะอาด,45250
3730,451601,ร้อยเอ็ด,ศรีสมเด็จ,โพธิ์ทอง,45000
3731,451602,ร้อยเอ็ด,ศรีสมเด็จ,ศรีสมเด็จ,45000
3732,451603,ร้อยเอ็ด,ศรีสมเด็จ,เมืองเปลือย,45000
3733,451604,ร้อยเอ็ด,ศรีสมเด็จ,หนองใหญ่,45000
3734,451605,ร้อยเอ็ด,ศรีสมเด็จ,สวนจิก,45280
3735,451606,ร้อยเอ็ด,ศรีสมเด็จ,โพธิ์สัย,45280
3736,451607,ร้อยเอ็ด,ศรีสมเด็จ,หนองแวงควง,45000
3737,451608,ร้อยเอ็ด,ศรีสมเด็จ,บ้านบาก,45000
3738,451701,ร้อยเอ็ด,จังหาร,ดินดำ,45000
3739,451702,ร้อยเอ็ด,จังหาร,ปาฝา,45000
3740,451703,ร้อยเอ็ด,จังหาร,ม่วงลาด,45000
3741,451704,ร้อยเอ็ด,จังหาร,จังหาร,45000
3742,451705,ร้อยเอ็ด,จังหาร,ดงสิงห์,45000
3743,451706,ร้อยเอ็ด,จังหาร,ยางใหญ่,45000
3744,451707,ร้อยเอ็ด,จังหาร,ผักแว่น,45000
3745,451708,ร้อยเอ็ด,จังหาร,แสนชาติ,45000
3746,451801,ร้อยเอ็ด,เชียงขวัญ,เชียงขวัญ,45000
3747,451802,ร้อยเอ็ด,เชียงขวัญ,พลับพลา,45170
3748,451803,ร้อยเอ็ด,เชียงขวัญ,พระธาตุ,45000
3749,451804,ร้อยเอ็ด,เชียงขวัญ,พระเจ้า,45000
3750,451805,ร้อยเอ็ด,เชียงขวัญ,หมูม้น,45170
3751,451806,ร้อยเอ็ด,เชียงขวัญ,บ้านเขือง,45000
3752,451901,ร้อยเอ็ด,หนองฮี,หนองฮี,45140
3753,451902,ร้อยเอ็ด,หนองฮี,สาวแห,45140
3754,451903,ร้อยเอ็ด,หนองฮี,ดูกอึ่ง,45140
3755,451904,ร้อยเอ็ด,หนองฮี,เด่นราษฎร์,45140
3756,452001,ร้อยเอ็ด,ทุ่งเขาหลวง,ทุ่งเขาหลวง,45170
3757,452002,ร้อยเอ็ด,ทุ่งเขาหลวง,เทอดไทย,45170
3758,452003,ร้อยเอ็ด,ทุ่งเขาหลวง,บึงงาม,45170
3759,452004,ร้อยเอ็ด,ทุ่งเขาหลวง,มะบ้า,45170
3760,452005,ร้อยเอ็ด,ทุ่งเขาหลวง,เหล่า,45170
3761,460101,กาฬสินธุ์,เมืองกาฬสินธุ์,กาฬสินธุ์,46000
3762,460102,กาฬสินธุ์,เมืองกาฬสินธุ์,เหนือ,46000
3763,460103,กาฬสินธุ์,เมืองกาฬสินธุ์,หลุบ,46000
3764,460104,กาฬสินธุ์,เมืองกาฬสินธุ์,ไผ่,46000
3765,460105,กาฬสินธุ์,เมืองกาฬสินธุ์,ลำปาว,46000
3766,460106,กาฬสินธุ์,เมืองกาฬสินธุ์,ลำพาน,46000
3767,460107,กาฬสินธุ์,เมืองกาฬสินธุ์,เชียงเครือ,46000
3768,460108,กาฬสินธุ์,เมืองกาฬสินธุ์,บึงวิชัย,46000
3769,460109,กาฬสินธุ์,เมืองกาฬสินธุ์,ห้วยโพธิ์,46000
3770,460111,กาฬสินธุ์,เมืองกาฬสินธุ์,ภูปอ,46000
3771,460113,กาฬสินธุ์,เมืองกาฬสินธุ์,ภูดิน,46000
3772,460115,กาฬสินธุ์,เมืองกาฬสินธุ์,หนองกุง,46000
3773,460116,กาฬสินธุ์,เมืองกาฬสินธุ์,กลางหมื่น,46000
3774,460117,กาฬสินธุ์,เมืองกาฬสินธุ์,ขมิ้น,46000
3775,460119,กาฬสินธุ์,เมืองกาฬสินธุ์,โพนทอง,46000
3776,460120,กาฬสินธุ์,เมืองกาฬสินธุ์,นาจารย์,46000
3777,460121,กาฬสินธุ์,เมืองกาฬสินธุ์,ลำคลอง,46000
3778,460201,กาฬสินธุ์,นามน,นามน,46230
3779,460202,กาฬสินธุ์,นามน,ยอดแกง,46230
3780,460203,กาฬสินธุ์,นามน,สงเปลือย,46230
3781,460204,กาฬสินธุ์,นามน,หลักเหลี่ยม,46230
3782,460205,กาฬสินธุ์,นามน,หนองบัว,46230
3783,460301,กาฬสินธุ์,กมลาไสย,กมลาไสย,46130
3784,460302,กาฬสินธุ์,กมลาไสย,หลักเมือง,46130
3785,460303,กาฬสินธุ์,กมลาไสย,โพนงาม,46130
3786,460304,กาฬสินธุ์,กมลาไสย,ดงลิง,46130
3787,460305,กาฬสินธุ์,กมลาไสย,ธัญญา,46130
3788,460308,กาฬสินธุ์,กมลาไสย,หนองแปน,46130
3789,460310,กาฬสินธุ์,กมลาไสย,เจ้าท่า,46130
3790,460311,กาฬสินธุ์,กมลาไสย,โคกสมบูรณ์,46130
3791,460401,กาฬสินธุ์,ร่องคำ,ร่องคำ,46210
3792,460402,กาฬสินธุ์,ร่องคำ,สามัคคี,46210
3793,460403,กาฬสินธุ์,ร่องคำ,เหล่าอ้อย,46210
3794,460501,กาฬสินธุ์,กุฉินารายณ์,บัวขาว,46110
3795,460502,กาฬสินธุ์,กุฉินารายณ์,แจนแลน,46110
3796,460503,กาฬสินธุ์,กุฉินารายณ์,เหล่าใหญ่,46110
3797,460504,กาฬสินธุ์,กุฉินารายณ์,จุมจัง,46110
3798,460505,กาฬสินธุ์,กุฉินารายณ์,เหล่าไฮงาม,46110
3799,460506,กาฬสินธุ์,กุฉินารายณ์,กุดหว้า,46110
3800,460507,กาฬสินธุ์,กุฉินารายณ์,สามขา,46110
3801,460508,กาฬสินธุ์,กุฉินารายณ์,นาขาม,46110
3802,460509,กาฬสินธุ์,กุฉินารายณ์,หนองห้าง,46110
3803,460510,กาฬสินธุ์,กุฉินารายณ์,นาโก,46110
3804,460511,กาฬสินธุ์,กุฉินารายณ์,สมสะอาด,46110
3805,460512,กาฬสินธุ์,กุฉินารายณ์,กุดค้าว,46110
3806,460601,กาฬสินธุ์,เขาวง,คุ้มเก่า,46160
3807,460602,กาฬสินธุ์,เขาวง,สงเปลือย,46160
3808,460603,กาฬสินธุ์,เขาวง,หนองผือ,46160
3809,460606,กาฬสินธุ์,เขาวง,กุดสิมคุ้มใหม่,46160
3810,460608,กาฬสินธุ์,เขาวง,สระพังทอง,46160
3811,460611,กาฬสินธุ์,เขาวง,กุดปลาค้าว,46160
3812,460701,กาฬสินธุ์,ยางตลาด,ยางตลาด,46120
3813,460702,กาฬสินธุ์,ยางตลาด,หัวงัว,46120
3814,460703,กาฬสินธุ์,ยางตลาด,อุ่มเม่า,46120
3815,460704,กาฬสินธุ์,ยางตลาด,บัวบาน,46120
3816,460705,กาฬสินธุ์,ยางตลาด,เว่อ,46120
3817,460706,กาฬสินธุ์,ยางตลาด,อิตื้อ,46120
3818,460707,กาฬสินธุ์,ยางตลาด,หัวนาคำ,46120
3819,460708,กาฬสินธุ์,ยางตลาด,หนองอิเฒ่า,46120
3820,460709,กาฬสินธุ์,ยางตลาด,ดอนสมบูรณ์,46120
3821,460710,กาฬสินธุ์,ยางตลาด,นาเชือก,46120
3822,460711,กาฬสินธุ์,ยางตลาด,คลองขาม,46120
3823,460712,กาฬสินธุ์,ยางตลาด,เขาพระนอน,46120
3824,460713,กาฬสินธุ์,ยางตลาด,นาดี,46120
3825,460714,กาฬสินธุ์,ยางตลาด,โนนสูง,46120
3826,460715,กาฬสินธุ์,ยางตลาด,หนองตอกแป้น,46120
3827,460801,กาฬสินธุ์,ห้วยเม็ก,ห้วยเม็ก,46170
3828,460802,กาฬสินธุ์,ห้วยเม็ก,คำใหญ่,46170
3829,460803,กาฬสินธุ์,ห้วยเม็ก,กุดโดน,46170
3830,460804,กาฬสินธุ์,ห้วยเม็ก,บึงนาเรียง,46170
3831,460805,กาฬสินธุ์,ห้วยเม็ก,หัวหิน,46170
3832,460806,กาฬสินธุ์,ห้วยเม็ก,พิมูล,46170
3833,460807,กาฬสินธุ์,ห้วยเม็ก,คำเหมือดแก้ว,46170
3834,460808,กาฬสินธุ์,ห้วยเม็ก,โนนสะอาด,46170
3835,460809,กาฬสินธุ์,ห้วยเม็ก,ทรายทอง,46170
3836,460901,กาฬสินธุ์,สหัสขันธ์,ภูสิงห์,46140
3837,460902,กาฬสินธุ์,สหัสขันธ์,สหัสขันธ์,46140
3838,460903,กาฬสินธุ์,สหัสขันธ์,นามะเขือ,46140
3839,460904,กาฬสินธุ์,สหัสขันธ์,โนนศิลา,46140
3840,460905,กาฬสินธุ์,สหัสขันธ์,นิคม,46140
3841,460906,กาฬสินธุ์,สหัสขันธ์,โนนแหลมทอง,46140
3842,460907,กาฬสินธุ์,สหัสขันธ์,โนนบุรี,46140
3843,460908,กาฬสินธุ์,สหัสขันธ์,โนนน้ำเกลี้ยง,46140
3844,461001,กาฬสินธุ์,คำม่วง,ทุ่งคลอง,46180
3845,461002,กาฬสินธุ์,คำม่วง,โพน,46180
3846,461005,กาฬสินธุ์,คำม่วง,ดินจี่,46180
3847,461006,กาฬสินธุ์,คำม่วง,นาบอน,46180
3848,461007,กาฬสินธุ์,คำม่วง,นาทัน,46180
3849,461009,กาฬสินธุ์,คำม่วง,เนินยาง,46180
3850,461101,กาฬสินธุ์,ท่าคันโท,ท่าคันโท,46190
3851,461102,กาฬสินธุ์,ท่าคันโท,กุงเก่า,46190
3852,461103,กาฬสินธุ์,ท่าคันโท,ยางอู้ม,46190
3853,461104,กาฬสินธุ์,ท่าคันโท,กุดจิก,46190
3854,461105,กาฬสินธุ์,ท่าคันโท,นาตาล,46190
3855,461106,กาฬสินธุ์,ท่าคันโท,ดงสมบูรณ์,46190
3856,461201,กาฬสินธุ์,หนองกุงศรี,หนองกุงศรี,46220
3857,461202,กาฬสินธุ์,หนองกุงศรี,หนองบัว,46220
3858,461203,กาฬสินธุ์,หนองกุงศรี,โคกเครือ,46220
3859,461204,กาฬสินธุ์,หนองกุงศรี,หนองสรวง,46220
3860,461205,กาฬสินธุ์,หนองกุงศรี,เสาเล้า,46220
3861,461206,กาฬสินธุ์,หนองกุงศรี,หนองใหญ่,46220
3862,461207,กาฬสินธุ์,หนองกุงศรี,ดงมูล,46220
3863,461208,กาฬสินธุ์,หนองกุงศรี,ลำหนองแสน,46220
3864,461209,กาฬสินธุ์,หนองกุงศรี,หนองหิน,46220
3865,461301,กาฬสินธุ์,สมเด็จ,สมเด็จ,46150
3866,461302,กาฬสินธุ์,สมเด็จ,หนองแวง,46150
3867,461303,กาฬสินธุ์,สมเด็จ,แซงบาดาล,46150
3868,461304,กาฬสินธุ์,สมเด็จ,มหาไชย,46150
3869,461305,กาฬสินธุ์,สมเด็จ,หมูม่น,46150
3870,461306,กาฬสินธุ์,สมเด็จ,ผาเสวย,46150
3871,461307,กาฬสินธุ์,สมเด็จ,ศรีสมเด็จ,46150
3872,461308,กาฬสินธุ์,สมเด็จ,ลำห้วยหลัว,46150
3873,461401,กาฬสินธุ์,ห้วยผึ้ง,คำบง,46240
3874,461402,กาฬสินธุ์,ห้วยผึ้ง,ไค้นุ่น,46240
3875,461403,กาฬสินธุ์,ห้วยผึ้ง,นิคมห้วยผึ้ง,46240
3876,461404,กาฬสินธุ์,ห้วยผึ้ง,หนองอีบุตร,46240
3877,461501,กาฬสินธุ์,สามชัย,สำราญ,46180
3878,461502,กาฬสินธุ์,สามชัย,สำราญใต้,46180
3879,461503,กาฬสินธุ์,สามชัย,คำสร้างเที่ยง,46180
3880,461504,กาฬสินธุ์,สามชัย,หนองช้าง,46180
3881,461601,กาฬสินธุ์,นาคู,นาคู,46160
3882,461602,กาฬสินธุ์,นาคู,สายนาวัง,46160
3883,461603,กาฬสินธุ์,นาคู,โนนนาจาน,46160
3884,461604,กาฬสินธุ์,นาคู,บ่อแก้ว,46160
3885,461605,กาฬสินธุ์,นาคู,ภูแล่นช้าง,46160
3886,461701,กาฬสินธุ์,ดอนจาน,ดอนจาน,46000
3887,461702,กาฬสินธุ์,ดอนจาน,สะอาดไชยศรี,46000
3888,461703,กาฬสินธุ์,ดอนจาน,ดงพยุง,46000
3889,461704,กาฬสินธุ์,ดอนจาน,ม่วงนา,46000
3890,461705,กาฬสินธุ์,ดอนจาน,นาจำปา,46000
3891,461801,กาฬสินธุ์,ฆ้องชัย,ฆ้องชัยพัฒนา,46130
3892,461802,กาฬสินธุ์,ฆ้องชัย,เหล่ากลาง,46130
3893,461803,กาฬสินธุ์,ฆ้องชัย,โคกสะอาด,46130
3894,461804,กาฬสินธุ์,ฆ้องชัย,โนนศิลาเลิง,46130
3895,461805,กาฬสินธุ์,ฆ้องชัย,ลำชี,46130
3896,470101,สกลนคร,เมืองสกลนคร,ธาตุเชิงชุม,47000
3897,470102,สกลนคร,เมืองสกลนคร,ขมิ้น,47220
3898,470103,สกลนคร,เมืองสกลนคร,งิ้วด่อน,47000
3899,470104,สกลนคร,เมืองสกลนคร,โนนหอม,47000
3900,470106,สกลนคร,เมืองสกลนคร,เชียงเครือ,47000
3901,470107,สกลนคร,เมืองสกลนคร,ท่าแร่,47000
3902,470109,สกลนคร,เมืองสกลนคร,ม่วงลาย,47000
3903,470111,สกลนคร,เมืองสกลนคร,ดงชน,47000
3904,470112,สกลนคร,เมืองสกลนคร,ห้วยยาง,47000
3905,470113,สกลนคร,เมืองสกลนคร,พังขว้าง,47000
3906,470115,สกลนคร,เมืองสกลนคร,ดงมะไฟ,47000
3907,470116,สกลนคร,เมืองสกลนคร,ธาตุนาเวง,47000
3908,470117,สกลนคร,เมืองสกลนคร,เหล่าปอแดง,47000
3909,470118,สกลนคร,เมืองสกลนคร,หนองลาด,47220
3910,470120,สกลนคร,เมืองสกลนคร,ฮางโฮง,47000
3911,470121,สกลนคร,เมืองสกลนคร,โคกก่อง,47000
3912,470201,สกลนคร,กุสุมาลย์,กุสุมาลย์,47210
3913,470202,สกลนคร,กุสุมาลย์,นาโพธิ์,47210
3914,470203,สกลนคร,กุสุมาลย์,นาเพียง,47230
3915,470204,สกลนคร,กุสุมาลย์,โพธิไพศาล,47210
3916,470205,สกลนคร,กุสุมาลย์,อุ่มจาน,47230
3917,470301,สกลนคร,กุดบาก,กุดบาก,47180
3918,470303,สกลนคร,กุดบาก,นาม่อง,47180
3919,470305,สกลนคร,กุดบาก,กุดไห,47180
3920,470401,สกลนคร,พรรณานิคม,พรรณา,47130
3921,470402,สกลนคร,พรรณานิคม,วังยาง,47130
3922,470403,สกลนคร,พรรณานิคม,พอกน้อย,47220
3923,470404,สกลนคร,พรรณานิคม,นาหัวบ่อ,47220
3924,470405,สกลนคร,พรรณานิคม,ไร่,47130
3925,470406,สกลนคร,พรรณานิคม,ช้างมิ่ง,47130
3926,470407,สกลนคร,พรรณานิคม,นาใน,47130
3927,470408,สกลนคร,พรรณานิคม,สว่าง,47130
3928,470409,สกลนคร,พรรณานิคม,บะฮี,47130
3929,470410,สกลนคร,พรรณานิคม,เชิงชุม,47130
3930,470501,สกลนคร,พังโคน,พังโคน,47160
3931,470502,สกลนคร,พังโคน,ม่วงไข่,47160
3932,470503,สกลนคร,พังโคน,แร่,47160
3933,470504,สกลนคร,พังโคน,ไฮหย่อง,47160
3934,470505,สกลนคร,พังโคน,ต้นผึ้ง,47160
3935,470601,สกลนคร,วาริชภูมิ,วาริชภูมิ,47150
3936,470602,สกลนคร,วาริชภูมิ,ปลาโหล,47150
3937,470603,สกลนคร,วาริชภูมิ,หนองลาด,47150
3938,470604,สกลนคร,วาริชภูมิ,คำบ่อ,47150
3939,470605,สกลนคร,วาริชภูมิ,ค้อเขียว,47150
3940,470701,สกลนคร,นิคมน้ำอูน,นิคมน้ำอูน,47270
3941,470702,สกลนคร,นิคมน้ำอูน,หนองปลิง,47270
3942,470703,สกลนคร,นิคมน้ำอูน,หนองบัว,47270
3943,470704,สกลนคร,นิคมน้ำอูน,สุวรรณคาม,47270
3944,470801,สกลนคร,วานรนิวาส,วานรนิวาส,47120
3945,470802,สกลนคร,วานรนิวาส,เดื่อศรีคันไชย,47120
3946,470803,สกลนคร,วานรนิวาส,ขัวก่าย,47120
3947,470804,สกลนคร,วานรนิวาส,หนองสนม,47120
3948,470805,สกลนคร,วานรนิวาส,คูสะคาม,47120
3949,470806,สกลนคร,วานรนิวาส,ธาตุ,47120
3950,470807,สกลนคร,วานรนิวาส,หนองแวง,47120
3951,470808,สกลนคร,วานรนิวาส,ศรีวิชัย,47120
3952,470809,สกลนคร,วานรนิวาส,นาซอ,47120
3953,470810,สกลนคร,วานรนิวาส,อินทร์แปลง,47120
3954,470811,สกลนคร,วานรนิวาส,นาคำ,47120
3955,470812,สกลนคร,วานรนิวาส,คอนสวรรค์,47120
3956,470813,สกลนคร,วานรนิวาส,กุดเรือคำ,47120
3957,470814,สกลนคร,วานรนิวาส,หนองแวงใต้,47120
3958,470901,สกลนคร,คำตากล้า,คำตากล้า,47250
3959,470902,สกลนคร,คำตากล้า,หนองบัวสิม,47250
3960,470903,สกลนคร,คำตากล้า,นาแต้,47250
3961,470904,สกลนคร,คำตากล้า,แพด,47250
3962,471001,สกลนคร,บ้านม่วง,ม่วง,47140
3963,471002,สกลนคร,บ้านม่วง,มาย,47140
3964,471003,สกลนคร,บ้านม่วง,ดงหม้อทอง,47140
3965,471004,สกลนคร,บ้านม่วง,ดงเหนือ,47140
3966,471005,สกลนคร,บ้านม่วง,ดงหม้อทองใต้,47140
3967,471006,สกลนคร,บ้านม่วง,ห้วยหลัว,47140
3968,471007,สกลนคร,บ้านม่วง,โนนสะอาด,47140
3969,471008,สกลนคร,บ้านม่วง,หนองกวั่ง,47140
3970,471009,สกลนคร,บ้านม่วง,บ่อแก้ว,47140
3971,471101,สกลนคร,อากาศอำนวย,อากาศ,47170
3972,471102,สกลนคร,อากาศอำนวย,โพนแพง,47170
3973,471103,สกลนคร,อากาศอำนวย,วาใหญ่,47170
3974,471104,สกลนคร,อากาศอำนวย,โพนงาม,47170
3975,471105,สกลนคร,อากาศอำนวย,ท่าก้อน,47170
3976,471106,สกลนคร,อากาศอำนวย,นาฮี,47170
3977,471107,สกลนคร,อากาศอำนวย,บะหว้า,47170
3978,471108,สกลนคร,อากาศอำนวย,สามัคคีพัฒนา,47170
3979,471201,สกลนคร,สว่างแดนดิน,สว่างแดนดิน,47110
3980,471203,สกลนคร,สว่างแดนดิน,คำสะอาด,47110
3981,471204,สกลนคร,สว่างแดนดิน,บ้านต้าย,47110
3982,471206,สกลนคร,สว่างแดนดิน,บงเหนือ,47110
3983,471207,สกลนคร,สว่างแดนดิน,โพนสูง,47110
3984,471208,สกลนคร,สว่างแดนดิน,โคกสี,47110
3985,471210,สกลนคร,สว่างแดนดิน,หนองหลวง,47110
3986,471211,สกลนคร,สว่างแดนดิน,บงใต้,47110
3987,471212,สกลนคร,สว่างแดนดิน,ค้อใต้,47110
3988,471213,สกลนคร,สว่างแดนดิน,พันนา,47240
3989,471214,สกลนคร,สว่างแดนดิน,แวง,47240
3990,471215,สกลนคร,สว่างแดนดิน,ทรายมูล,47110
3991,471216,สกลนคร,สว่างแดนดิน,ตาลโกน,47240
3992,471217,สกลนคร,สว่างแดนดิน,ตาลเนิ้ง,47240
3993,471220,สกลนคร,สว่างแดนดิน,ธาตุทอง,47240
3994,471221,สกลนคร,สว่างแดนดิน,บ้านถ่อน,47110
3995,471301,สกลนคร,ส่องดาว,ส่องดาว,47190
3996,471302,สกลนคร,ส่องดาว,ท่าศิลา,47190
3997,471303,สกลนคร,ส่องดาว,วัฒนา,47190
3998,471304,สกลนคร,ส่องดาว,ปทุมวาปี,47190
3999,471401,สกลนคร,เต่างอย,เต่างอย,47260
4000,471402,สกลนคร,เต่างอย,บึงทวาย,47260
4001,471403,สกลนคร,เต่างอย,นาตาล,47260
4002,471404,สกลนคร,เต่างอย,จันทร์เพ็ญ,47260
4003,471501,สกลนคร,โคกศรีสุพรรณ,ตองโขบ,47280
4004,471502,สกลนคร,โคกศรีสุพรรณ,เหล่าโพนค้อ,47280
4005,471503,สกลนคร,โคกศรีสุพรรณ,ด่านม่วงคำ,47280
4006,471504,สกลนคร,โคกศรีสุพรรณ,แมดนาท่ม,47280
4007,471601,สกลนคร,เจริญศิลป์,บ้านเหล่า,47290
4008,471602,สกลนคร,เจริญศิลป์,เจริญศิลป์,47290
4009,471603,สกลนคร,เจริญศิลป์,ทุ่งแก,47290
4010,471604,สกลนคร,เจริญศิลป์,โคกศิลา,47290
4011,471605,สกลนคร,เจริญศิลป์,หนองแปน,47290
4012,471701,สกลนคร,โพนนาแก้ว,บ้านโพน,47230
4013,471702,สกลนคร,โพนนาแก้ว,นาแก้ว,47230
4014,471703,สกลนคร,โพนนาแก้ว,นาตงวัฒนา,47230
4015,471704,สกลนคร,โพนนาแก้ว,บ้านแป้น,47230
4016,471705,สกลนคร,โพนนาแก้ว,เชียงสือ,47230
4017,471801,สกลนคร,ภูพาน,สร้างค้อ,47180
4018,471802,สกลนคร,ภูพาน,หลุบเลา,47180
4019,471803,สกลนคร,ภูพาน,โคกภู,47180
4020,471804,สกลนคร,ภูพาน,กกปลาซิว,47180
4021,480101,นครพนม,เมืองนครพนม,ในเมือง,48000
4022,480102,นครพนม,เมืองนครพนม,หนองแสง,48000
4023,480103,นครพนม,เมืองนครพนม,นาทราย,48000
4024,480104,นครพนม,เมืองนครพนม,นาราชควาย,48000
4025,480105,นครพนม,เมืองนครพนม,กุรุคุ,48000
4026,480106,นครพนม,เมืองนครพนม,บ้านผึ้ง,48000
4027,480107,นครพนม,เมืองนครพนม,อาจสามารถ,48000
4028,480108,นครพนม,เมืองนครพนม,ขามเฒ่า,48000
4029,480109,นครพนม,เมืองนครพนม,บ้านกลาง,48000
4030,480110,นครพนม,เมืองนครพนม,ท่าค้อ,48000
4031,480111,นครพนม,เมืองนครพนม,คำเตย,48000
4032,480112,นครพนม,เมืองนครพนม,หนองญาติ,48000
4033,480113,นครพนม,เมืองนครพนม,ดงขวาง,48000
4034,480114,นครพนม,เมืองนครพนม,วังตามัว,48000
4035,480115,นครพนม,เมืองนครพนม,โพธิ์ตาก,48000
4036,480201,นครพนม,ปลาปาก,ปลาปาก,48160
4037,480202,นครพนม,ปลาปาก,หนองฮี,48160
4038,480203,นครพนม,ปลาปาก,กุตาไก้,48160
4039,480204,นครพนม,ปลาปาก,โคกสว่าง,48160
4040,480205,นครพนม,ปลาปาก,โคกสูง,48160
4041,480206,นครพนม,ปลาปาก,มหาชัย,48160
4042,480207,นครพนม,ปลาปาก,นามะเขือ,48160
4043,480208,นครพนม,ปลาปาก,หนองเทาใหญ่,48160
4044,480301,นครพนม,ท่าอุเทน,ท่าอุเทน,48120
4045,480302,นครพนม,ท่าอุเทน,โนนตาล,48120
4046,480303,นครพนม,ท่าอุเทน,ท่าจำปา,48120
4047,480304,นครพนม,ท่าอุเทน,ไชยบุรี,48120
4048,480305,นครพนม,ท่าอุเทน,พนอม,48120
4049,480306,นครพนม,ท่าอุเทน,พะทาย,48120
4050,480311,นครพนม,ท่าอุเทน,เวินพระบาท,48120
4051,480312,นครพนม,ท่าอุเทน,รามราช,48120
4052,480314,นครพนม,ท่าอุเทน,หนองเทา,48120
4053,480401,นครพนม,บ้านแพง,บ้านแพง,48140
4054,480402,นครพนม,บ้านแพง,ไผ่ล้อม,48140
4055,480403,นครพนม,บ้านแพง,โพนทอง,48140
4056,480404,นครพนม,บ้านแพง,หนองแวง,48140
4057,480408,นครพนม,บ้านแพง,นางัว,48140
4058,480409,นครพนม,บ้านแพง,นาเข,48140
4059,480501,นครพนม,ธาตุพนม,ธาตุพนม,48110
4060,480502,นครพนม,ธาตุพนม,ฝั่งแดง,48110
4061,480503,นครพนม,ธาตุพนม,โพนแพง,48110
4062,480504,นครพนม,ธาตุพนม,พระกลางทุ่ง,48110
4063,480505,นครพนม,ธาตุพนม,นาถ่อน,48110
4064,480506,นครพนม,ธาตุพนม,แสนพัน,48110
4065,480507,นครพนม,ธาตุพนม,ดอนนางหงส์,48110
4066,480508,นครพนม,ธาตุพนม,น้ำก่ำ,48110
4067,480509,นครพนม,ธาตุพนม,อุ่มเหม้า,48110
4068,480510,นครพนม,ธาตุพนม,นาหนาด,48110
4069,480511,นครพนม,ธาตุพนม,กุดฉิม,48110
4070,480512,นครพนม,ธาตุพนม,ธาตุพนมเหนือ,48110
4071,480601,นครพนม,เรณูนคร,เรณู,48170
4072,480602,นครพนม,เรณูนคร,โพนทอง,48170
4073,480603,นครพนม,เรณูนคร,ท่าลาด,48170
4074,480604,นครพนม,เรณูนคร,นางาม,48170
4075,480605,นครพนม,เรณูนคร,โคกหินแฮ่,48170
4076,480607,นครพนม,เรณูนคร,หนองย่างชิ้น,48170
4077,480608,นครพนม,เรณูนคร,เรณูใต้,48170
4078,480609,นครพนม,เรณูนคร,นาขาม,48170
4079,480701,นครพนม,นาแก,นาแก,48130
4080,480702,นครพนม,นาแก,พระซอง,48130
4081,480703,นครพนม,นาแก,หนองสังข์,48130
4082,480704,นครพนม,นาแก,นาคู่,48130
4083,480705,นครพนม,นาแก,พิมาน,48130
4084,480706,นครพนม,นาแก,พุ่มแก,48130
4085,480707,นครพนม,นาแก,ก้านเหลือง,48130
4086,480708,นครพนม,นาแก,หนองบ่อ,48130
4087,480709,นครพนม,นาแก,นาเลียง,48130
4088,480712,นครพนม,นาแก,บ้านแก้ง,48130
4089,480713,นครพนม,นาแก,คำพี้,48130
4090,480715,นครพนม,นาแก,สีชมพู,48130
4091,480801,นครพนม,ศรีสงคราม,ศรีสงคราม,48150
4092,480802,นครพนม,ศรีสงคราม,นาเดื่อ,48150
4093,480803,นครพนม,ศรีสงคราม,บ้านเอื้อง,48150
4094,480804,นครพนม,ศรีสงคราม,สามผง,48150
4095,480805,นครพนม,ศรีสงคราม,ท่าบ่อสงคราม,48150
4096,480806,นครพนม,ศรีสงคราม,บ้านข่า,48150
4097,480807,นครพนม,ศรีสงคราม,นาคำ,48150
4098,480808,นครพนม,ศรีสงคราม,โพนสว่าง,48150
4099,480809,นครพนม,ศรีสงคราม,หาดแพง,48150
4100,480901,นครพนม,นาหว้า,นาหว้า,48180
4101,480902,นครพนม,นาหว้า,นางัว,48180
4102,480903,นครพนม,นาหว้า,บ้านเสียว,48180
4103,480904,นครพนม,นาหว้า,นาคูณใหญ่,48180
4104,480905,นครพนม,นาหว้า,เหล่าพัฒนา,48180
4105,480906,นครพนม,นาหว้า,ท่าเรือ,48180
4106,481001,นครพนม,โพนสวรรค์,โพนสวรรค์,48190
4107,481002,นครพนม,โพนสวรรค์,นาหัวบ่อ,48190
4108,481003,นครพนม,โพนสวรรค์,นาขมิ้น,48190
4109,481004,นครพนม,โพนสวรรค์,โพนบก,48190
4110,481005,นครพนม,โพนสวรรค์,บ้านค้อ,48190
4111,481006,นครพนม,โพนสวรรค์,โพนจาน,48190
4112,481007,นครพนม,โพนสวรรค์,นาใน,48190
4113,481101,นครพนม,นาทม,นาทม,48140
4114,481102,นครพนม,นาทม,หนองซน,48140
4115,481103,นครพนม,นาทม,ดอนเตย,48140
4116,481201,นครพนม,วังยาง,วังยาง,48130
4117,481202,นครพนม,วังยาง,โคกสี,48130
4118,481203,นครพนม,วังยาง,ยอดชาด,48130
4119,481204,นครพนม,วังยาง,หนองโพธิ์,48130
4120,490101,มุกดาหาร,เมืองมุกดาหาร,มุกดาหาร,49000
4121,490102,มุกดาหาร,เมืองมุกดาหาร,ศรีบุญเรือง,49000
4122,490103,มุกดาหาร,เมืองมุกดาหาร,บ้านโคก,49000
4123,490104,มุกดาหาร,เมืองมุกดาหาร,บางทรายใหญ่,49000
4124,490105,มุกดาหาร,เมืองมุกดาหาร,โพนทราย,49000
4125,490106,มุกดาหาร,เมืองมุกดาหาร,ผึ่งแดด,49000
4126,490107,มุกดาหาร,เมืองมุกดาหาร,นาโสก,49000
4127,490108,มุกดาหาร,เมืองมุกดาหาร,นาสีนวน,49000
4128,490109,มุกดาหาร,เมืองมุกดาหาร,คำป่าหลาย,49000
4129,490110,มุกดาหาร,เมืองมุกดาหาร,คำอาฮวน,49000
4130,490111,มุกดาหาร,เมืองมุกดาหาร,ดงเย็น,49000
4131,490112,มุกดาหาร,เมืองมุกดาหาร,ดงมอน,49000
4132,490113,มุกดาหาร,เมืองมุกดาหาร,กุดแข้,49000
4133,490201,มุกดาหาร,นิคมคำสร้อย,นิคมคำสร้อย,49130
4134,490202,มุกดาหาร,นิคมคำสร้อย,นากอก,49130
4135,490203,มุกดาหาร,นิคมคำสร้อย,หนองแวง,49130
4136,490204,มุกดาหาร,นิคมคำสร้อย,กกแดง,49130
4137,490205,มุกดาหาร,นิคมคำสร้อย,นาอุดม,49130
4138,490206,มุกดาหาร,นิคมคำสร้อย,โชคชัย,49130
4139,490207,มุกดาหาร,นิคมคำสร้อย,ร่มเกล้า,49130
4140,490301,มุกดาหาร,ดอนตาล,ดอนตาล,49120
4141,490302,มุกดาหาร,ดอนตาล,โพธิ์ไทร,49120
4142,490303,มุกดาหาร,ดอนตาล,ป่าไร่,49120
4143,490304,มุกดาหาร,ดอนตาล,เหล่าหมี,49120
4144,490305,มุกดาหาร,ดอนตาล,บ้านบาก,49120
4145,490306,มุกดาหาร,ดอนตาล,นาสะเม็ง,49120
4146,490307,มุกดาหาร,ดอนตาล,บ้านแก้ง,49120
4147,490401,มุกดาหาร,ดงหลวง,ดงหลวง,49140
4148,490402,มุกดาหาร,ดงหลวง,หนองบัว,49140
4149,490403,มุกดาหาร,ดงหลวง,กกตูม,49140
4150,490404,มุกดาหาร,ดงหลวง,หนองแคน,49140
4151,490405,มุกดาหาร,ดงหลวง,ชะโนดน้อย,49140
4152,490406,มุกดาหาร,ดงหลวง,พังแดง,49140
4153,490503,มุกดาหาร,คำชะอี,บ้านซ่ง,49110
4154,490504,มุกดาหาร,คำชะอี,คำชะอี,49110
4155,490505,มุกดาหาร,คำชะอี,หนองเอี่ยน,49110
4156,490506,มุกดาหาร,คำชะอี,บ้านค้อ,49110
4157,490507,มุกดาหาร,คำชะอี,บ้านเหล่า,49110
4158,490508,มุกดาหาร,คำชะอี,โพนงาม,49110
4159,490511,มุกดาหาร,คำชะอี,เหล่าสร้างถ่อ,49110
4160,490512,มุกดาหาร,คำชะอี,คำบก,49110
4161,490514,มุกดาหาร,คำชะอี,น้ำเที่ยง,49110
4162,490601,มุกดาหาร,หว้านใหญ่,หว้านใหญ่,49150
4163,490602,มุกดาหาร,หว้านใหญ่,ป่งขาม,49150
4164,490603,มุกดาหาร,หว้านใหญ่,บางทรายน้อย,49150
4165,490604,มุกดาหาร,หว้านใหญ่,ชะโนด,49150
4166,490605,มุกดาหาร,หว้านใหญ่,ดงหมู,49150
4167,490701,มุกดาหาร,หนองสูง,หนองสูง,49160
4168,490702,มุกดาหาร,หนองสูง,โนนยาง,49160
4169,490703,มุกดาหาร,หนองสูง,ภูวง,49160
4170,490704,มุกดาหาร,หนองสูง,บ้านเป้า,49160
4171,490705,มุกดาหาร,หนองสูง,หนองสูงใต้,49160
4172,490706,มุกดาหาร,หนองสูง,หนองสูงเหนือ,49160
4173,500101,เชียงใหม่,เมืองเชียงใหม่,ศรีภูมิ,50200
4174,500102,เชียงใหม่,เมืองเชียงใหม่,พระสิงห์,50200
4175,500103,เชียงใหม่,เมืองเชียงใหม่,หายยา,50100
4176,500104,เชียงใหม่,เมืองเชียงใหม่,ช้างม่อย,50300
4177,500105,เชียงใหม่,เมืองเชียงใหม่,ช้างคลาน,50100
4178,500106,เชียงใหม่,เมืองเชียงใหม่,วัดเกต,50000
4179,500107,เชียงใหม่,เมืองเชียงใหม่,ช้างเผือก,50300
4180,500108,เชียงใหม่,เมืองเชียงใหม่,สุเทพ,50200
4181,500109,เชียงใหม่,เมืองเชียงใหม่,แม่เหียะ,50100
4182,500110,เชียงใหม่,เมืองเชียงใหม่,ป่าแดด,50100
4183,500111,เชียงใหม่,เมืองเชียงใหม่,หนองหอย,50000
4184,500112,เชียงใหม่,เมืองเชียงใหม่,ท่าศาลา,50000
4185,500113,เชียงใหม่,เมืองเชียงใหม่,หนองป่าครั่ง,50000
4186,500114,เชียงใหม่,เมืองเชียงใหม่,ฟ้าฮ่าม,50000
4187,500115,เชียงใหม่,เมืองเชียงใหม่,ป่าตัน,50300
4188,500116,เชียงใหม่,เมืองเชียงใหม่,สันผีเสื้อ,50300
4189,500203,เชียงใหม่,จอมทอง,บ้านหลวง,50160
4190,500204,เชียงใหม่,จอมทอง,ข่วงเปา,50160
4191,500205,เชียงใหม่,จอมทอง,สบเตี๊ยะ,50160
4192,500206,เชียงใหม่,จอมทอง,บ้านแปะ,50240
4193,500207,เชียงใหม่,จอมทอง,ดอยแก้ว,50160
4194,500209,เชียงใหม่,จอมทอง,แม่สอย,50240
4195,500301,เชียงใหม่,แม่แจ่ม,ช่างเคิ่ง,50270
4196,500302,เชียงใหม่,แม่แจ่ม,ท่าผา,50270
4197,500303,เชียงใหม่,แม่แจ่ม,บ้านทับ,50270
4198,500304,เชียงใหม่,แม่แจ่ม,แม่ศึก,50270
4199,500305,เชียงใหม่,แม่แจ่ม,แม่นาจร,50270
4200,500306,เชียงใหม่,แม่แจ่ม,บ้านจันทร์,58130
4201,500307,เชียงใหม่,แม่แจ่ม,ปางหินฝน,50270
4202,500308,เชียงใหม่,แม่แจ่ม,กองแขก,50270
4203,500309,เชียงใหม่,แม่แจ่ม,แม่แดด,58130
4204,500310,เชียงใหม่,แม่แจ่ม,แจ่มหลวง,58130
4205,500401,เชียงใหม่,เชียงดาว,เชียงดาว,50170
4206,500402,เชียงใหม่,เชียงดาว,เมืองนะ,50170
4207,500403,เชียงใหม่,เชียงดาว,เมืองงาย,50170
4208,500404,เชียงใหม่,เชียงดาว,แม่นะ,50170
4209,500405,เชียงใหม่,เชียงดาว,เมืองคอง,50170
4210,500406,เชียงใหม่,เชียงดาว,ปิงโค้ง,50170
4211,500407,เชียงใหม่,เชียงดาว,ทุ่งข้าวพวง,50170
4212,500501,เชียงใหม่,ดอยสะเก็ด,เชิงดอย,50220
4213,500502,เชียงใหม่,ดอยสะเก็ด,สันปูเลย,50220
4214,500503,เชียงใหม่,ดอยสะเก็ด,ลวงเหนือ,50220
4215,500504,เชียงใหม่,ดอยสะเก็ด,ป่าป้อง,50220
4216,500505,เชียงใหม่,ดอยสะเก็ด,สง่าบ้าน,50220
4217,500506,เชียงใหม่,ดอยสะเก็ด,ป่าลาน,50220
4218,500507,เชียงใหม่,ดอยสะเก็ด,ตลาดขวัญ,50220
4219,500508,เชียงใหม่,ดอยสะเก็ด,สำราญราษฎร์,50220
4220,500509,เชียงใหม่,ดอยสะเก็ด,แม่คือ,50220
4221,500510,เชียงใหม่,ดอยสะเก็ด,ตลาดใหญ่,50220
4222,500511,เชียงใหม่,ดอยสะเก็ด,แม่ฮ้อยเงิน,50220
4223,500512,เชียงใหม่,ดอยสะเก็ด,แม่โป่ง,50220
4224,500513,เชียงใหม่,ดอยสะเก็ด,ป่าเมี่ยง,50220
4225,500514,เชียงใหม่,ดอยสะเก็ด,เทพเสด็จ,50220
4226,500601,เชียงใหม่,แม่แตง,สันมหาพน,50150
4227,500602,เชียงใหม่,แม่แตง,แม่แตง,50150
4228,500603,เชียงใหม่,แม่แตง,ขี้เหล็ก,50150
4229,500604,เชียงใหม่,แม่แตง,ช่อแล,50150
4230,500605,เชียงใหม่,แม่แตง,แม่หอพระ,50150
4231,500606,เชียงใหม่,แม่แตง,สบเปิง,50150
4232,500607,เชียงใหม่,แม่แตง,บ้านเป้า,50150
4233,500608,เชียงใหม่,แม่แตง,สันป่ายาง,50330
4234,500609,เชียงใหม่,แม่แตง,ป่าแป๋,50150
4235,500610,เชียงใหม่,แม่แตง,เมืองก๋าย,50150
4236,500611,เชียงใหม่,แม่แตง,บ้านช้าง,50150
4237,500612,เชียงใหม่,แม่แตง,กื้ดช้าง,50150
4238,500613,เชียงใหม่,แม่แตง,อินทขิล,50150
4239,500614,เชียงใหม่,แม่แตง,สมก๋าย,50150
4240,500701,เชียงใหม่,แม่ริม,ริมใต้,50180
4241,500702,เชียงใหม่,แม่ริม,ริมเหนือ,50180
4242,500703,เชียงใหม่,แม่ริม,สันโป่ง,50180
4243,500704,เชียงใหม่,แม่ริม,ขี้เหล็ก,50180
4244,500705,เชียงใหม่,แม่ริม,สะลวง,50330
4245,500706,เชียงใหม่,แม่ริม,ห้วยทราย,50180
4246,500707,เชียงใหม่,แม่ริม,แม่แรม,50180
4247,500708,เชียงใหม่,แม่ริม,โป่งแยง,50180
4248,500709,เชียงใหม่,แม่ริม,แม่สา,50180
4249,500710,เชียงใหม่,แม่ริม,ดอนแก้ว,50180
4250,500711,เชียงใหม่,แม่ริม,เหมืองแก้ว,50180
4251,500801,เชียงใหม่,สะเมิง,สะเมิงใต้,50250
4252,500802,เชียงใหม่,สะเมิง,สะเมิงเหนือ,50250
4253,500803,เชียงใหม่,สะเมิง,แม่สาบ,50250
4254,500804,เชียงใหม่,สะเมิง,บ่อแก้ว,50250
4255,500805,เชียงใหม่,สะเมิง,ยั้งเมิน,50250
4256,500901,เชียงใหม่,ฝาง,เวียง,50110
4257,500903,เชียงใหม่,ฝาง,ม่อนปิ่น,50110
4258,500904,เชียงใหม่,ฝาง,แม่งอน,50320
4259,500905,เชียงใหม่,ฝาง,แม่สูน,50110
4260,500906,เชียงใหม่,ฝาง,สันทราย,50110
4261,500910,เชียงใหม่,ฝาง,แม่คะ,50110
4262,500911,เชียงใหม่,ฝาง,แม่ข่า,50320
4263,500912,เชียงใหม่,ฝาง,โป่งน้ำร้อน,50110
4264,501001,เชียงใหม่,แม่อาย,แม่อาย,50280
4265,501002,เชียงใหม่,แม่อาย,แม่สาว,50280
4266,501003,เชียงใหม่,แม่อาย,สันต้นหมื้อ,50280
4267,501004,เชียงใหม่,แม่อาย,แม่นาวาง,50280
4268,501005,เชียงใหม่,แม่อาย,ท่าตอน,50280
4269,501006,เชียงใหม่,แม่อาย,บ้านหลวง,50280
4270,501007,เชียงใหม่,แม่อาย,มะลิกา,50280
4271,501101,เชียงใหม่,พร้าว,เวียง,50190
4272,501102,เชียงใหม่,พร้าว,ทุ่งหลวง,50190
4273,501103,เชียงใหม่,พร้าว,ป่าตุ้ม,50190
4274,501104,เชียงใหม่,พร้าว,ป่าไหน่,50190
4275,501105,เชียงใหม่,พร้าว,สันทราย,50190
4276,501106,เชียงใหม่,พร้าว,บ้านโป่ง,50190
4277,501107,เชียงใหม่,พร้าว,น้ำแพร่,50190
4278,501108,เชียงใหม่,พร้าว,เขื่อนผาก,50190
4279,501109,เชียงใหม่,พร้าว,แม่แวน,50190
4280,501110,เชียงใหม่,พร้าว,แม่ปั๋ง,50190
4281,501111,เชียงใหม่,พร้าว,โหล่งขอด,50190
4282,501201,เชียงใหม่,สันป่าตอง,ยุหว่า,50120
4283,501202,เชียงใหม่,สันป่าตอง,สันกลาง,50120
4284,501203,เชียงใหม่,สันป่าตอง,ท่าวังพร้าว,50120
4285,501204,เชียงใหม่,สันป่าตอง,มะขามหลวง,50120
4286,501205,เชียงใหม่,สันป่าตอง,แม่ก๊า,50120
4287,501206,เชียงใหม่,สันป่าตอง,บ้านแม,50120
4288,501207,เชียงใหม่,สันป่าตอง,บ้านกลาง,50120
4289,501208,เชียงใหม่,สันป่าตอง,ทุ่งสะโตก,50120
4290,501210,เชียงใหม่,สันป่าตอง,ทุ่งต้อม,50120
4291,501214,เชียงใหม่,สันป่าตอง,น้ำบ่อหลวง,50120
4292,501215,เชียงใหม่,สันป่าตอง,มะขุนหวาน,50120
4293,501301,เชียงใหม่,สันกำแพง,สันกำแพง,50130
4294,501302,เชียงใหม่,สันกำแพง,ทรายมูล,50130
4295,501303,เชียงใหม่,สันกำแพง,ร้องวัวแดง,50130
4296,501304,เชียงใหม่,สันกำแพง,บวกค้าง,50130
4297,501305,เชียงใหม่,สันกำแพง,แช่ช้าง,50130
4298,501306,เชียงใหม่,สันกำแพง,ออนใต้,50130
4299,501310,เชียงใหม่,สันกำแพง,แม่ปูคา,50130
4300,501311,เชียงใหม่,สันกำแพง,ห้วยทราย,50130
4301,501312,เชียงใหม่,สันกำแพง,ต้นเปา,50130
4302,501313,เชียงใหม่,สันกำแพง,สันกลาง,50130
4303,501401,เชียงใหม่,สันทราย,สันทรายหลวง,50210
4304,501402,เชียงใหม่,สันทราย,สันทรายน้อย,50210
4305,501403,เชียงใหม่,สันทราย,สันพระเนตร,50210
4306,501404,เชียงใหม่,สันทราย,สันนาเม็ง,50210
4307,501405,เชียงใหม่,สันทราย,สันป่าเปา,50210
4308,501406,เชียงใหม่,สันทราย,หนองแหย่ง,50210
4309,501407,เชียงใหม่,สันทราย,หนองจ๊อม,50210
4310,501408,เชียงใหม่,สันทราย,หนองหาร,50290
4311,501409,เชียงใหม่,สันทราย,แม่แฝก,50290
4312,501410,เชียงใหม่,สันทราย,แม่แฝกใหม่,50290
4313,501411,เชียงใหม่,สันทราย,เมืองเล็น,50210
4314,501412,เชียงใหม่,สันทราย,ป่าไผ่,50210
4315,501501,เชียงใหม่,หางดง,หางดง,50230
4316,501502,เชียงใหม่,หางดง,หนองแก๋ว,50230
4317,501503,เชียงใหม่,หางดง,หารแก้ว,50230
4318,501504,เชียงใหม่,หางดง,หนองตอง,50340
4319,501505,เชียงใหม่,หางดง,ขุนคง,50230
4320,501506,เชียงใหม่,หางดง,สบแม่ข่า,50230
4321,501507,เชียงใหม่,หางดง,บ้านแหวน,50230
4322,501508,เชียงใหม่,หางดง,สันผักหวาน,50230
4323,501509,เชียงใหม่,หางดง,หนองควาย,50230
4324,501510,เชียงใหม่,หางดง,บ้านปง,50230
4325,501511,เชียงใหม่,หางดง,น้ำแพร่,50230
4326,501601,เชียงใหม่,ฮอด,หางดง,50240
4327,501602,เชียงใหม่,ฮอด,ฮอด,50240
4328,501603,เชียงใหม่,ฮอด,บ้านตาล,50240
4329,501604,เชียงใหม่,ฮอด,บ่อหลวง,50240
4330,501605,เชียงใหม่,ฮอด,บ่อสลี,50240
4331,501606,เชียงใหม่,ฮอด,นาคอเรือ,50240
4332,501701,เชียงใหม่,ดอยเต่า,ดอยเต่า,50260
4333,501702,เชียงใหม่,ดอยเต่า,ท่าเดื่อ,50260
4334,501703,เชียงใหม่,ดอยเต่า,มืดกา,50260
4335,501704,เชียงใหม่,ดอยเต่า,บ้านแอ่น,50260
4336,501705,เชียงใหม่,ดอยเต่า,บงตัน,50260
4337,501706,เชียงใหม่,ดอยเต่า,โปงทุ่ง,50260
4338,501801,เชียงใหม่,อมก๋อย,อมก๋อย,50310
4339,501802,เชียงใหม่,อมก๋อย,ยางเปียง,50310
4340,501803,เชียงใหม่,อมก๋อย,แม่ตื่น,50310
4341,501804,เชียงใหม่,อมก๋อย,ม่อนจอง,50310
4342,501805,เชียงใหม่,อมก๋อย,สบโขง,50310
4343,501806,เชียงใหม่,อมก๋อย,นาเกียน,50310
4344,501901,เชียงใหม่,สารภี,ยางเนิ้ง,50140
4345,501902,เชียงใหม่,สารภี,สารภี,50140
4346,501903,เชียงใหม่,สารภี,ชมภู,50140
4347,501904,เชียงใหม่,สารภี,ไชยสถาน,50140
4348,501905,เชียงใหม่,สารภี,ขัวมุง,50140
4349,501906,เชียงใหม่,สารภี,หนองแฝก,50140
4350,501907,เชียงใหม่,สารภี,หนองผึ้ง,50140
4351,501908,เชียงใหม่,สารภี,ท่ากว้าง,50140
4352,501909,เชียงใหม่,สารภี,ดอนแก้ว,50140
4353,501910,เชียงใหม่,สารภี,ท่าวังตาล,50140
4354,501911,เชียงใหม่,สารภี,สันทราย,50140
4355,501912,เชียงใหม่,สารภี,ป่าบง,50140
4356,502001,เชียงใหม่,เวียงแหง,เมืองแหง,50350
4357,502002,เชียงใหม่,เวียงแหง,เปียงหลวง,50350
4358,502003,เชียงใหม่,เวียงแหง,แสนไห,50350
4359,502101,เชียงใหม่,ไชยปราการ,ปงตำ,50320
4360,502102,เชียงใหม่,ไชยปราการ,ศรีดงเย็น,50320
4361,502103,เชียงใหม่,ไชยปราการ,แม่ทะลบ,50320
4362,502104,เชียงใหม่,ไชยปราการ,หนองบัว,50320
4363,502201,เชียงใหม่,แม่วาง,บ้านกาด,50360
4364,502202,เชียงใหม่,แม่วาง,ทุ่งปี้,50360
4365,502203,เชียงใหม่,แม่วาง,ทุ่งรวงทอง,50360
4366,502204,เชียงใหม่,แม่วาง,แม่วิน,50360
4367,502205,เชียงใหม่,แม่วาง,ดอนเปา,50360
4368,502301,เชียงใหม่,แม่ออน,ออนเหนือ,50130
4369,502302,เชียงใหม่,แม่ออน,ออนกลาง,50130
4370,502303,เชียงใหม่,แม่ออน,บ้านสหกรณ์,50130
4371,502304,เชียงใหม่,แม่ออน,ห้วยแก้ว,50130
4372,502305,เชียงใหม่,แม่ออน,แม่ทา,50130
4373,502306,เชียงใหม่,แม่ออน,ทาเหนือ,50130
4374,502401,เชียงใหม่,ดอยหล่อ,ดอยหล่อ,50160
4375,502402,เชียงใหม่,ดอยหล่อ,สองแคว,50160
4376,502403,เชียงใหม่,ดอยหล่อ,ยางคราม,50160
4377,502404,เชียงใหม่,ดอยหล่อ,สันติสุข,50160
4378,510101,ลำพูน,เมืองลำพูน,ในเมือง,51000
4379,510102,ลำพูน,เมืองลำพูน,เหมืองง่า,51000
4380,510103,ลำพูน,เมืองลำพูน,อุโมงค์,51150
4381,510104,ลำพูน,เมืองลำพูน,หนองช้างคืน,51150
4382,510105,ลำพูน,เมืองลำพูน,ประตูป่า,51000
4383,510106,ลำพูน,เมืองลำพูน,ริมปิง,51000
4384,510107,ลำพูน,เมืองลำพูน,ต้นธง,51000
4385,510108,ลำพูน,เมืองลำพูน,บ้านแป้น,51000
4386,510109,ลำพูน,เมืองลำพูน,เหมืองจี้,51000
4387,510110,ลำพูน,เมืองลำพูน,ป่าสัก,51000
4388,510111,ลำพูน,เมืองลำพูน,เวียงยอง,51000
4389,510112,ลำพูน,เมืองลำพูน,บ้านกลาง,51000
4390,510113,ลำพูน,เมืองลำพูน,มะเขือแจ้,51000
4391,510116,ลำพูน,เมืองลำพูน,ศรีบัวบาน,51000
4392,510117,ลำพูน,เมืองลำพูน,หนองหนาม,51000
4393,510201,ลำพูน,แม่ทา,ทาปลาดุก,51140
4394,510202,ลำพูน,แม่ทา,ทาสบเส้า,51140
4395,510203,ลำพูน,แม่ทา,ทากาศ,51170
4396,510204,ลำพูน,แม่ทา,ทาขุมเงิน,51170
4397,510205,ลำพูน,แม่ทา,ทาทุ่งหลวง,51170
4398,510206,ลำพูน,แม่ทา,ทาแม่ลอบ,51170
4399,510301,ลำพูน,บ้านโฮ่ง,บ้านโฮ่ง,51130
4400,510302,ลำพูน,บ้านโฮ่ง,ป่าพลู,51130
4401,510303,ลำพูน,บ้านโฮ่ง,เหล่ายาว,51130
4402,510304,ลำพูน,บ้านโฮ่ง,ศรีเตี้ย,51130
4403,510305,ลำพูน,บ้านโฮ่ง,หนองปลาสะวาย,51130
4404,510401,ลำพูน,ลี้,ลี้,51110
4405,510402,ลำพูน,ลี้,แม่ตืน,51110
4406,510403,ลำพูน,ลี้,นาทราย,51110
4407,510404,ลำพูน,ลี้,ดงดำ,51110
4408,510405,ลำพูน,ลี้,ก้อ,51110
4409,510406,ลำพูน,ลี้,แม่ลาน,51110
4410,510408,ลำพูน,ลี้,ป่าไผ่,51110
4411,510409,ลำพูน,ลี้,ศรีวิชัย,51110
4412,510501,ลำพูน,ทุ่งหัวช้าง,ทุ่งหัวช้าง,51160
4413,510502,ลำพูน,ทุ่งหัวช้าง,บ้านปวง,51160
4414,510503,ลำพูน,ทุ่งหัวช้าง,ตะเคียนปม,51160
4415,510601,ลำพูน,ป่าซาง,ปากบ่อง,51120
4416,510602,ลำพูน,ป่าซาง,ป่าซาง,51120
4417,510603,ลำพูน,ป่าซาง,แม่แรง,51120
4418,510604,ลำพูน,ป่าซาง,ม่วงน้อย,51120
4419,510605,ลำพูน,ป่าซาง,บ้านเรือน,51120
4420,510606,ลำพูน,ป่าซาง,มะกอก,51120
4421,510607,ลำพูน,ป่าซาง,ท่าตุ้ม,51120
4422,510608,ลำพูน,ป่าซาง,น้ำดิบ,51120
4423,510611,ลำพูน,ป่าซาง,นครเจดีย์,51120
4424,510701,ลำพูน,บ้านธิ,บ้านธิ,51180
4425,510702,ลำพูน,บ้านธิ,ห้วยยาบ,51180
4426,510801,ลำพูน,เวียงหนองล่อง,หนองล่อง,51120
4427,510802,ลำพูน,เวียงหนองล่อง,หนองยวง,51120
4428,510803,ลำพูน,เวียงหนองล่อง,วังผาง,51120
4429,520101,ลำปาง,เมืองลำปาง,เวียงเหนือ,52000
4430,520102,ลำปาง,เมืองลำปาง,หัวเวียง,52000
4431,520103,ลำปาง,เมืองลำปาง,สวนดอก,52100
4432,520104,ลำปาง,เมืองลำปาง,สบตุ๋ย,52100
4433,520105,ลำปาง,เมืองลำปาง,พระบาท,52000
4434,520106,ลำปาง,เมืองลำปาง,ชมพู,52100
4435,520107,ลำปาง,เมืองลำปาง,กล้วยแพะ,52000
4436,520108,ลำปาง,เมืองลำปาง,ปงแสนทอง,52100
4437,520109,ลำปาง,เมืองลำปาง,บ้านแลง,52000
4438,520110,ลำปาง,เมืองลำปาง,บ้านเสด็จ,52000
4439,520111,ลำปาง,เมืองลำปาง,พิชัย,52000
4440,520112,ลำปาง,เมืองลำปาง,ทุ่งฝาย,52000
4441,520113,ลำปาง,เมืองลำปาง,บ้านเอื้อม,52100
4442,520114,ลำปาง,เมืองลำปาง,บ้านเป้า,52100
4443,520115,ลำปาง,เมืองลำปาง,บ้านค่า,52100
4444,520116,ลำปาง,เมืองลำปาง,บ่อแฮ้ว,52100
4445,520117,ลำปาง,เมืองลำปาง,ต้นธงชัย,52000
4446,520118,ลำปาง,เมืองลำปาง,นิคมพัฒนา,52000
4447,520119,ลำปาง,เมืองลำปาง,บุญนาคพัฒนา,52000
4448,520201,ลำปาง,แม่เมาะ,บ้านดง,52220
4449,520202,ลำปาง,แม่เมาะ,นาสัก,52220
4450,520203,ลำปาง,แม่เมาะ,จางเหนือ,52220
4451,520204,ลำปาง,แม่เมาะ,แม่เมาะ,52220
4452,520205,ลำปาง,แม่เมาะ,สบป้าด,52220
4453,520301,ลำปาง,เกาะคา,ลำปางหลวง,52130
4454,520302,ลำปาง,เกาะคา,นาแก้ว,52130
4455,520303,ลำปาง,เกาะคา,ไหล่หิน,52130
4456,520304,ลำปาง,เกาะคา,วังพร้าว,52130
4457,520305,ลำปาง,เกาะคา,ศาลา,52130
4458,520306,ลำปาง,เกาะคา,เกาะคา,52130
4459,520307,ลำปาง,เกาะคา,นาแส่ง,52130
4460,520308,ลำปาง,เกาะคา,ท่าผา,52130
4461,520309,ลำปาง,เกาะคา,ใหม่พัฒนา,52130
4462,520401,ลำปาง,เสริมงาม,ทุ่งงาม,52210
4463,520402,ลำปาง,เสริมงาม,เสริมขวา,52210
4464,520403,ลำปาง,เสริมงาม,เสริมซ้าย,52210
4465,520404,ลำปาง,เสริมงาม,เสริมกลาง,52210
4466,520501,ลำปาง,งาว,หลวงเหนือ,52110
4467,520502,ลำปาง,งาว,หลวงใต้,52110
4468,520503,ลำปาง,งาว,บ้านโป่ง,52110
4469,520504,ลำปาง,งาว,บ้านร้อง,52110
4470,520505,ลำปาง,งาว,ปงเตา,52110
4471,520506,ลำปาง,งาว,นาแก,52110
4472,520507,ลำปาง,งาว,บ้านอ้อน,52110
4473,520508,ลำปาง,งาว,บ้านแหง,52110
4474,520509,ลำปาง,งาว,บ้านหวด,52110
4475,520510,ลำปาง,งาว,แม่ตีบ,52110
4476,520601,ลำปาง,แจ้ห่ม,แจ้ห่ม,52120
4477,520602,ลำปาง,แจ้ห่ม,บ้านสา,52120
4478,520603,ลำปาง,แจ้ห่ม,ปงดอน,52120
4479,520604,ลำปาง,แจ้ห่ม,แม่สุก,52120
4480,520605,ลำปาง,แจ้ห่ม,เมืองมาย,52120
4481,520606,ลำปาง,แจ้ห่ม,ทุ่งผึ้ง,52120
4482,520607,ลำปาง,แจ้ห่ม,วิเชตนคร,52120
4483,520701,ลำปาง,วังเหนือ,ทุ่งฮั้ว,52140
4484,520702,ลำปาง,วังเหนือ,วังเหนือ,52140
4485,520703,ลำปาง,วังเหนือ,วังใต้,52140
4486,520704,ลำปาง,วังเหนือ,ร่องเคาะ,52140
4487,520705,ลำปาง,วังเหนือ,วังทอง,52140
4488,520706,ลำปาง,วังเหนือ,วังซ้าย,52140
4489,520707,ลำปาง,วังเหนือ,วังแก้ว,52140
4490,520708,ลำปาง,วังเหนือ,วังทรายคำ,52140
4491,520801,ลำปาง,เถิน,ล้อมแรด,52160
4492,520802,ลำปาง,เถิน,แม่วะ,52230
4493,520803,ลำปาง,เถิน,แม่ปะ,52160
4494,520804,ลำปาง,เถิน,แม่มอก,52160
4495,520805,ลำปาง,เถิน,เวียงมอก,52160
4496,520806,ลำปาง,เถิน,นาโป่ง,52160
4497,520807,ลำปาง,เถิน,แม่ถอด,52160
4498,520808,ลำปาง,เถิน,เถินบุรี,52160
4499,520901,ลำปาง,แม่พริก,แม่พริก,52180
4500,520902,ลำปาง,แม่พริก,ผาปัง,52180
4501,520903,ลำปาง,แม่พริก,แม่ปุ,52180
4502,520904,ลำปาง,แม่พริก,พระบาทวังตวง,52180
4503,521001,ลำปาง,แม่ทะ,แม่ทะ,52150
4504,521002,ลำปาง,แม่ทะ,นาครัว,52150
4505,521003,ลำปาง,แม่ทะ,ป่าตัน,52150
4506,521004,ลำปาง,แม่ทะ,บ้านกิ่ว,52150
4507,521005,ลำปาง,แม่ทะ,บ้านบอม,52150
4508,521006,ลำปาง,แม่ทะ,น้ำโจ้,52150
4509,521007,ลำปาง,แม่ทะ,ดอนไฟ,52150
4510,521008,ลำปาง,แม่ทะ,หัวเสือ,52150
4511,521010,ลำปาง,แม่ทะ,วังเงิน,52150
4512,521011,ลำปาง,แม่ทะ,สันดอนแก้ว,52150
4513,521101,ลำปาง,สบปราบ,สบปราบ,52170
4514,521102,ลำปาง,สบปราบ,สมัย,52170
4515,521103,ลำปาง,สบปราบ,แม่กัวะ,52170
4516,521104,ลำปาง,สบปราบ,นายาง,52170
4517,521201,ลำปาง,ห้างฉัตร,ห้างฉัตร,52190
4518,521202,ลำปาง,ห้างฉัตร,หนองหล่ม,52190
4519,521203,ลำปาง,ห้างฉัตร,เมืองยาว,52190
4520,521204,ลำปาง,ห้างฉัตร,ปงยางคก,52190
4521,521205,ลำปาง,ห้างฉัตร,เวียงตาล,52190
4522,521206,ลำปาง,ห้างฉัตร,แม่สัน,52190
4523,521207,ลำปาง,ห้างฉัตร,วอแก้ว,52190
4524,521301,ลำปาง,เมืองปาน,เมืองปาน,52240
4525,521302,ลำปาง,เมืองปาน,บ้านขอ,52240
4526,521303,ลำปาง,เมืองปาน,ทุ่งกว๋าว,52240
4527,521304,ลำปาง,เมืองปาน,แจ้ซ้อน,52240
4528,521305,ลำปาง,เมืองปาน,หัวเมือง,52240
4529,530101,อุตรดิตถ์,เมืองอุตรดิตถ์,ท่าอิฐ,53000
4530,530102,อุตรดิตถ์,เมืองอุตรดิตถ์,ท่าเสา,53000
4531,530103,อุตรดิตถ์,เมืองอุตรดิตถ์,บ้านเกาะ,53000
4532,530104,อุตรดิตถ์,เมืองอุตรดิตถ์,ป่าเซ่า,53000
4533,530105,อุตรดิตถ์,เมืองอุตรดิตถ์,คุ้งตะเภา,53000
4534,530106,อุตรดิตถ์,เมืองอุตรดิตถ์,วังกะพี้,53170
4535,530107,อุตรดิตถ์,เมืองอุตรดิตถ์,หาดกรวด,53000
4536,530108,อุตรดิตถ์,เมืองอุตรดิตถ์,น้ำริด,53000
4537,530109,อุตรดิตถ์,เมืองอุตรดิตถ์,งิ้วงาม,53000
4538,530110,อุตรดิตถ์,เมืองอุตรดิตถ์,บ้านด่านนาขาม,53000
4539,530111,อุตรดิตถ์,เมืองอุตรดิตถ์,บ้านด่าน,53000
4540,530112,อุตรดิตถ์,เมืองอุตรดิตถ์,ผาจุก,53000
4541,530113,อุตรดิตถ์,เมืองอุตรดิตถ์,วังดิน,53000
4542,530114,อุตรดิตถ์,เมืองอุตรดิตถ์,แสนตอ,53000
4543,530115,อุตรดิตถ์,เมืองอุตรดิตถ์,หาดงิ้ว,53000
4544,530116,อุตรดิตถ์,เมืองอุตรดิตถ์,ขุนฝาง,53000
4545,530117,อุตรดิตถ์,เมืองอุตรดิตถ์,ถ้ำฉลอง,53000
4546,530201,อุตรดิตถ์,ตรอน,วังแดง,53140
4547,530202,อุตรดิตถ์,ตรอน,บ้านแก่ง,53140
4548,530203,อุตรดิตถ์,ตรอน,หาดสองแคว,53140
4549,530204,อุตรดิตถ์,ตรอน,น้ำอ่าง,53140
4550,530205,อุตรดิตถ์,ตรอน,ข่อยสูง,53140
4551,530301,อุตรดิตถ์,ท่าปลา,ท่าปลา,53150
4552,530302,อุตรดิตถ์,ท่าปลา,หาดล้า,53150
4553,530303,อุตรดิตถ์,ท่าปลา,ผาเลือด,53190
4554,530304,อุตรดิตถ์,ท่าปลา,จริม,53150
4555,530305,อุตรดิตถ์,ท่าปลา,น้ำหมัน,53150
4556,530306,อุตรดิตถ์,ท่าปลา,ท่าแฝก,53110
4557,530307,อุตรดิตถ์,ท่าปลา,นางพญา,53150
4558,530308,อุตรดิตถ์,ท่าปลา,ร่วมจิต,53190
4559,530401,อุตรดิตถ์,น้ำปาด,แสนตอ,53110
4560,530402,อุตรดิตถ์,น้ำปาด,บ้านฝาย,53110
4561,530403,อุตรดิตถ์,น้ำปาด,เด่นเหล็ก,53110
4562,530404,อุตรดิตถ์,น้ำปาด,น้ำไคร้,53110
4563,530405,อุตรดิตถ์,น้ำปาด,น้ำไผ่,53110
4564,530406,อุตรดิตถ์,น้ำปาด,ห้วยมุ่น,53110
4565,530501,อุตรดิตถ์,ฟากท่า,ฟากท่า,53160
4566,530502,อุตรดิตถ์,ฟากท่า,สองคอน,53160
4567,530503,อุตรดิตถ์,ฟากท่า,บ้านเสี้ยว,53160
4568,530504,อุตรดิตถ์,ฟากท่า,สองห้อง,53160
4569,530601,อุตรดิตถ์,บ้านโคก,ม่วงเจ็ดต้น,53180
4570,530602,อุตรดิตถ์,บ้านโคก,บ้านโคก,53180
4571,530603,อุตรดิตถ์,บ้านโคก,นาขุม,53180
4572,530604,อุตรดิตถ์,บ้านโคก,บ่อเบี้ย,53180
4573,530701,อุตรดิตถ์,พิชัย,ในเมือง,53120
4574,530702,อุตรดิตถ์,พิชัย,บ้านดารา,53220
4575,530703,อุตรดิตถ์,พิชัย,ไร่อ้อย,53120
4576,530704,อุตรดิตถ์,พิชัย,ท่าสัก,53220
4577,530705,อุตรดิตถ์,พิชัย,คอรุม,53120
4578,530706,อุตรดิตถ์,พิชัย,บ้านหม้อ,53120
4579,530707,อุตรดิตถ์,พิชัย,ท่ามะเฟือง,53120
4580,530708,อุตรดิตถ์,พิชัย,บ้านโคน,53120
4581,530709,อุตรดิตถ์,พิชัย,พญาแมน,53120
4582,530710,อุตรดิตถ์,พิชัย,นาอิน,53120
4583,530711,อุตรดิตถ์,พิชัย,นายาง,53120
4584,530801,อุตรดิตถ์,ลับแล,ศรีพนมมาศ,53130
4585,530802,อุตรดิตถ์,ลับแล,แม่พูล,53130
4586,530803,อุตรดิตถ์,ลับแล,นานกกก,53130
4587,530804,อุตรดิตถ์,ลับแล,ฝายหลวง,53130
4588,530805,อุตรดิตถ์,ลับแล,ชัยจุมพล,53130
4589,530806,อุตรดิตถ์,ลับแล,ไผ่ล้อม,53210
4590,530807,อุตรดิตถ์,ลับแล,ทุ่งยั้ง,53210
4591,530808,อุตรดิตถ์,ลับแล,ด่านแม่คำมัน,53210
4592,530901,อุตรดิตถ์,ทองแสนขัน,ผักขวง,53230
4593,530902,อุตรดิตถ์,ทองแสนขัน,บ่อทอง,53230
4594,530903,อุตรดิตถ์,ทองแสนขัน,ป่าคาย,53230
4595,530904,อุตรดิตถ์,ทองแสนขัน,น้ำพี้,53230
4596,540101,แพร่,เมืองแพร่,ในเวียง,54000
4597,540102,แพร่,เมืองแพร่,นาจักร,54000
4598,540103,แพร่,เมืองแพร่,น้ำชำ,54000
4599,540104,แพร่,เมืองแพร่,ป่าแดง,54000
4600,540105,แพร่,เมืองแพร่,ทุ่งโฮ้ง,54000
4601,540106,แพร่,เมืองแพร่,เหมืองหม้อ,54000
4602,540107,แพร่,เมืองแพร่,วังธง,54000
4603,540108,แพร่,เมืองแพร่,แม่หล่าย,54000
4604,540109,แพร่,เมืองแพร่,ห้วยม้า,54000
4605,540110,แพร่,เมืองแพร่,ป่าแมต,54000
4606,540111,แพร่,เมืองแพร่,บ้านถิ่น,54000
4607,540112,แพร่,เมืองแพร่,สวนเขื่อน,54000
4608,540113,แพร่,เมืองแพร่,วังหงษ์,54000
4609,540114,แพร่,เมืองแพร่,แม่คำมี,54000
4610,540115,แพร่,เมืองแพร่,ทุ่งกวาว,54000
4611,540116,แพร่,เมืองแพร่,ท่าข้าม,54000
4612,540117,แพร่,เมืองแพร่,แม่ยม,54000
4613,540118,แพร่,เมืองแพร่,ช่อแฮ,54000
4614,540119,แพร่,เมืองแพร่,ร่องฟอง,54000
4615,540120,แพร่,เมืองแพร่,กาญจนา,54000
4616,540201,แพร่,ร้องกวาง,ร้องกวาง,54140
4617,540204,แพร่,ร้องกวาง,ร้องเข็ม,54140
4618,540205,แพร่,ร้องกวาง,น้ำเลา,54140
4619,540206,แพร่,ร้องกวาง,บ้านเวียง,54140
4620,540207,แพร่,ร้องกวาง,ทุ่งศรี,54140
4621,540208,แพร่,ร้องกวาง,แม่ยางตาล,54140
4622,540209,แพร่,ร้องกวาง,แม่ยางฮ่อ,54140
4623,540210,แพร่,ร้องกวาง,ไผ่โทน,54140
4624,540213,แพร่,ร้องกวาง,ห้วยโรง,54140
4625,540214,แพร่,ร้องกวาง,แม่ทราย,54140
4626,540215,แพร่,ร้องกวาง,แม่ยางร้อง,54140
4627,540301,แพร่,ลอง,ห้วยอ้อ,54150
4628,540302,แพร่,ลอง,บ้านปิน,54150
4629,540303,แพร่,ลอง,ต้าผามอก,54150
4630,540304,แพร่,ลอง,เวียงต้า,54150
4631,540305,แพร่,ลอง,ปากกาง,54150
4632,540306,แพร่,ลอง,หัวทุ่ง,54150
4633,540307,แพร่,ลอง,ทุ่งแล้ง,54150
4634,540308,แพร่,ลอง,บ่อเหล็กลอง,54150
4635,540309,แพร่,ลอง,แม่ปาน,54150
4636,540401,แพร่,สูงเม่น,สูงเม่น,54130
4637,540402,แพร่,สูงเม่น,น้ำชำ,54130
4638,540403,แพร่,สูงเม่น,หัวฝาย,54130
4639,540404,แพร่,สูงเม่น,ดอนมูล,54130
4640,540405,แพร่,สูงเม่น,บ้านเหล่า,54130
4641,540406,แพร่,สูงเม่น,บ้านกวาง,54130
4642,540407,แพร่,สูงเม่น,บ้านปง,54130
4643,540408,แพร่,สูงเม่น,บ้านกาศ,54130
4644,540409,แพร่,สูงเม่น,ร่องกาศ,54130
4645,540410,แพร่,สูงเม่น,สบสาย,54130
4646,540411,แพร่,สูงเม่น,เวียงทอง,54000
4647,540412,แพร่,สูงเม่น,พระหลวง,54130
4648,540501,แพร่,เด่นชัย,เด่นชัย,54110
4649,540502,แพร่,เด่นชัย,แม่จั๊วะ,54110
4650,540503,แพร่,เด่นชัย,ไทรย้อย,54110
4651,540504,แพร่,เด่นชัย,ห้วยไร่,54110
4652,540505,แพร่,เด่นชัย,ปงป่าหวาย,54110
4653,540601,แพร่,สอง,บ้านหนุน,54120
4654,540602,แพร่,สอง,บ้านกลาง,54120
4655,540603,แพร่,สอง,ห้วยหม้าย,54120
4656,540604,แพร่,สอง,เตาปูน,54120
4657,540605,แพร่,สอง,หัวเมือง,54120
4658,540606,แพร่,สอง,สะเอียบ,54120
4659,540607,แพร่,สอง,แดนชุมพล,54120
4660,540608,แพร่,สอง,ทุ่งน้าว,54120
4661,540701,แพร่,วังชิ้น,วังชิ้น,54160
4662,540702,แพร่,วังชิ้น,สรอย,54160
4663,540703,แพร่,วังชิ้น,แม่ป้าก,54160
4664,540704,แพร่,วังชิ้น,นาพูน,54160
4665,540705,แพร่,วังชิ้น,แม่พุง,54160
4666,540706,แพร่,วังชิ้น,ป่าสัก,54160
4667,540707,แพร่,วังชิ้น,แม่เกิ๋ง,54160
4668,540801,แพร่,หนองม่วงไข่,แม่คำมี,54170
4669,540802,แพร่,หนองม่วงไข่,หนองม่วงไข่,54170
4670,540803,แพร่,หนองม่วงไข่,น้ำรัด,54170
4671,540804,แพร่,หนองม่วงไข่,วังหลวง,54170
4672,540805,แพร่,หนองม่วงไข่,ตำหนักธรรม,54170
4673,540806,แพร่,หนองม่วงไข่,ทุ่งแค้ว,54170
4674,550101,น่าน,เมืองน่าน,ในเวียง,55000
4675,550102,น่าน,เมืองน่าน,บ่อ,55000
4676,550103,น่าน,เมืองน่าน,ผาสิงห์,55000
4677,550104,น่าน,เมืองน่าน,ไชยสถาน,55000
4678,550105,น่าน,เมืองน่าน,ถืมตอง,55000
4679,550106,น่าน,เมืองน่าน,เรือง,55000
4680,550107,น่าน,เมืองน่าน,นาซาว,55000
4681,550108,น่าน,เมืองน่าน,ดู่ใต้,55000
4682,550109,น่าน,เมืองน่าน,กองควาย,55000
4683,550116,น่าน,เมืองน่าน,สวก,55000
4684,550117,น่าน,เมืองน่าน,สะเนียน,55000
4685,550202,น่าน,แม่จริม,หนองแดง,55170
4686,550203,น่าน,แม่จริม,หมอเมือง,55170
4687,550204,น่าน,แม่จริม,น้ำพาง,55170
4688,550205,น่าน,แม่จริม,น้ำปาย,55170
4689,550206,น่าน,แม่จริม,แม่จริม,55170
4690,550301,น่าน,บ้านหลวง,บ้านฟ้า,55190
4691,550302,น่าน,บ้านหลวง,ป่าคาหลวง,55190
4692,550303,น่าน,บ้านหลวง,สวด,55190
4693,550304,น่าน,บ้านหลวง,บ้านพี้,55190
4694,550401,น่าน,นาน้อย,นาน้อย,55150
4695,550402,น่าน,นาน้อย,เชียงของ,55150
4696,550403,น่าน,นาน้อย,ศรีษะเกษ,55150
4697,550404,น่าน,นาน้อย,สถาน,55150
4698,550405,น่าน,นาน้อย,สันทะ,55150
4699,550406,น่าน,นาน้อย,บัวใหญ่,55150
4700,550407,น่าน,นาน้อย,น้ำตก,55150
4701,550501,น่าน,ปัว,ปัว,55120
4702,550502,น่าน,ปัว,แงง,55120
4703,550503,น่าน,ปัว,สถาน,55120
4704,550504,น่าน,ปัว,ศิลาแลง,55120
4705,550505,น่าน,ปัว,ศิลาเพชร,55120
4706,550506,น่าน,ปัว,อวน,55120
4707,550509,น่าน,ปัว,ไชยวัฒนา,55120
4708,550510,น่าน,ปัว,เจดีย์ชัย,55120
4709,550511,น่าน,ปัว,ภูคา,55120
4710,550512,น่าน,ปัว,สกาด,55120
4711,550513,น่าน,ปัว,ป่ากลาง,55120
4712,550514,น่าน,ปัว,วรนคร,55120
4713,550601,น่าน,ท่าวังผา,ริม,55140
4714,550602,น่าน,ท่าวังผา,ป่าคา,55140
4715,550603,น่าน,ท่าวังผา,ผาตอ,55140
4716,550604,น่าน,ท่าวังผา,ยม,55140
4717,550605,น่าน,ท่าวังผา,ตาลชุม,55140
4718,550606,น่าน,ท่าวังผา,ศรีภูมิ,55140
4719,550607,น่าน,ท่าวังผา,จอมพระ,55140
4720,550608,น่าน,ท่าวังผา,แสนทอง,55140
4721,550609,น่าน,ท่าวังผา,ท่าวังผา,55140
4722,550610,น่าน,ท่าวังผา,ผาทอง,55140
4723,550701,น่าน,เวียงสา,กลางเวียง,55110
4724,550702,น่าน,เวียงสา,ขึ่ง,55110
4725,550703,น่าน,เวียงสา,ไหล่น่าน,55110
4726,550704,น่าน,เวียงสา,ตาลชุม,55110
4727,550705,น่าน,เวียงสา,นาเหลือง,55110
4728,550706,น่าน,เวียงสา,ส้าน,55110
4729,550707,น่าน,เวียงสา,น้ำมวบ,55110
4730,550708,น่าน,เวียงสา,น้ำปั้ว,55110
4731,550709,น่าน,เวียงสา,ยาบหัวนา,55110
4732,550710,น่าน,เวียงสา,ปงสนุก,55110
4733,550711,น่าน,เวียงสา,อ่ายนาไลย,55110
4734,550712,น่าน,เวียงสา,ส้านนาหนองใหม่,55110
4735,550713,น่าน,เวียงสา,แม่ขะนิง,55110
4736,550714,น่าน,เวียงสา,แม่สาคร,55110
4737,550715,น่าน,เวียงสา,จอมจันทร์,55110
4738,550716,น่าน,เวียงสา,แม่สา,55110
4739,550717,น่าน,เวียงสา,ทุ่งศรีทอง,55110
4740,550801,น่าน,ทุ่งช้าง,ปอน,55130
4741,550802,น่าน,ทุ่งช้าง,งอบ,55130
4742,550803,น่าน,ทุ่งช้าง,และ,55130
4743,550804,น่าน,ทุ่งช้าง,ทุ่งช้าง,55130
4744,550901,น่าน,เชียงกลาง,เชียงกลาง,55160
4745,550902,น่าน,เชียงกลาง,เปือ,55160
4746,550903,น่าน,เชียงกลาง,เชียงคาน,55160
4747,550904,น่าน,เชียงกลาง,พระธาตุ,55160
4748,550908,น่าน,เชียงกลาง,พญาแก้ว,55160
4749,550909,น่าน,เชียงกลาง,พระพุทธบาท,55160
4750,551001,น่าน,นาหมื่น,นาทะนุง,55180
4751,551002,น่าน,นาหมื่น,บ่อแก้ว,55180
4752,551003,น่าน,นาหมื่น,เมืองลี,55180
4753,551004,น่าน,นาหมื่น,ปิงหลวง,55180
4754,551101,น่าน,สันติสุข,ดู่พงษ์,55210
4755,551102,น่าน,สันติสุข,ป่าแลวหลวง,55210
4756,551103,น่าน,สันติสุข,พงษ์,55210
4757,551201,น่าน,บ่อเกลือ,บ่อเกลือเหนือ,55220
4758,551202,น่าน,บ่อเกลือ,บ่อเกลือใต้,55220
4759,551204,น่าน,บ่อเกลือ,ภูฟ้า,55220
4760,551205,น่าน,บ่อเกลือ,ดงพญา,55220
4761,551301,น่าน,สองแคว,นาไร่หลวง,55160
4762,551302,น่าน,สองแคว,ชนแดน,55160
4763,551303,น่าน,สองแคว,ยอด,55160
4764,551401,น่าน,ภูเพียง,ม่วงตึ๊ด,55000
4765,551402,น่าน,ภูเพียง,นาปัง,55000
4766,551403,น่าน,ภูเพียง,น้ำแก่น,55000
4767,551404,น่าน,ภูเพียง,น้ำเกี๋ยน,55000
4768,551405,น่าน,ภูเพียง,เมืองจัง,55000
4769,551406,น่าน,ภูเพียง,ท่าน้าว,55000
4770,551407,น่าน,ภูเพียง,ฝายแก้ว,55000
4771,551501,น่าน,เฉลิมพระเกียรติ,ห้วยโก๋น,55130
4772,551502,น่าน,เฉลิมพระเกียรติ,ขุนน่าน,55130
4773,560101,พะเยา,เมืองพะเยา,เวียง,56000
4774,560102,พะเยา,เมืองพะเยา,แม่ต๋ำ,56000
4775,560104,พะเยา,เมืองพะเยา,แม่นาเรือ,56000
4776,560105,พะเยา,เมืองพะเยา,บ้านตุ่น,56000
4777,560106,พะเยา,เมืองพะเยา,บ้านต๊ำ,56000
4778,560107,พะเยา,เมืองพะเยา,บ้านต๋อม,56000
4779,560108,พะเยา,เมืองพะเยา,แม่ปืม,56000
4780,560110,พะเยา,เมืองพะเยา,แม่กา,56000
4781,560111,พะเยา,เมืองพะเยา,บ้านใหม่,56000
4782,560112,พะเยา,เมืองพะเยา,จำป่าหวาย,56000
4783,560113,พะเยา,เมืองพะเยา,ท่าวังทอง,56000
4784,560114,พะเยา,เมืองพะเยา,แม่ใส,56000
4785,560115,พะเยา,เมืองพะเยา,บ้านสาง,56000
4786,560116,พะเยา,เมืองพะเยา,ท่าจำปี,56000
4787,560118,พะเยา,เมืองพะเยา,สันป่าม่วง,56000
4788,560201,พะเยา,จุน,ห้วยข้าวก่ำ,56150
4789,560202,พะเยา,จุน,จุน,56150
4790,560203,พะเยา,จุน,ลอ,56150
4791,560204,พะเยา,จุน,หงส์หิน,56150
4792,560205,พะเยา,จุน,ทุ่งรวงทอง,56150
4793,560206,พะเยา,จุน,ห้วยยางขาม,56150
4794,560207,พะเยา,จุน,พระธาตุขิงแกง,56150
4795,560301,พะเยา,เชียงคำ,หย่วน,56110
4796,560306,พะเยา,เชียงคำ,น้ำแวน,56110
4797,560307,พะเยา,เชียงคำ,เวียง,56110
4798,560308,พะเยา,เชียงคำ,ฝายกวาง,56110
4799,560309,พะเยา,เชียงคำ,เจดีย์คำ,56110
4800,560310,พะเยา,เชียงคำ,ร่มเย็น,56110
4801,560311,พะเยา,เชียงคำ,เชียงบาน,56110
4802,560312,พะเยา,เชียงคำ,แม่ลาว,56110
4803,560313,พะเยา,เชียงคำ,อ่างทอง,56110
4804,560314,พะเยา,เชียงคำ,ทุ่งผาสุข,56110
4805,560401,พะเยา,เชียงม่วน,เชียงม่วน,56160
4806,560402,พะเยา,เชียงม่วน,บ้านมาง,56160
4807,560403,พะเยา,เชียงม่วน,สระ,56160
4808,560501,พะเยา,ดอกคำใต้,ดอกคำใต้,56120
4809,560502,พะเยา,ดอกคำใต้,ดอนศรีชุม,56120
4810,560503,พะเยา,ดอกคำใต้,บ้านถ้ำ,56120
4811,560504,พะเยา,ดอกคำใต้,บ้านปิน,56120
4812,560505,พะเยา,ดอกคำใต้,ห้วยลาน,56120
4813,560506,พะเยา,ดอกคำใต้,สันโค้ง,56120
4814,560507,พะเยา,ดอกคำใต้,ป่าซาง,56120
4815,560508,พะเยา,ดอกคำใต้,หนองหล่ม,56120
4816,560509,พะเยา,ดอกคำใต้,ดงสุวรรณ,56120
4817,560510,พะเยา,ดอกคำใต้,บุญเกิด,56120
4818,560511,พะเยา,ดอกคำใต้,สว่างอารมณ์,56120
4819,560512,พะเยา,ดอกคำใต้,คือเวียง,56120
4820,560601,พะเยา,ปง,ปง,56140
4821,560602,พะเยา,ปง,ควร,56140
4822,560603,พะเยา,ปง,ออย,56140
4823,560604,พะเยา,ปง,งิม,56140
4824,560605,พะเยา,ปง,ผาช้างน้อย,56140
4825,560606,พะเยา,ปง,นาปรัง,56140
4826,560607,พะเยา,ปง,ขุนควร,56140
4827,560701,พะเยา,แม่ใจ,แม่ใจ,56130
4828,560702,พะเยา,แม่ใจ,ศรีถ้อย,56130
4829,560703,พะเยา,แม่ใจ,แม่สุก,56130
4830,560704,พะเยา,แม่ใจ,ป่าแฝก,56130
4831,560705,พะเยา,แม่ใจ,บ้านเหล่า,56130
4832,560706,พะเยา,แม่ใจ,เจริญราษฎร์,56130
4833,560801,พะเยา,ภูซาง,ภูซาง,56110
4834,560802,พะเยา,ภูซาง,ป่าสัก,56110
4835,560803,พะเยา,ภูซาง,ทุ่งกล้วย,56110
4836,560804,พะเยา,ภูซาง,เชียงแรง,56110
4837,560805,พะเยา,ภูซาง,สบบง,56110
4838,560901,พะเยา,ภูกามยาว,ห้วยแก้ว,56000
4839,560902,พะเยา,ภูกามยาว,ดงเจน,56000
4840,560903,พะเยา,ภูกามยาว,แม่อิง,56000
4841,570101,เชียงราย,เมืองเชียงราย,เวียง,57000
4842,570102,เชียงราย,เมืองเชียงราย,รอบเวียง,57000
4843,570103,เชียงราย,เมืองเชียงราย,บ้านดู่,57100
4844,570104,เชียงราย,เมืองเชียงราย,นางแล,57100
4845,570105,เชียงราย,เมืองเชียงราย,แม่ข้าวต้ม,57100
4846,570106,เชียงราย,เมืองเชียงราย,แม่ยาว,57100
4847,570107,เชียงราย,เมืองเชียงราย,สันทราย,57000
4848,570111,เชียงราย,เมืองเชียงราย,แม่กรณ์,57000
4849,570112,เชียงราย,เมืองเชียงราย,ห้วยชมภู,57000
4850,570113,เชียงราย,เมืองเชียงราย,ห้วยสัก,57000
4851,570114,เชียงราย,เมืองเชียงราย,ริมกก,57100
4852,570115,เชียงราย,เมืองเชียงราย,ดอยลาน,57000
4853,570116,เชียงราย,เมืองเชียงราย,ป่าอ้อดอนชัย,57000
4854,570118,เชียงราย,เมืองเชียงราย,ท่าสาย,57000
4855,570120,เชียงราย,เมืองเชียงราย,ดอยฮาง,57000
4856,570121,เชียงราย,เมืองเชียงราย,ท่าสุด,57100
4857,570202,เชียงราย,เวียงชัย,เวียงชัย,57210
4858,570203,เชียงราย,เวียงชัย,ผางาม,57210
4859,570204,เชียงราย,เวียงชัย,เวียงเหนือ,57210
4860,570206,เชียงราย,เวียงชัย,ดอนศิลา,57210
4861,570208,เชียงราย,เวียงชัย,เมืองชุม,57210
4862,570301,เชียงราย,เชียงของ,เวียง,57140
4863,570302,เชียงราย,เชียงของ,สถาน,57140
4864,570303,เชียงราย,เชียงของ,ครึ่ง,57140
4865,570304,เชียงราย,เชียงของ,บุญเรือง,57140
4866,570305,เชียงราย,เชียงของ,ห้วยซ้อ,57140
4867,570308,เชียงราย,เชียงของ,ศรีดอนชัย,57230
4868,570310,เชียงราย,เชียงของ,ริมโขง,57140
4869,570401,เชียงราย,เทิง,เวียง,57160
4870,570402,เชียงราย,เทิง,งิ้ว,57160
4871,570403,เชียงราย,เทิง,ปล้อง,57230
4872,570404,เชียงราย,เทิง,แม่ลอย,57230
4873,570405,เชียงราย,เทิง,เชียงเคี่ยน,57230
4874,570409,เชียงราย,เทิง,ตับเต่า,57160
4875,570410,เชียงราย,เทิง,หงาว,57160
4876,570411,เชียงราย,เทิง,สันทรายงาม,57160
4877,570412,เชียงราย,เทิง,ศรีดอนไชย,57160
4878,570413,เชียงราย,เทิง,หนองแรด,57160
4879,570501,เชียงราย,พาน,สันมะเค็ด,57120
4880,570502,เชียงราย,พาน,แม่อ้อ,57120
4881,570503,เชียงราย,พาน,ธารทอง,57250
4882,570504,เชียงราย,พาน,สันติสุข,57120
4883,570505,เชียงราย,พาน,ดอยงาม,57120
4884,570506,เชียงราย,พาน,หัวง้ม,57120
4885,570507,เชียงราย,พาน,เจริญเมือง,57120
4886,570508,เชียงราย,พาน,ป่าหุ่ง,57120
4887,570509,เชียงราย,พาน,ม่วงคำ,57120
4888,570510,เชียงราย,พาน,ทรายขาว,57120
4889,570511,เชียงราย,พาน,สันกลาง,57120
4890,570512,เชียงราย,พาน,แม่เย็น,57280
4891,570513,เชียงราย,พาน,เมืองพาน,57120
4892,570514,เชียงราย,พาน,ทานตะวัน,57280
4893,570515,เชียงราย,พาน,เวียงห้าว,57120
4894,570601,เชียงราย,ป่าแดด,ป่าแดด,57190
4895,570602,เชียงราย,ป่าแดด,ป่าแงะ,57190
4896,570603,เชียงราย,ป่าแดด,สันมะค่า,57190
4897,570605,เชียงราย,ป่าแดด,โรงช้าง,57190
4898,570606,เชียงราย,ป่าแดด,ศรีโพธิ์เงิน,57190
4899,570701,เชียงราย,แม่จัน,แม่จัน,57110
4900,570702,เชียงราย,แม่จัน,จันจว้า,57270
4901,570703,เชียงราย,แม่จัน,แม่คำ,57240
4902,570704,เชียงราย,แม่จัน,ป่าซาง,57110
4903,570705,เชียงราย,แม่จัน,สันทราย,57110
4904,570706,เชียงราย,แม่จัน,ท่าข้าวเปลือก,57110
4905,570708,เชียงราย,แม่จัน,ป่าตึง,57110
4906,570710,เชียงราย,แม่จัน,แม่ไร่,57240
4907,570711,เชียงราย,แม่จัน,ศรีค้ำ,57110
4908,570712,เชียงราย,แม่จัน,จันจว้าใต้,57270
4909,570713,เชียงราย,แม่จัน,จอมสวรรค์,57110
4910,570801,เชียงราย,เชียงแสน,เวียง,57150
4911,570802,เชียงราย,เชียงแสน,ป่าสัก,57150
4912,570803,เชียงราย,เชียงแสน,บ้านแซว,57150
4913,570804,เชียงราย,เชียงแสน,ศรีดอนมูล,57150
4914,570805,เชียงราย,เชียงแสน,แม่เงิน,57150
4915,570806,เชียงราย,เชียงแสน,โยนก,57150
4916,570901,เชียงราย,แม่สาย,แม่สาย,57130
4917,570902,เชียงราย,แม่สาย,ห้วยไคร้,57220
4918,570903,เชียงราย,แม่สาย,เกาะช้าง,57130
4919,570904,เชียงราย,แม่สาย,โป่งผา,57130
4920,570905,เชียงราย,แม่สาย,ศรีเมืองชุม,57130
4921,570906,เชียงราย,แม่สาย,เวียงพางคำ,57130
4922,570908,เชียงราย,แม่สาย,บ้านด้าย,57220
4923,570909,เชียงราย,แม่สาย,โป่งงาม,57130
4924,571001,เชียงราย,แม่สรวย,แม่สรวย,57180
4925,571002,เชียงราย,แม่สรวย,ป่าแดด,57180
4926,571003,เชียงราย,แม่สรวย,แม่พริก,57180
4927,571004,เชียงราย,แม่สรวย,ศรีถ้อย,57180
4928,571005,เชียงราย,แม่สรวย,ท่าก๊อ,57180
4929,571006,เชียงราย,แม่สรวย,วาวี,57180
4930,571007,เชียงราย,แม่สรวย,เจดีย์หลวง,57180
4931,571101,เชียงราย,เวียงป่าเป้า,สันสลี,57170
4932,571102,เชียงราย,เวียงป่าเป้า,เวียง,57170
4933,571103,เชียงราย,เวียงป่าเป้า,บ้านโป่ง,57170
4934,571104,เชียงราย,เวียงป่าเป้า,ป่างิ้ว,57170
4935,571105,เชียงราย,เวียงป่าเป้า,เวียงกาหลง,57260
4936,571106,เชียงราย,เวียงป่าเป้า,แม่เจดีย์,57260
4937,571107,เชียงราย,เวียงป่าเป้า,แม่เจดีย์ใหม่,57260
4938,571201,เชียงราย,พญาเม็งราย,แม่เปา,57290
4939,571202,เชียงราย,พญาเม็งราย,แม่ต๋ำ,57290
4940,571203,เชียงราย,พญาเม็งราย,ไม้ยา,57290
4941,571204,เชียงราย,พญาเม็งราย,เม็งราย,57290
4942,571205,เชียงราย,พญาเม็งราย,ตาดควัน,57290
4943,571301,เชียงราย,เวียงแก่น,ม่วงยาย,57310
4944,571302,เชียงราย,เวียงแก่น,ปอ,57310
4945,571303,เชียงราย,เวียงแก่น,หล่ายงาว,57310
4946,571304,เชียงราย,เวียงแก่น,ท่าข้าม,57310
4947,571401,เชียงราย,ขุนตาล,ต้า,57340
4948,571402,เชียงราย,ขุนตาล,ป่าตาล,57340
4949,571403,เชียงราย,ขุนตาล,ยางฮอม,57340
4950,571501,เชียงราย,แม่ฟ้าหลวง,เทอดไทย,57240
4951,571502,เชียงราย,แม่ฟ้าหลวง,แม่สลองใน,57110
4952,571503,เชียงราย,แม่ฟ้าหลวง,แม่สลองนอก,57110
4953,571504,เชียงราย,แม่ฟ้าหลวง,แม่ฟ้าหลวง,57240
4954,571601,เชียงราย,แม่ลาว,ดงมะดะ,57250
4955,571602,เชียงราย,แม่ลาว,จอมหมอกแก้ว,57250
4956,571603,เชียงราย,แม่ลาว,บัวสลี,57250
4957,571604,เชียงราย,แม่ลาว,ป่าก่อดำ,57250
4958,571605,เชียงราย,แม่ลาว,โป่งแพร่,57000
4959,571701,เชียงราย,เวียงเชียงรุ้ง,ทุ่งก่อ,57210
4960,571702,เชียงราย,เวียงเชียงรุ้ง,ดงมหาวัน,57210
4961,571703,เชียงราย,เวียงเชียงรุ้ง,ป่าซาง,57210
4962,571801,เชียงราย,ดอยหลวง,ปงน้อย,57110
4963,571802,เชียงราย,ดอยหลวง,โชคชัย,57110
4964,571803,เชียงราย,ดอยหลวง,หนองป่าก่อ,57110
4965,580101,แม่ฮ่องสอน,เมืองแม่ฮ่องสอน,จองคำ,58000
4966,580102,แม่ฮ่องสอน,เมืองแม่ฮ่องสอน,ห้วยโป่ง,58000
4967,580103,แม่ฮ่องสอน,เมืองแม่ฮ่องสอน,ผาบ่อง,58000
4968,580104,แม่ฮ่องสอน,เมืองแม่ฮ่องสอน,ปางหมู,58000
4969,580105,แม่ฮ่องสอน,เมืองแม่ฮ่องสอน,หมอกจำแป่,58000
4970,580106,แม่ฮ่องสอน,เมืองแม่ฮ่องสอน,ห้วยผา,58000
4971,580109,แม่ฮ่องสอน,เมืองแม่ฮ่องสอน,ห้วยปูลิง,58000
4972,580201,แม่ฮ่องสอน,ขุนยวม,ขุนยวม,58140
4973,580202,แม่ฮ่องสอน,ขุนยวม,แม่เงา,58140
4974,580203,แม่ฮ่องสอน,ขุนยวม,เมืองปอน,58140
4975,580204,แม่ฮ่องสอน,ขุนยวม,แม่ยวมน้อย,58140
4976,580205,แม่ฮ่องสอน,ขุนยวม,แม่กิ๊,58140
4977,580206,แม่ฮ่องสอน,ขุนยวม,แม่อูคอ,58140
4978,580301,แม่ฮ่องสอน,ปาย,เวียงใต้,58130
4979,580302,แม่ฮ่องสอน,ปาย,เวียงเหนือ,58130
4980,580303,แม่ฮ่องสอน,ปาย,แม่นาเติง,58130
4981,580304,แม่ฮ่องสอน,ปาย,แม่ฮี้,58130
4982,580305,แม่ฮ่องสอน,ปาย,ทุ่งยาว,58130
4983,580306,แม่ฮ่องสอน,ปาย,เมืองแปง,58130
4984,580307,แม่ฮ่องสอน,ปาย,โป่งสา,58130
4985,580401,แม่ฮ่องสอน,แม่สะเรียง,บ้านกาศ,58110
4986,580402,แม่ฮ่องสอน,แม่สะเรียง,แม่สะเรียง,58110
4987,580403,แม่ฮ่องสอน,แม่สะเรียง,แม่คง,58110
4988,580404,แม่ฮ่องสอน,แม่สะเรียง,แม่เหาะ,58110
4989,580405,แม่ฮ่องสอน,แม่สะเรียง,แม่ยวม,58110
4990,580406,แม่ฮ่องสอน,แม่สะเรียง,เสาหิน,58110
4991,580408,แม่ฮ่องสอน,แม่สะเรียง,ป่าแป๋,58110
4992,580501,แม่ฮ่องสอน,แม่ลาน้อย,แม่ลาน้อย,58120
4993,580502,แม่ฮ่องสอน,แม่ลาน้อย,แม่ลาหลวง,58120
4994,580503,แม่ฮ่องสอน,แม่ลาน้อย,ท่าผาปุ้ม,58120
4995,580504,แม่ฮ่องสอน,แม่ลาน้อย,แม่โถ,58120
4996,580505,แม่ฮ่องสอน,แม่ลาน้อย,ห้วยห้อม,58120
4997,580506,แม่ฮ่องสอน,แม่ลาน้อย,แม่นาจาง,58120
4998,580507,แม่ฮ่องสอน,แม่ลาน้อย,สันติคีรี,58120
4999,580508,แม่ฮ่องสอน,แม่ลาน้อย,ขุนแม่ลาน้อย,58120
5000,580601,แม่ฮ่องสอน,สบเมย,สบเมย,58110
5001,580602,แม่ฮ่องสอน,สบเมย,แม่คะตวน,58110
5002,580603,แม่ฮ่องสอน,สบเมย,กองก๋อย,58110
5003,580604,แม่ฮ่องสอน,สบเมย,แม่สวด,58110
5004,580605,แม่ฮ่องสอน,สบเมย,ป่าโปง,58110
5005,580606,แม่ฮ่องสอน,สบเมย,แม่สามแลบ,58110
5006,580701,แม่ฮ่องสอน,ปางมะผ้า,สบป่อง,58150
5007,580702,แม่ฮ่องสอน,ปางมะผ้า,ปางมะผ้า,58150
5008,580703,แม่ฮ่องสอน,ปางมะผ้า,ถ้ำลอด,58150
5009,580704,แม่ฮ่องสอน,ปางมะผ้า,นาปู่ป้อม,58150
5010,600101,นครสวรรค์,เมืองนครสวรรค์,ปากน้ำโพ,60000
5011,600102,นครสวรรค์,เมืองนครสวรรค์,กลางแดด,60000
5012,600103,นครสวรรค์,เมืองนครสวรรค์,เกรียงไกร,60000
5013,600104,นครสวรรค์,เมืองนครสวรรค์,แควใหญ่,60000
5014,600105,นครสวรรค์,เมืองนครสวรรค์,ตะเคียนเลื่อน,60000
5015,600106,นครสวรรค์,เมืองนครสวรรค์,นครสวรรค์ตก,60000
5016,600107,นครสวรรค์,เมืองนครสวรรค์,นครสวรรค์ออก,60000
5017,600108,นครสวรรค์,เมืองนครสวรรค์,บางพระหลวง,60000
5018,600109,นครสวรรค์,เมืองนครสวรรค์,บางม่วง,60000
5019,600110,นครสวรรค์,เมืองนครสวรรค์,บ้านมะเกลือ,60000
5020,600111,นครสวรรค์,เมืองนครสวรรค์,บ้านแก่ง,60000
5021,600112,นครสวรรค์,เมืองนครสวรรค์,พระนอน,60000
5022,600113,นครสวรรค์,เมืองนครสวรรค์,วัดไทร,60000
5023,600114,นครสวรรค์,เมืองนครสวรรค์,หนองกรด,60240
5024,600115,นครสวรรค์,เมืองนครสวรรค์,หนองกระโดน,60240
5025,600116,นครสวรรค์,เมืองนครสวรรค์,หนองปลิง,60000
5026,600117,นครสวรรค์,เมืองนครสวรรค์,บึงเสนาท,60000
5027,600201,นครสวรรค์,โกรกพระ,โกรกพระ,60170
5028,600202,นครสวรรค์,โกรกพระ,ยางตาล,60170
5029,600203,นครสวรรค์,โกรกพระ,บางมะฝ่อ,60170
5030,600204,นครสวรรค์,โกรกพระ,บางประมุง,60170
5031,600205,นครสวรรค์,โกรกพระ,นากลาง,60170
5032,600206,นครสวรรค์,โกรกพระ,ศาลาแดง,60170
5033,600207,นครสวรรค์,โกรกพระ,เนินกว้าว,60170
5034,600208,นครสวรรค์,โกรกพระ,เนินศาลา,60170
5035,600209,นครสวรรค์,โกรกพระ,หาดสูง,60170
5036,600301,นครสวรรค์,ชุมแสง,ชุมแสง,60120
5037,600302,นครสวรรค์,ชุมแสง,ทับกฤช,60250
5038,600303,นครสวรรค์,ชุมแสง,พิกุล,60120
5039,600304,นครสวรรค์,ชุมแสง,เกยไชย,60120
5040,600305,นครสวรรค์,ชุมแสง,ท่าไม้,60120
5041,600306,นครสวรรค์,ชุมแสง,บางเคียน,60120
5042,600307,นครสวรรค์,ชุมแสง,หนองกระเจา,60120
5043,600308,นครสวรรค์,ชุมแสง,พันลาน,60250
5044,600309,นครสวรรค์,ชุมแสง,โคกหม้อ,60120
5045,600310,นครสวรรค์,ชุมแสง,ไผ่สิงห์,60120
5046,600311,นครสวรรค์,ชุมแสง,ฆะมัง,60120
5047,600312,นครสวรรค์,ชุมแสง,ทับกฤชใต้,60250
5048,600401,นครสวรรค์,หนองบัว,หนองบัว,60110
5049,600402,นครสวรรค์,หนองบัว,หนองกลับ,60110
5050,600403,นครสวรรค์,หนองบัว,ธารทหาร,60110
5051,600404,นครสวรรค์,หนองบัว,ห้วยร่วม,60110
5052,600405,นครสวรรค์,หนองบัว,ห้วยถั่วใต้,60110
5053,600406,นครสวรรค์,หนองบัว,ห้วยถั่วเหนือ,60110
5054,600407,นครสวรรค์,หนองบัว,ห้วยใหญ่,60110
5055,600408,นครสวรรค์,หนองบัว,ทุ่งทอง,60110
5056,600409,นครสวรรค์,หนองบัว,วังบ่อ,60110
5057,600501,นครสวรรค์,บรรพตพิสัย,ท่างิ้ว,60180
5058,600502,นครสวรรค์,บรรพตพิสัย,บางตาหงาย,60180
5059,600503,นครสวรรค์,บรรพตพิสัย,หูกวาง,60180
5060,600504,นครสวรรค์,บรรพตพิสัย,อ่างทอง,60180
5061,600505,นครสวรรค์,บรรพตพิสัย,บ้านแดน,60180
5062,600506,นครสวรรค์,บรรพตพิสัย,บางแก้ว,60180
5063,600507,นครสวรรค์,บรรพตพิสัย,ตาขีด,60180
5064,600508,นครสวรรค์,บรรพตพิสัย,ตาสัง,60180
5065,600509,นครสวรรค์,บรรพตพิสัย,ด่านช้าง,60180
5066,600510,นครสวรรค์,บรรพตพิสัย,หนองกรด,60180
5067,600511,นครสวรรค์,บรรพตพิสัย,หนองตางู,60180
5068,600512,นครสวรรค์,บรรพตพิสัย,บึงปลาทู,60180
5069,600513,นครสวรรค์,บรรพตพิสัย,เจริญผล,60180
5070,600601,นครสวรรค์,เก้าเลี้ยว,มหาโพธิ,60230
5071,600602,นครสวรรค์,เก้าเลี้ยว,เก้าเลี้ยว,60230
5072,600603,นครสวรรค์,เก้าเลี้ยว,หนองเต่า,60230
5073,600604,นครสวรรค์,เก้าเลี้ยว,เขาดิน,60230
5074,600605,นครสวรรค์,เก้าเลี้ยว,หัวดง,60230
5075,600701,นครสวรรค์,ตาคลี,ตาคลี,60140
5076,600702,นครสวรรค์,ตาคลี,ช่องแค,60210
5077,600703,นครสวรรค์,ตาคลี,จันเสน,60260
5078,600704,นครสวรรค์,ตาคลี,ห้วยหอม,60210
5079,600705,นครสวรรค์,ตาคลี,หัวหวาย,60140
5080,600706,นครสวรรค์,ตาคลี,หนองโพ,60140
5081,600707,นครสวรรค์,ตาคลี,หนองหม้อ,60140
5082,600708,นครสวรรค์,ตาคลี,สร้อยทอง,60210
5083,600709,นครสวรรค์,ตาคลี,ลาดทิพรส,60260
5084,600710,นครสวรรค์,ตาคลี,พรหมนิมิต,60210
5085,600801,นครสวรรค์,ท่าตะโก,ท่าตะโก,60160
5086,600802,นครสวรรค์,ท่าตะโก,พนมรอก,60160
5087,600803,นครสวรรค์,ท่าตะโก,หัวถนน,60160
5088,600804,นครสวรรค์,ท่าตะโก,สายลำโพง,60160
5089,600805,นครสวรรค์,ท่าตะโก,วังมหากร,60160
5090,600806,นครสวรรค์,ท่าตะโก,ดอนคา,60160
5091,600807,นครสวรรค์,ท่าตะโก,ทำนบ,60160
5092,600808,นครสวรรค์,ท่าตะโก,วังใหญ่,60160
5093,600809,นครสวรรค์,ท่าตะโก,พนมเศษ,60160
5094,600810,นครสวรรค์,ท่าตะโก,หนองหลวง,60160
5095,600901,นครสวรรค์,ไพศาลี,โคกเดื่อ,60220
5096,600902,นครสวรรค์,ไพศาลี,สำโรงชัย,60220
5097,600903,นครสวรรค์,ไพศาลี,วังน้ำลัด,60220
5098,600904,นครสวรรค์,ไพศาลี,ตะคร้อ,60220
5099,600905,นครสวรรค์,ไพศาลี,โพธิ์ประสาท,60220
5100,600906,นครสวรรค์,ไพศาลี,วังข่อย,60220
5101,600907,นครสวรรค์,ไพศาลี,นาขอม,60220
5102,600908,นครสวรรค์,ไพศาลี,ไพศาลี,60220
5103,601001,นครสวรรค์,พยุหะคีรี,พยุหะ,60130
5104,601002,นครสวรรค์,พยุหะคีรี,เนินมะกอก,60130
5105,601003,นครสวรรค์,พยุหะคีรี,นิคมเขาบ่อแก้ว,60130
5106,601004,นครสวรรค์,พยุหะคีรี,ม่วงหัก,60130
5107,601005,นครสวรรค์,พยุหะคีรี,ยางขาว,60130
5108,601006,นครสวรรค์,พยุหะคีรี,ย่านมัทรี,60130
5109,601007,นครสวรรค์,พยุหะคีรี,เขาทอง,60130
5110,601008,นครสวรรค์,พยุหะคีรี,ท่าน้ำอ้อย,60130
5111,601009,นครสวรรค์,พยุหะคีรี,น้ำทรง,60130
5112,601010,นครสวรรค์,พยุหะคีรี,เขากะลา,60130
5113,601011,นครสวรรค์,พยุหะคีรี,สระทะเล,60130
5114,601101,นครสวรรค์,ลาดยาว,ลาดยาว,60150
5115,601102,นครสวรรค์,ลาดยาว,ห้วยน้ำหอม,60150
5116,601103,นครสวรรค์,ลาดยาว,วังม้า,60150
5117,601104,นครสวรรค์,ลาดยาว,วังเมือง,60150
5118,601105,นครสวรรค์,ลาดยาว,สร้อยละคร,60150
5119,601106,นครสวรรค์,ลาดยาว,มาบแก,60150
5120,601107,นครสวรรค์,ลาดยาว,หนองยาว,60150
5121,601108,นครสวรรค์,ลาดยาว,หนองนมวัว,60150
5122,601109,นครสวรรค์,ลาดยาว,บ้านไร่,60150
5123,601110,นครสวรรค์,ลาดยาว,เนินขี้เหล็ก,60150
5124,601116,นครสวรรค์,ลาดยาว,ศาลเจ้าไก่ต่อ,60150
5125,601117,นครสวรรค์,ลาดยาว,สระแก้ว,60150
5126,601201,นครสวรรค์,ตากฟ้า,ตากฟ้า,60190
5127,601202,นครสวรรค์,ตากฟ้า,ลำพยนต์,60190
5128,601203,นครสวรรค์,ตากฟ้า,สุขสำราญ,60190
5129,601204,นครสวรรค์,ตากฟ้า,หนองพิกุล,60190
5130,601205,นครสวรรค์,ตากฟ้า,พุนกยูง,60190
5131,601206,นครสวรรค์,ตากฟ้า,อุดมธัญญา,60190
5132,601207,นครสวรรค์,ตากฟ้า,เขาชายธง,60190
5133,601301,นครสวรรค์,แม่วงก์,แม่วงก์,60150
5134,601303,นครสวรรค์,แม่วงก์,แม่เล่ย์,60150
5135,601304,นครสวรรค์,แม่วงก์,วังซ่าน,60150
5136,601305,นครสวรรค์,แม่วงก์,เขาชนกัน,60150
5137,601401,นครสวรรค์,แม่เปิน,แม่เปิน,60150
5138,601501,นครสวรรค์,ชุมตาบง,ชุมตาบง,60150
5139,601502,นครสวรรค์,ชุมตาบง,ปางสวรรค์,60150
5140,610101,อุทัยธานี,เมืองอุทัยธานี,อุทัยใหม่,61000
5141,610102,อุทัยธานี,เมืองอุทัยธานี,น้ำซึม,61000
5142,610103,อุทัยธานี,เมืองอุทัยธานี,สะแกกรัง,61000
5143,610104,อุทัยธานี,เมืองอุทัยธานี,ดอนขวาง,61000
5144,610105,อุทัยธานี,เมืองอุทัยธานี,หาดทนง,61000
5145,610106,อุทัยธานี,เมืองอุทัยธานี,เกาะเทโพ,61000
5146,610107,อุทัยธานี,เมืองอุทัยธานี,ท่าซุง,61000
5147,610108,อุทัยธานี,เมืองอุทัยธานี,หนองแก,61000
5148,610109,อุทัยธานี,เมืองอุทัยธานี,โนนเหล็ก,61000
5149,610110,อุทัยธานี,เมืองอุทัยธานี,หนองเต่า,61000
5150,610111,อุทัยธานี,เมืองอุทัยธานี,หนองไผ่แบน,61000
5151,610112,อุทัยธานี,เมืองอุทัยธานี,หนองพังค่า,61000
5152,610113,อุทัยธานี,เมืองอุทัยธานี,ทุ่งใหญ่,61000
5153,610114,อุทัยธานี,เมืองอุทัยธานี,เนินแจง,61000
5154,610201,อุทัยธานี,ทัพทัน,ทัพทัน,61120
5155,610202,อุทัยธานี,ทัพทัน,ทุ่งนาไทย,61120
5156,610203,อุทัยธานี,ทัพทัน,เขาขี้ฝอย,61120
5157,610204,อุทัยธานี,ทัพทัน,หนองหญ้าปล้อง,61120
5158,610205,อุทัยธานี,ทัพทัน,โคกหม้อ,61120
5159,610206,อุทัยธานี,ทัพทัน,หนองยายดา,61120
5160,610207,อุทัยธานี,ทัพทัน,หนองกลางดง,61120
5161,610208,อุทัยธานี,ทัพทัน,หนองกระทุ่ม,61120
5162,610209,อุทัยธานี,ทัพทัน,หนองสระ,61120
5163,610210,อุทัยธานี,ทัพทัน,ตลุกดู่,61120
5164,610301,อุทัยธานี,สว่างอารมณ์,สว่างอารมณ์,61150
5165,610302,อุทัยธานี,สว่างอารมณ์,หนองหลวง,61150
5166,610303,อุทัยธานี,สว่างอารมณ์,พลวงสองนาง,61150
5167,610304,อุทัยธานี,สว่างอารมณ์,ไผ่เขียว,61150
5168,610305,อุทัยธานี,สว่างอารมณ์,บ่อยาง,61150
5169,610401,อุทัยธานี,หนองฉาง,หนองฉาง,61110
5170,610402,อุทัยธานี,หนองฉาง,หนองยาง,61110
5171,610403,อุทัยธานี,หนองฉาง,หนองนางนวล,61110
5172,610404,อุทัยธานี,หนองฉาง,หนองสรวง,61110
5173,610405,อุทัยธานี,หนองฉาง,บ้านเก่า,61110
5174,610406,อุทัยธานี,หนองฉาง,อุทัยเก่า,61110
5175,610407,อุทัยธานี,หนองฉาง,ทุ่งโพ,61110
5176,610408,อุทัยธานี,หนองฉาง,ทุ่งพง,61110
5177,610409,อุทัยธานี,หนองฉาง,เขาบางแกรก,61170
5178,610410,อุทัยธานี,หนองฉาง,เขากวางทอง,61110
5179,610501,อุทัยธานี,หนองขาหย่าง,หนองขาหย่าง,61130
5180,610502,อุทัยธานี,หนองขาหย่าง,หนองไผ่,61130
5181,610503,อุทัยธานี,หนองขาหย่าง,ดอนกลอย,61130
5182,610504,อุทัยธานี,หนองขาหย่าง,ห้วยรอบ,61130
5183,610505,อุทัยธานี,หนองขาหย่าง,ทุ่งพึ่ง,61130
5184,610506,อุทัยธานี,หนองขาหย่าง,ท่าโพ,61130
5185,610507,อุทัยธานี,หนองขาหย่าง,หมกแถว,61130
5186,610508,อุทัยธานี,หนองขาหย่าง,หลุมเข้า,61130
5187,610509,อุทัยธานี,หนองขาหย่าง,ดงขวาง,61130
5188,610601,อุทัยธานี,บ้านไร่,บ้านไร่,61140
5189,610602,อุทัยธานี,บ้านไร่,ทัพหลวง,61140
5190,610603,อุทัยธานี,บ้านไร่,ห้วยแห้ง,61140
5191,610604,อุทัยธานี,บ้านไร่,คอกควาย,61140
5192,610605,อุทัยธานี,บ้านไร่,วังหิน,61180
5193,610606,อุทัยธานี,บ้านไร่,เมืองการุ้ง,61180
5194,610607,อุทัยธานี,บ้านไร่,แก่นมะกรูด,61140
5195,610609,อุทัยธานี,บ้านไร่,หนองจอก,61180
5196,610610,อุทัยธานี,บ้านไร่,หูช้าง,61180
5197,610611,อุทัยธานี,บ้านไร่,บ้านบึง,61140
5198,610612,อุทัยธานี,บ้านไร่,บ้านใหม่คลองเคียน,61180
5199,610613,อุทัยธานี,บ้านไร่,หนองบ่มกล้วย,61180
5200,610614,อุทัยธานี,บ้านไร่,เจ้าวัด,61140
5201,610701,อุทัยธานี,ลานสัก,ลานสัก,61160
5202,610702,อุทัยธานี,ลานสัก,ประดู่ยืน,61160
5203,610703,อุทัยธานี,ลานสัก,ป่าอ้อ,61160
5204,610704,อุทัยธานี,ลานสัก,ระบำ,61160
5205,610705,อุทัยธานี,ลานสัก,น้ำรอบ,61160
5206,610706,อุทัยธานี,ลานสัก,ทุ่งนางาม,61160
5207,610801,อุทัยธานี,ห้วยคต,สุขฤทัย,61170
5208,610802,อุทัยธานี,ห้วยคต,ทองหลาง,61170
5209,610803,อุทัยธานี,ห้วยคต,ห้วยคต,61170
5210,620101,กำแพงเพชร,เมืองกำแพงเพชร,ในเมือง,62000
5211,620102,กำแพงเพชร,เมืองกำแพงเพชร,ไตรตรึงษ์,62160
5212,620103,กำแพงเพชร,เมืองกำแพงเพชร,อ่างทอง,62000
5213,620104,กำแพงเพชร,เมืองกำแพงเพชร,นาบ่อคำ,62000
5214,620105,กำแพงเพชร,เมืองกำแพงเพชร,นครชุม,62000
5215,620106,กำแพงเพชร,เมืองกำแพงเพชร,ทรงธรรม,62000
5216,620107,กำแพงเพชร,เมืองกำแพงเพชร,ลานดอกไม้,62000
5217,620110,กำแพงเพชร,เมืองกำแพงเพชร,หนองปลิง,62000
5218,620111,กำแพงเพชร,เมืองกำแพงเพชร,คณฑี,62000
5219,620112,กำแพงเพชร,เมืองกำแพงเพชร,นิคมทุ่งโพธิ์ทะเล,62000
5220,620113,กำแพงเพชร,เมืองกำแพงเพชร,เทพนคร,62000
5221,620114,กำแพงเพชร,เมืองกำแพงเพชร,วังทอง,62000
5222,620115,กำแพงเพชร,เมืองกำแพงเพชร,ท่าขุนราม,62000
5223,620117,กำแพงเพชร,เมืองกำแพงเพชร,คลองแม่ลาย,62000
5224,620118,กำแพงเพชร,เมืองกำแพงเพชร,ธำมรงค์,62160
5225,620119,กำแพงเพชร,เมืองกำแพงเพชร,สระแก้ว,62000
5226,620201,กำแพงเพชร,ไทรงาม,ไทรงาม,62150
5227,620202,กำแพงเพชร,ไทรงาม,หนองคล้า,62150
5228,620203,กำแพงเพชร,ไทรงาม,หนองทอง,62150
5229,620204,กำแพงเพชร,ไทรงาม,หนองไม้กอง,62150
5230,620205,กำแพงเพชร,ไทรงาม,มหาชัย,62150
5231,620206,กำแพงเพชร,ไทรงาม,พานทอง,62150
5232,620207,กำแพงเพชร,ไทรงาม,หนองแม่แตง,62150
5233,620301,กำแพงเพชร,คลองลาน,คลองน้ำไหล,62180
5234,620302,กำแพงเพชร,คลองลาน,โป่งน้ำร้อน,62180
5235,620303,กำแพงเพชร,คลองลาน,คลองลานพัฒนา,62180
5236,620304,กำแพงเพชร,คลองลาน,สักงาม,62180
5237,620403,กำแพงเพชร,ขาณุวรลักษบุรี,ยางสูง,62130
5238,620404,กำแพงเพชร,ขาณุวรลักษบุรี,ป่าพุทรา,62130
5239,620405,กำแพงเพชร,ขาณุวรลักษบุรี,แสนตอ,62130
5240,620406,กำแพงเพชร,ขาณุวรลักษบุรี,สลกบาตร,62140
5241,620407,กำแพงเพชร,ขาณุวรลักษบุรี,บ่อถ้ำ,62140
5242,620408,กำแพงเพชร,ขาณุวรลักษบุรี,ดอนแตง,62140
5243,620409,กำแพงเพชร,ขาณุวรลักษบุรี,วังชะพลู,62140
5244,620410,กำแพงเพชร,ขาณุวรลักษบุรี,โค้งไผ่,62140
5245,620411,กำแพงเพชร,ขาณุวรลักษบุรี,ปางมะค่า,62140
5246,620412,กำแพงเพชร,ขาณุวรลักษบุรี,วังหามแห,62140
5247,620413,กำแพงเพชร,ขาณุวรลักษบุรี,เกาะตาล,62130
5248,620501,กำแพงเพชร,คลองขลุง,คลองขลุง,62120
5249,620502,กำแพงเพชร,คลองขลุง,ท่ามะเขือ,62120
5250,620504,กำแพงเพชร,คลองขลุง,ท่าพุทรา,62120
5251,620505,กำแพงเพชร,คลองขลุง,แม่ลาด,62120
5252,620506,กำแพงเพชร,คลองขลุง,วังยาง,62120
5253,620507,กำแพงเพชร,คลองขลุง,วังแขม,62120
5254,620508,กำแพงเพชร,คลองขลุง,หัวถนน,62120
5255,620509,กำแพงเพชร,คลองขลุง,วังไทร,62120
5256,620513,กำแพงเพชร,คลองขลุง,วังบัว,62120
5257,620516,กำแพงเพชร,คลองขลุง,คลองสมบูรณ์,62120
5258,620601,กำแพงเพชร,พรานกระต่าย,พรานกระต่าย,62110
5259,620602,กำแพงเพชร,พรานกระต่าย,หนองหัววัว,62110
5260,620603,กำแพงเพชร,พรานกระต่าย,ท่าไม้,62110
5261,620604,กำแพงเพชร,พรานกระต่าย,วังควง,62110
5262,620605,กำแพงเพชร,พรานกระต่าย,วังตะแบก,62110
5263,620606,กำแพงเพชร,พรานกระต่าย,เขาคีริส,62110
5264,620607,กำแพงเพชร,พรานกระต่าย,คุยบ้านโอง,62110
5265,620608,กำแพงเพชร,พรานกระต่าย,คลองพิไกร,62110
5266,620609,กำแพงเพชร,พรานกระต่าย,ถ้ำกระต่ายทอง,62110
5267,620610,กำแพงเพชร,พรานกระต่าย,ห้วยยั้ง,62110
5268,620701,กำแพงเพชร,ลานกระบือ,ลานกระบือ,62170
5269,620702,กำแพงเพชร,ลานกระบือ,ช่องลม,62170
5270,620703,กำแพงเพชร,ลานกระบือ,หนองหลวง,62170
5271,620704,กำแพงเพชร,ลานกระบือ,โนนพลวง,62170
5272,620705,กำแพงเพชร,ลานกระบือ,ประชาสุขสันต์,62170
5273,620706,กำแพงเพชร,ลานกระบือ,บึงทับแรต,62170
5274,620707,กำแพงเพชร,ลานกระบือ,จันทิมา,62170
5275,620801,กำแพงเพชร,ทรายทองวัฒนา,ทุ่งทราย,62190
5276,620802,กำแพงเพชร,ทรายทองวัฒนา,ทุ่งทอง,62190
5277,620803,กำแพงเพชร,ทรายทองวัฒนา,ถาวรวัฒนา,62190
5278,620901,กำแพงเพชร,ปางศิลาทอง,โพธิ์ทอง,62120
5279,620902,กำแพงเพชร,ปางศิลาทอง,หินดาต,62120
5280,620903,กำแพงเพชร,ปางศิลาทอง,ปางตาไว,62120
5281,621001,กำแพงเพชร,บึงสามัคคี,บึงสามัคคี,62210
5282,621002,กำแพงเพชร,บึงสามัคคี,วังชะโอน,62210
5283,621003,กำแพงเพชร,บึงสามัคคี,ระหาน,62210
5284,621004,กำแพงเพชร,บึงสามัคคี,เทพนิมิต,62210
5285,621101,กำแพงเพชร,โกสัมพีนคร,โกสัมพี,62000
5286,621102,กำแพงเพชร,โกสัมพีนคร,เพชรชมภู,62000
5287,621103,กำแพงเพชร,โกสัมพีนคร,ลานดอกไม้ตก,62000
5288,630101,ตาก,เมืองตาก,ระแหง,63000
5289,630102,ตาก,เมืองตาก,หนองหลวง,63000
5290,630103,ตาก,เมืองตาก,เชียงเงิน,63000
5291,630104,ตาก,เมืองตาก,หัวเดียด,63000
5292,630105,ตาก,เมืองตาก,หนองบัวเหนือ,63000
5293,630106,ตาก,เมืองตาก,ไม้งาม,63000
5294,630107,ตาก,เมืองตาก,โป่งแดง,63000
5295,630108,ตาก,เมืองตาก,น้ำรึม,63000
5296,630109,ตาก,เมืองตาก,วังหิน,63000
5297,630111,ตาก,เมืองตาก,แม่ท้อ,63000
5298,630112,ตาก,เมืองตาก,ป่ามะม่วง,63000
5299,630113,ตาก,เมืองตาก,หนองบัวใต้,63000
5300,630114,ตาก,เมืองตาก,วังประจบ,63000
5301,630115,ตาก,เมืองตาก,ตลุกกลางทุ่ง,63000
5302,630201,ตาก,บ้านตาก,ตากออก,63120
5303,630202,ตาก,บ้านตาก,สมอโคน,63120
5304,630203,ตาก,บ้านตาก,แม่สลิด,63120
5305,630204,ตาก,บ้านตาก,ตากตก,63120
5306,630205,ตาก,บ้านตาก,เกาะตะเภา,63120
5307,630206,ตาก,บ้านตาก,ทุ่งกระเชาะ,63120
5308,630207,ตาก,บ้านตาก,ท้องฟ้า,63120
5309,630301,ตาก,สามเงา,สามเงา,63130
5310,630302,ตาก,สามเงา,วังหมัน,63130
5311,630303,ตาก,สามเงา,ยกกระบัตร,63130
5312,630304,ตาก,สามเงา,ย่านรี,63130
5313,630305,ตาก,สามเงา,บ้านนา,63130
5314,630306,ตาก,สามเงา,วังจันทร์,63130
5315,630401,ตาก,แม่ระมาด,แม่ระมาด,63140
5316,630402,ตาก,แม่ระมาด,แม่จะเรา,63140
5317,630403,ตาก,แม่ระมาด,ขะเนจื้อ,63140
5318,630404,ตาก,แม่ระมาด,แม่ตื่น,63140
5319,630405,ตาก,แม่ระมาด,สามหมื่น,63140
5320,630406,ตาก,แม่ระมาด,พระธาตุ,63140
5321,630501,ตาก,ท่าสองยาง,ท่าสองยาง,63150
5322,630502,ตาก,ท่าสองยาง,แม่ต้าน,63150
5323,630503,ตาก,ท่าสองยาง,แม่สอง,63150
5324,630504,ตาก,ท่าสองยาง,แม่หละ,63150
5325,630505,ตาก,ท่าสองยาง,แม่วะหลวง,63150
5326,630506,ตาก,ท่าสองยาง,แม่อุสุ,63150
5327,630601,ตาก,แม่สอด,แม่สอด,63110
5328,630602,ตาก,แม่สอด,แม่กุ,63110
5329,630603,ตาก,แม่สอด,พะวอ,63110
5330,630604,ตาก,แม่สอด,แม่ตาว,63110
5331,630605,ตาก,แม่สอด,แม่กาษา,63110
5332,630606,ตาก,แม่สอด,ท่าสายลวด,63110
5333,630607,ตาก,แม่สอด,แม่ปะ,63110
5334,630608,ตาก,แม่สอด,มหาวัน,63110
5335,630609,ตาก,แม่สอด,ด่านแม่ละเมา,63110
5336,630610,ตาก,แม่สอด,พระธาตุผาแดง,63110
5337,630701,ตาก,พบพระ,พบพระ,63160
5338,630702,ตาก,พบพระ,ช่องแคบ,63160
5339,630703,ตาก,พบพระ,คีรีราษฎร์,63160
5340,630704,ตาก,พบพระ,วาเล่ย์,63160
5341,630705,ตาก,พบพระ,รวมไทยพัฒนา,63160
5342,630801,ตาก,อุ้มผาง,อุ้มผาง,63170
5343,630802,ตาก,อุ้มผาง,หนองหลวง,63170
5344,630803,ตาก,อุ้มผาง,โมโกร,63170
5345,630804,ตาก,อุ้มผาง,แม่จัน,63170
5346,630805,ตาก,อุ้มผาง,แม่ละมุ้ง,63170
5347,630806,ตาก,อุ้มผาง,แม่กลอง,63170
5348,630901,ตาก,วังเจ้า,เชียงทอง,63000
5349,630902,ตาก,วังเจ้า,นาโบสถ์,63000
5350,630903,ตาก,วังเจ้า,ประดาง,63000
5351,640101,สุโขทัย,เมืองสุโขทัย,ธานี,64000
5352,640102,สุโขทัย,เมืองสุโขทัย,บ้านสวน,64220
5353,640103,สุโขทัย,เมืองสุโขทัย,เมืองเก่า,64210
5354,640104,สุโขทัย,เมืองสุโขทัย,ปากแคว,64000
5355,640105,สุโขทัย,เมืองสุโขทัย,ยางซ้าย,64000
5356,640106,สุโขทัย,เมืองสุโขทัย,บ้านกล้วย,64000
5357,640107,สุโขทัย,เมืองสุโขทัย,บ้านหลุม,64000
5358,640108,สุโขทัย,เมืองสุโขทัย,ตาลเตี้ย,64220
5359,640109,สุโขทัย,เมืองสุโขทัย,ปากพระ,64000
5360,640110,สุโขทัย,เมืองสุโขทัย,วังทองแดง,64210
5361,640201,สุโขทัย,บ้านด่านลานหอย,ลานหอย,64140
5362,640202,สุโขทัย,บ้านด่านลานหอย,บ้านด่าน,64140
5363,640203,สุโขทัย,บ้านด่านลานหอย,วังตะคร้อ,64140
5364,640204,สุโขทัย,บ้านด่านลานหอย,วังน้ำขาว,64140
5365,640205,สุโขทัย,บ้านด่านลานหอย,ตลิ่งชัน,64140
5366,640206,สุโขทัย,บ้านด่านลานหอย,หนองหญ้าปล้อง,64140
5367,640207,สุโขทัย,บ้านด่านลานหอย,วังลึก,64140
5368,640301,สุโขทัย,คีรีมาศ,โตนด,64160
5369,640302,สุโขทัย,คีรีมาศ,ทุ่งหลวง,64160
5370,640303,สุโขทัย,คีรีมาศ,บ้านป้อม,64160
5371,640304,สุโขทัย,คีรีมาศ,สามพวง,64160
5372,640305,สุโขทัย,คีรีมาศ,ศรีคีรีมาศ,64160
5373,640306,สุโขทัย,คีรีมาศ,หนองจิก,64160
5374,640307,สุโขทัย,คีรีมาศ,นาเชิงคีรี,64160
5375,640308,สุโขทัย,คีรีมาศ,หนองกระดิ่ง,64160
5376,640309,สุโขทัย,คีรีมาศ,บ้านน้ำพุ,64160
5377,640310,สุโขทัย,คีรีมาศ,ทุ่งยางเมือง,64160
5378,640401,สุโขทัย,กงไกรลาศ,กง,64170
5379,640402,สุโขทัย,กงไกรลาศ,บ้านกร่าง,64170
5380,640403,สุโขทัย,กงไกรลาศ,ไกรนอก,64170
5381,640404,สุโขทัย,กงไกรลาศ,ไกรกลาง,64170
5382,640405,สุโขทัย,กงไกรลาศ,ไกรใน,64170
5383,640406,สุโขทัย,กงไกรลาศ,ดงเดือย,64170
5384,640407,สุโขทัย,กงไกรลาศ,ป่าแฝก,64170
5385,640408,สุโขทัย,กงไกรลาศ,กกแรต,64170
5386,640409,สุโขทัย,กงไกรลาศ,ท่าฉนวน,64170
5387,640410,สุโขทัย,กงไกรลาศ,หนองตูม,64170
5388,640411,สุโขทัย,กงไกรลาศ,บ้านใหม่สุขเกษม,64170
5389,640501,สุโขทัย,ศรีสัชนาลัย,หาดเสี้ยว,64130
5390,640502,สุโขทัย,ศรีสัชนาลัย,ป่างิ้ว,64130
5391,640503,สุโขทัย,ศรีสัชนาลัย,แม่สำ,64130
5392,640504,สุโขทัย,ศรีสัชนาลัย,แม่สิน,64130
5393,640505,สุโขทัย,ศรีสัชนาลัย,บ้านตึก,64130
5394,640506,สุโขทัย,ศรีสัชนาลัย,หนองอ้อ,64130
5395,640507,สุโขทัย,ศรีสัชนาลัย,ท่าชัย,64190
5396,640508,สุโขทัย,ศรีสัชนาลัย,ศรีสัชนาลัย,64190
5397,640509,สุโขทัย,ศรีสัชนาลัย,ดงคู่,64130
5398,640510,สุโขทัย,ศรีสัชนาลัย,บ้านแก่ง,64130
5399,640511,สุโขทัย,ศรีสัชนาลัย,สารจิตร,64130
5400,640601,สุโขทัย,ศรีสำโรง,คลองตาล,64120
5401,640602,สุโขทัย,ศรีสำโรง,วังลึก,64120
5402,640603,สุโขทัย,ศรีสำโรง,สามเรือน,64120
5403,640604,สุโขทัย,ศรีสำโรง,บ้านนา,64120
5404,640605,สุโขทัย,ศรีสำโรง,วังทอง,64120
5405,640606,สุโขทัย,ศรีสำโรง,นาขุนไกร,64120
5406,640607,สุโขทัย,ศรีสำโรง,เกาะตาเลี้ยง,64120
5407,640608,สุโขทัย,ศรีสำโรง,วัดเกาะ,64120
5408,640609,สุโขทัย,ศรีสำโรง,บ้านไร่,64120
5409,640610,สุโขทัย,ศรีสำโรง,ทับผึ้ง,64120
5410,640611,สุโขทัย,ศรีสำโรง,บ้านซ่าน,64120
5411,640612,สุโขทัย,ศรีสำโรง,วังใหญ่,64120
5412,640613,สุโขทัย,ศรีสำโรง,ราวต้นจันทร์,64120
5413,640701,สุโขทัย,สวรรคโลก,เมืองสวรรคโลก,64110
5414,640702,สุโขทัย,สวรรคโลก,ในเมือง,64110
5415,640703,สุโขทัย,สวรรคโลก,คลองกระจง,64110
5416,640704,สุโขทัย,สวรรคโลก,วังพิณพาทย์,64110
5417,640705,สุโขทัย,สวรรคโลก,วังไม้ขอน,64110
5418,640706,สุโขทัย,สวรรคโลก,ย่านยาว,64110
5419,640707,สุโขทัย,สวรรคโลก,นาทุ่ง,64110
5420,640708,สุโขทัย,สวรรคโลก,คลองยาง,64110
5421,640709,สุโขทัย,สวรรคโลก,เมืองบางยม,64110
5422,640710,สุโขทัย,สวรรคโลก,ท่าทอง,64110
5423,640711,สุโขทัย,สวรรคโลก,ปากน้ำ,64110
5424,640712,สุโขทัย,สวรรคโลก,ป่ากุมเกาะ,64110
5425,640713,สุโขทัย,สวรรคโลก,เมืองบางขลัง,64110
5426,640714,สุโขทัย,สวรรคโลก,หนองกลับ,64110
5427,640801,สุโขทัย,ศรีนคร,ศรีนคร,64180
5428,640802,สุโขทัย,ศรีนคร,นครเดิฐ,64180
5429,640803,สุโขทัย,ศรีนคร,น้ำขุม,64180
5430,640804,สุโขทัย,ศรีนคร,คลองมะพลับ,64180
5431,640805,สุโขทัย,ศรีนคร,หนองบัว,64180
5432,640901,สุโขทัย,ทุ่งเสลี่ยม,บ้านใหม่ไชยมงคล,64230
5433,640902,สุโขทัย,ทุ่งเสลี่ยม,ไทยชนะศึก,64150
5434,640903,สุโขทัย,ทุ่งเสลี่ยม,ทุ่งเสลี่ยม,64150
5435,640904,สุโขทัย,ทุ่งเสลี่ยม,กลางดง,64150
5436,640905,สุโขทัย,ทุ่งเสลี่ยม,เขาแก้วศรีสมบูรณ์,64230
5437,650101,พิษณุโลก,เมืองพิษณุโลก,ในเมือง,65000
5438,650102,พิษณุโลก,เมืองพิษณุโลก,วังน้ำคู้,65230
5439,650103,พิษณุโลก,เมืองพิษณุโลก,วัดจันทร์,65000
5440,650104,พิษณุโลก,เมืองพิษณุโลก,วัดพริก,65230
5441,650105,พิษณุโลก,เมืองพิษณุโลก,ท่าทอง,65000
5442,650106,พิษณุโลก,เมืองพิษณุโลก,ท่าโพธิ์,65000
5443,650107,พิษณุโลก,เมืองพิษณุโลก,สมอแข,65000
5444,650108,พิษณุโลก,เมืองพิษณุโลก,ดอนทอง,65000
5445,650109,พิษณุโลก,เมืองพิษณุโลก,บ้านป่า,65000
5446,650110,พิษณุโลก,เมืองพิษณุโลก,ปากโทก,65000
5447,650111,พิษณุโลก,เมืองพิษณุโลก,หัวรอ,65000
5448,650112,พิษณุโลก,เมืองพิษณุโลก,จอมทอง,65000
5449,650113,พิษณุโลก,เมืองพิษณุโลก,บ้านกร่าง,65000
5450,650114,พิษณุโลก,เมืองพิษณุโลก,บ้านคลอง,65000
5451,650115,พิษณุโลก,เมืองพิษณุโลก,พลายชุมพล,65000
5452,650116,พิษณุโลก,เมืองพิษณุโลก,มะขามสูง,65000
5453,650117,พิษณุโลก,เมืองพิษณุโลก,อรัญญิก,65000
5454,650118,พิษณุโลก,เมืองพิษณุโลก,บึงพระ,65000
5455,650119,พิษณุโลก,เมืองพิษณุโลก,ไผ่ขอดอน,65000
5456,650120,พิษณุโลก,เมืองพิษณุโลก,งิ้วงาม,65230
5457,650201,พิษณุโลก,นครไทย,นครไทย,65120
5458,650202,พิษณุโลก,นครไทย,หนองกะท้าว,65120
5459,650203,พิษณุโลก,นครไทย,บ้านแยง,65120
5460,650204,พิษณุโลก,นครไทย,เนินเพิ่ม,65120
5461,650205,พิษณุโลก,นครไทย,นาบัว,65120
5462,650206,พิษณุโลก,นครไทย,นครชุม,65120
5463,650207,พิษณุโลก,นครไทย,น้ำกุ่ม,65120
5464,650208,พิษณุโลก,นครไทย,ยางโกลน,65120
5465,650209,พิษณุโลก,นครไทย,บ่อโพธิ์,65120
5466,650210,พิษณุโลก,นครไทย,บ้านพร้าว,65120
5467,650211,พิษณุโลก,นครไทย,ห้วยเฮี้ย,65120
5468,650301,พิษณุโลก,ชาติตระการ,ป่าแดง,65170
5469,650302,พิษณุโลก,ชาติตระการ,ชาติตระการ,65170
5470,650303,พิษณุโลก,ชาติตระการ,สวนเมี่ยง,65170
5471,650304,พิษณุโลก,ชาติตระการ,บ้านดง,65170
5472,650305,พิษณุโลก,ชาติตระการ,บ่อภาค,65170
5473,650306,พิษณุโลก,ชาติตระการ,ท่าสะแก,65170
5474,650401,พิษณุโลก,บางระกำ,บางระกำ,65140
5475,650402,พิษณุโลก,บางระกำ,ปลักแรด,65140
5476,650403,พิษณุโลก,บางระกำ,พันเสา,65140
5477,650404,พิษณุโลก,บางระกำ,วังอิทก,65140
5478,650405,พิษณุโลก,บางระกำ,บึงกอก,65140
5479,650406,พิษณุโลก,บางระกำ,หนองกุลา,65140
5480,650407,พิษณุโลก,บางระกำ,ชุมแสงสงคราม,65240
5481,650408,พิษณุโลก,บางระกำ,นิคมพัฒนา,65140
5482,650409,พิษณุโลก,บางระกำ,บ่อทอง,65140
5483,650410,พิษณุโลก,บางระกำ,ท่านางงาม,65140
5484,650411,พิษณุโลก,บางระกำ,คุยม่วง,65240
5485,650501,พิษณุโลก,บางกระทุ่ม,บางกระทุ่ม,65110
5486,650502,พิษณุโลก,บางกระทุ่ม,บ้านไร่,65110
5487,650503,พิษณุโลก,บางกระทุ่ม,โคกสลุด,65110
5488,650504,พิษณุโลก,บางกระทุ่ม,สนามคลี,65110
5489,650505,พิษณุโลก,บางกระทุ่ม,ท่าตาล,65110
5490,650506,พิษณุโลก,บางกระทุ่ม,ไผ่ล้อม,65110
5491,650507,พิษณุโลก,บางกระทุ่ม,นครป่าหมาก,65110
5492,650508,พิษณุโลก,บางกระทุ่ม,เนินกุ่ม,65210
5493,650509,พิษณุโลก,บางกระทุ่ม,วัดตายม,65210
5494,650601,พิษณุโลก,พรหมพิราม,พรหมพิราม,65150
5495,650602,พิษณุโลก,พรหมพิราม,ท่าช้าง,65150
5496,650603,พิษณุโลก,พรหมพิราม,วงฆ้อง,65180
5497,650604,พิษณุโลก,พรหมพิราม,มะตูม,65150
5498,650605,พิษณุโลก,พรหมพิราม,หอกลอง,65150
5499,650606,พิษณุโลก,พรหมพิราม,ศรีภิรมย์,65180
5500,650607,พิษณุโลก,พรหมพิราม,ตลุกเทียม,65180
5501,650608,พิษณุโลก,พรหมพิราม,วังวน,65150
5502,650609,พิษณุโลก,พรหมพิราม,หนองแขม,65150
5503,650610,พิษณุโลก,พรหมพิราม,มะต้อง,65180
5504,650611,พิษณุโลก,พรหมพิราม,ทับยายเชียง,65150
5505,650612,พิษณุโลก,พรหมพิราม,ดงประคำ,65180
5506,650701,พิษณุโลก,วัดโบสถ์,วัดโบสถ์,65160
5507,650702,พิษณุโลก,วัดโบสถ์,ท่างาม,65160
5508,650703,พิษณุโลก,วัดโบสถ์,ท้อแท้,65160
5509,650704,พิษณุโลก,วัดโบสถ์,บ้านยาง,65160
5510,650705,พิษณุโลก,วัดโบสถ์,หินลาด,65160
5511,650706,พิษณุโลก,วัดโบสถ์,คันโช้ง,65160
5512,650801,พิษณุโลก,วังทอง,วังทอง,65130
5513,650802,พิษณุโลก,วังทอง,พันชาลี,65130
5514,650803,พิษณุโลก,วังทอง,แม่ระกา,65130
5515,650804,พิษณุโลก,วังทอง,บ้านกลาง,65220
5516,650805,พิษณุโลก,วังทอง,วังพิกุล,65130
5517,650806,พิษณุโลก,วังทอง,แก่งโสภา,65220
5518,650807,พิษณุโลก,วังทอง,ท่าหมื่นราม,65130
5519,650808,พิษณุโลก,วังทอง,วังนกแอ่น,65130
5520,650809,พิษณุโลก,วังทอง,หนองพระ,65130
5521,650810,พิษณุโลก,วังทอง,ชัยนาม,65130
5522,650811,พิษณุโลก,วังทอง,ดินทอง,65130
5523,650901,พิษณุโลก,เนินมะปราง,ชมพู,65190
5524,650902,พิษณุโลก,เนินมะปราง,บ้านมุง,65190
5525,650903,พิษณุโลก,เนินมะปราง,ไทรย้อย,65190
5526,650904,พิษณุโลก,เนินมะปราง,วังโพรง,65190
5527,650905,พิษณุโลก,เนินมะปราง,บ้านน้อยซุ้มขี้เหล็ก,65190
5528,650906,พิษณุโลก,เนินมะปราง,เนินมะปราง,65190
5529,650907,พิษณุโลก,เนินมะปราง,วังยาง,65190
5530,650908,พิษณุโลก,เนินมะปราง,โคกแหลม,65190
5531,660101,พิจิตร,เมืองพิจิตร,ในเมือง,66000
5532,660102,พิจิตร,เมืองพิจิตร,ไผ่ขวาง,66000
5533,660103,พิจิตร,เมืองพิจิตร,ย่านยาว,66000
5534,660104,พิจิตร,เมืองพิจิตร,ท่าฬ่อ,66000
5535,660105,พิจิตร,เมืองพิจิตร,ปากทาง,66000
5536,660106,พิจิตร,เมืองพิจิตร,คลองคะเชนทร์,66000
5537,660107,พิจิตร,เมืองพิจิตร,โรงช้าง,66000
5538,660108,พิจิตร,เมืองพิจิตร,เมืองเก่า,66000
5539,660109,พิจิตร,เมืองพิจิตร,ท่าหลวง,66000
5540,660110,พิจิตร,เมืองพิจิตร,บ้านบุ่ง,66000
5541,660111,พิจิตร,เมืองพิจิตร,ฆะมัง,66000
5542,660112,พิจิตร,เมืองพิจิตร,ดงป่าคำ,66170
5543,660113,พิจิตร,เมืองพิจิตร,หัวดง,66170
5544,660115,พิจิตร,เมืองพิจิตร,ป่ามะคาบ,66000
5545,660119,พิจิตร,เมืองพิจิตร,สายคำโห้,66000
5546,660120,พิจิตร,เมืองพิจิตร,ดงกลาง,66170
5547,660201,พิจิตร,วังทรายพูน,วังทรายพูน,66180
5548,660202,พิจิตร,วังทรายพูน,หนองปลาไหล,66180
5549,660203,พิจิตร,วังทรายพูน,หนองพระ,66180
5550,660204,พิจิตร,วังทรายพูน,หนองปล้อง,66180
5551,660301,พิจิตร,โพธิ์ประทับช้าง,โพธิ์ประทับช้าง,66190
5552,660302,พิจิตร,โพธิ์ประทับช้าง,ไผ่ท่าโพ,66190
5553,660303,พิจิตร,โพธิ์ประทับช้าง,วังจิก,66190
5554,660304,พิจิตร,โพธิ์ประทับช้าง,ไผ่รอบ,66190
5555,660305,พิจิตร,โพธิ์ประทับช้าง,ดงเสือเหลือง,66190
5556,660306,พิจิตร,โพธิ์ประทับช้าง,เนินสว่าง,66190
5557,660307,พิจิตร,โพธิ์ประทับช้าง,ทุ่งใหญ่,66190
5558,660401,พิจิตร,ตะพานหิน,ตะพานหิน,66110
5559,660402,พิจิตร,ตะพานหิน,งิ้วราย,66110
5560,660403,พิจิตร,ตะพานหิน,ห้วยเกตุ,66110
5561,660404,พิจิตร,ตะพานหิน,ไทรโรงโขน,66110
5562,660405,พิจิตร,ตะพานหิน,หนองพยอม,66110
5563,660406,พิจิตร,ตะพานหิน,ทุ่งโพธิ์,66150
5564,660407,พิจิตร,ตะพานหิน,ดงตะขบ,66110
5565,660408,พิจิตร,ตะพานหิน,คลองคูณ,66110
5566,660409,พิจิตร,ตะพานหิน,วังสำโรง,66110
5567,660410,พิจิตร,ตะพานหิน,วังหว้า,66110
5568,660411,พิจิตร,ตะพานหิน,วังหลุม,66150
5569,660412,พิจิตร,ตะพานหิน,ทับหมัน,66110
5570,660413,พิจิตร,ตะพานหิน,ไผ่หลวง,66110
5571,660501,พิจิตร,บางมูลนาก,บางมูลนาก,66120
5572,660502,พิจิตร,บางมูลนาก,บางไผ่,66120
5573,660503,พิจิตร,บางมูลนาก,หอไกร,66120
5574,660504,พิจิตร,บางมูลนาก,เนินมะกอก,66120
5575,660505,พิจิตร,บางมูลนาก,วังสำโรง,66120
5576,660506,พิจิตร,บางมูลนาก,ภูมิ,66120
5577,660507,พิจิตร,บางมูลนาก,วังกรด,66120
5578,660508,พิจิตร,บางมูลนาก,ห้วยเขน,66120
5579,660509,พิจิตร,บางมูลนาก,วังตะกู,66210
5580,660514,พิจิตร,บางมูลนาก,ลำประดา,66120
5581,660601,พิจิตร,โพทะเล,โพทะเล,66130
5582,660602,พิจิตร,โพทะเล,ท้ายน้ำ,66130
5583,660603,พิจิตร,โพทะเล,ทะนง,66130
5584,660604,พิจิตร,โพทะเล,ท่าบัว,66130
5585,660605,พิจิตร,โพทะเล,ทุ่งน้อย,66130
5586,660606,พิจิตร,โพทะเล,ท่าขมิ้น,66130
5587,660607,พิจิตร,โพทะเล,ท่าเสา,66130
5588,660608,พิจิตร,โพทะเล,บางคลาน,66130
5589,660611,พิจิตร,โพทะเล,ท่านั่ง,66130
5590,660612,พิจิตร,โพทะเล,บ้านน้อย,66130
5591,660613,พิจิตร,โพทะเล,วัดขวาง,66130
5592,660701,พิจิตร,สามง่าม,สามง่าม,66140
5593,660702,พิจิตร,สามง่าม,กำแพงดิน,66140
5594,660703,พิจิตร,สามง่าม,รังนก,66140
5595,660706,พิจิตร,สามง่าม,เนินปอ,66140
5596,660707,พิจิตร,สามง่าม,หนองโสน,66140
5597,660801,พิจิตร,ทับคล้อ,ทับคล้อ,66150
5598,660802,พิจิตร,ทับคล้อ,เขาทราย,66230
5599,660803,พิจิตร,ทับคล้อ,เขาเจ็ดลูก,66230
5600,660804,พิจิตร,ทับคล้อ,ท้ายทุ่ง,66150
5601,660901,พิจิตร,สากเหล็ก,สากเหล็ก,66160
5602,660902,พิจิตร,สากเหล็ก,ท่าเยี่ยม,66160
5603,660903,พิจิตร,สากเหล็ก,คลองทราย,66160
5604,660904,พิจิตร,สากเหล็ก,หนองหญ้าไทร,66160
5605,660905,พิจิตร,สากเหล็ก,วังทับไทร,66160
5606,661001,พิจิตร,บึงนาราง,ห้วยแก้ว,66130
5607,661002,พิจิตร,บึงนาราง,โพธิ์ไทรงาม,66130
5608,661003,พิจิตร,บึงนาราง,แหลมรัง,66130
5609,661004,พิจิตร,บึงนาราง,บางลาย,66130
5610,661005,พิจิตร,บึงนาราง,บึงนาราง,66130
5611,661101,พิจิตร,ดงเจริญ,วังงิ้วใต้,66210
5612,661102,พิจิตร,ดงเจริญ,วังงิ้ว,66210
5613,661103,พิจิตร,ดงเจริญ,ห้วยร่วม,66210
5614,661104,พิจิตร,ดงเจริญ,ห้วยพุก,66210
5615,661105,พิจิตร,ดงเจริญ,สำนักขุนเณร,66210
5616,661201,พิจิตร,วชิรบารมี,บ้านนา,66140
5617,661202,พิจิตร,วชิรบารมี,บึงบัว,66140
5618,661203,พิจิตร,วชิรบารมี,วังโมกข์,66140
5619,661204,พิจิตร,วชิรบารมี,หนองหลุม,66220
5620,670101,เพชรบูรณ์,เมืองเพชรบูรณ์,ในเมือง,67000
5621,670102,เพชรบูรณ์,เมืองเพชรบูรณ์,ตะเบาะ,67000
5622,670103,เพชรบูรณ์,เมืองเพชรบูรณ์,บ้านโตก,67000
5623,670104,เพชรบูรณ์,เมืองเพชรบูรณ์,สะเดียง,67000
5624,670105,เพชรบูรณ์,เมืองเพชรบูรณ์,ป่าเลา,67000
5625,670106,เพชรบูรณ์,เมืองเพชรบูรณ์,นางั่ว,67000
5626,670107,เพชรบูรณ์,เมืองเพชรบูรณ์,ท่าพล,67250
5627,670108,เพชรบูรณ์,เมืองเพชรบูรณ์,ดงมูลเหล็ก,67000
5628,670109,เพชรบูรณ์,เมืองเพชรบูรณ์,บ้านโคก,67000
5629,670110,เพชรบูรณ์,เมืองเพชรบูรณ์,ชอนไพร,67000
5630,670111,เพชรบูรณ์,เมืองเพชรบูรณ์,นาป่า,67000
5631,670112,เพชรบูรณ์,เมืองเพชรบูรณ์,นายม,67210
5632,670113,เพชรบูรณ์,เมืองเพชรบูรณ์,วังชมภู,67210
5633,670114,เพชรบูรณ์,เมืองเพชรบูรณ์,น้ำร้อน,67000
5634,670115,เพชรบูรณ์,เมืองเพชรบูรณ์,ห้วยสะแก,67210
5635,670116,เพชรบูรณ์,เมืองเพชรบูรณ์,ห้วยใหญ่,67000
5636,670117,เพชรบูรณ์,เมืองเพชรบูรณ์,ระวิง,67210
5637,670201,เพชรบูรณ์,ชนแดน,ชนแดน,67150
5638,670202,เพชรบูรณ์,ชนแดน,ดงขุย,67190
5639,670203,เพชรบูรณ์,ชนแดน,ท่าข้าม,67150
5640,670204,เพชรบูรณ์,ชนแดน,พุทธบาท,67150
5641,670205,เพชรบูรณ์,ชนแดน,ลาดแค,67150
5642,670206,เพชรบูรณ์,ชนแดน,บ้านกล้วย,67190
5643,670208,เพชรบูรณ์,ชนแดน,ซับพุทรา,67150
5644,670209,เพชรบูรณ์,ชนแดน,ตะกุดไร,67190
5645,670210,เพชรบูรณ์,ชนแดน,ศาลาลาย,67150
5646,670301,เพชรบูรณ์,หล่มสัก,หล่มสัก,67110
5647,670302,เพชรบูรณ์,หล่มสัก,วัดป่า,67110
5648,670303,เพชรบูรณ์,หล่มสัก,ตาลเดี่ยว,67110
5649,670304,เพชรบูรณ์,หล่มสัก,ฝายนาแซง,67110
5650,670305,เพชรบูรณ์,หล่มสัก,หนองสว่าง,67110
5651,670306,เพชรบูรณ์,หล่มสัก,น้ำเฮี้ย,67110
5652,670307,เพชรบูรณ์,หล่มสัก,สักหลง,67110
5653,670308,เพชรบูรณ์,หล่มสัก,ท่าอิบุญ,67110
5654,670309,เพชรบูรณ์,หล่มสัก,บ้านโสก,67110
5655,670310,เพชรบูรณ์,หล่มสัก,บ้านติ้ว,67110
5656,670311,เพชรบูรณ์,หล่มสัก,ห้วยไร่,67110
5657,670312,เพชรบูรณ์,หล่มสัก,น้ำก้อ,67110
5658,670313,เพชรบูรณ์,หล่มสัก,ปากช่อง,67110
5659,670314,เพชรบูรณ์,หล่มสัก,น้ำชุน,67110
5660,670315,เพชรบูรณ์,หล่มสัก,หนองไขว่,67110
5661,670316,เพชรบูรณ์,หล่มสัก,ลานบ่า,67110
5662,670317,เพชรบูรณ์,หล่มสัก,บุ่งคล้า,67110
5663,670318,เพชรบูรณ์,หล่มสัก,บุ่งน้ำเต้า,67110
5664,670319,เพชรบูรณ์,หล่มสัก,บ้านกลาง,67110
5665,670320,เพชรบูรณ์,หล่มสัก,ช้างตะลูด,67110
5666,670321,เพชรบูรณ์,หล่มสัก,บ้านไร่,67110
5667,670322,เพชรบูรณ์,หล่มสัก,ปากดุก,67110
5668,670323,เพชรบูรณ์,หล่มสัก,บ้านหวาย,67110
5669,670401,เพชรบูรณ์,หล่มเก่า,หล่มเก่า,67120
5670,670402,เพชรบูรณ์,หล่มเก่า,นาซำ,67120
5671,670403,เพชรบูรณ์,หล่มเก่า,หินฮาว,67120
5672,670404,เพชรบูรณ์,หล่มเก่า,บ้านเนิน,67120
5673,670405,เพชรบูรณ์,หล่มเก่า,ศิลา,67120
5674,670406,เพชรบูรณ์,หล่มเก่า,นาแซง,67120
5675,670407,เพชรบูรณ์,หล่มเก่า,วังบาล,67120
5676,670408,เพชรบูรณ์,หล่มเก่า,นาเกาะ,67120
5677,670409,เพชรบูรณ์,หล่มเก่า,ตาดกลอย,67120
5678,670501,เพชรบูรณ์,วิเชียรบุรี,ท่าโรง,67130
5679,670502,เพชรบูรณ์,วิเชียรบุรี,สระประดู่,67130
5680,670503,เพชรบูรณ์,วิเชียรบุรี,สามแยก,67130
5681,670504,เพชรบูรณ์,วิเชียรบุรี,โคกปรง,67130
5682,670505,เพชรบูรณ์,วิเชียรบุรี,น้ำร้อน,67130
5683,670506,เพชรบูรณ์,วิเชียรบุรี,บ่อรัง,67130
5684,670507,เพชรบูรณ์,วิเชียรบุรี,พุเตย,67180
5685,670508,เพชรบูรณ์,วิเชียรบุรี,พุขาม,67180
5686,670509,เพชรบูรณ์,วิเชียรบุรี,ภูน้ำหยด,67180
5687,670510,เพชรบูรณ์,วิเชียรบุรี,ซับสมบูรณ์,67180
5688,670511,เพชรบูรณ์,วิเชียรบุรี,บึงกระจับ,67130
5689,670512,เพชรบูรณ์,วิเชียรบุรี,วังใหญ่,67180
5690,670513,เพชรบูรณ์,วิเชียรบุรี,ยางสาว,67130
5691,670514,เพชรบูรณ์,วิเชียรบุรี,ซับน้อย,67180
5692,670601,เพชรบูรณ์,ศรีเทพ,ศรีเทพ,67170
5693,670602,เพชรบูรณ์,ศรีเทพ,สระกรวด,67170
5694,670603,เพชรบูรณ์,ศรีเทพ,คลองกระจัง,67170
5695,670604,เพชรบูรณ์,ศรีเทพ,นาสนุ่น,67170
5696,670605,เพชรบูรณ์,ศรีเทพ,โคกสะอาด,67170
5697,670606,เพชรบูรณ์,ศรีเทพ,หนองย่างทอย,67170
5698,670607,เพชรบูรณ์,ศรีเทพ,ประดู่งาม,67170
5699,670701,เพชรบูรณ์,หนองไผ่,กองทูล,67140
5700,670702,เพชรบูรณ์,หนองไผ่,นาเฉลียง,67220
5701,670703,เพชรบูรณ์,หนองไผ่,บ้านโภชน์,67140
5702,670704,เพชรบูรณ์,หนองไผ่,ท่าแดง,67140
5703,670705,เพชรบูรณ์,หนองไผ่,เพชรละคร,67140
5704,670706,เพชรบูรณ์,หนองไผ่,บ่อไทย,67140
5705,670707,เพชรบูรณ์,หนองไผ่,ห้วยโป่ง,67220
5706,670708,เพชรบูรณ์,หนองไผ่,วังท่าดี,67140
5707,670709,เพชรบูรณ์,หนองไผ่,บัววัฒนา,67140
5708,670710,เพชรบูรณ์,หนองไผ่,หนองไผ่,67140
5709,670711,เพชรบูรณ์,หนองไผ่,วังโบสถ์,67140
5710,670712,เพชรบูรณ์,หนองไผ่,ยางงาม,67220
5711,670713,เพชรบูรณ์,หนองไผ่,ท่าด้วง,67140
5712,670801,เพชรบูรณ์,บึงสามพัน,ซับสมอทอด,67160
5713,670802,เพชรบูรณ์,บึงสามพัน,ซับไม้แดง,67160
5714,670803,เพชรบูรณ์,บึงสามพัน,หนองแจง,67160
5715,670804,เพชรบูรณ์,บึงสามพัน,กันจุ,67160
5716,670805,เพชรบูรณ์,บึงสามพัน,วังพิกุล,67230
5717,670806,เพชรบูรณ์,บึงสามพัน,พญาวัง,67160
5718,670807,เพชรบูรณ์,บึงสามพัน,ศรีมงคล,67160
5719,670808,เพชรบูรณ์,บึงสามพัน,สระแก้ว,67160
5720,670809,เพชรบูรณ์,บึงสามพัน,บึงสามพัน,67160
5721,670901,เพชรบูรณ์,น้ำหนาว,น้ำหนาว,67260
5722,670902,เพชรบูรณ์,น้ำหนาว,หลักด่าน,67260
5723,670903,เพชรบูรณ์,น้ำหนาว,วังกวาง,67260
5724,670904,เพชรบูรณ์,น้ำหนาว,โคกมน,67260
5725,671001,เพชรบูรณ์,วังโป่ง,วังโป่ง,67240
5726,671002,เพชรบูรณ์,วังโป่ง,ท้ายดง,67240
5727,671003,เพชรบูรณ์,วังโป่ง,ซับเปิบ,67240
5728,671004,เพชรบูรณ์,วังโป่ง,วังหิน,67240
5729,671005,เพชรบูรณ์,วังโป่ง,วังศาล,67240
5730,671101,เพชรบูรณ์,เขาค้อ,ทุ่งสมอ,67270
5731,671102,เพชรบูรณ์,เขาค้อ,แคมป์สน,67280
5732,671103,เพชรบูรณ์,เขาค้อ,เขาค้อ,67270
5733,671104,เพชรบูรณ์,เขาค้อ,ริมสีม่วง,67270
5734,671105,เพชรบูรณ์,เขาค้อ,สะเดาะพง,67270
5735,671106,เพชรบูรณ์,เขาค้อ,หนองแม่นา,67270
5736,671107,เพชรบูรณ์,เขาค้อ,เข็กน้อย,67280
5737,700101,ราชบุรี,เมืองราชบุรี,หน้าเมือง,70000
5738,700102,ราชบุรี,เมืองราชบุรี,เจดีย์หัก,70000
5739,700103,ราชบุรี,เมืองราชบุรี,ดอนตะโก,70000
5740,700104,ราชบุรี,เมืองราชบุรี,หนองกลางนา,70000
5741,700105,ราชบุรี,เมืองราชบุรี,ห้วยไผ่,70000
5742,700106,ราชบุรี,เมืองราชบุรี,คุ้งน้ำวน,70000
5743,700107,ราชบุรี,เมืองราชบุรี,คุ้งกระถิน,70000
5744,700108,ราชบุรี,เมืองราชบุรี,อ่างทอง,70000
5745,700109,ราชบุรี,เมืองราชบุรี,โคกหม้อ,70000
5746,700110,ราชบุรี,เมืองราชบุรี,สามเรือน,70000
5747,700111,ราชบุรี,เมืองราชบุรี,พิกุลทอง,70000
5748,700112,ราชบุรี,เมืองราชบุรี,น้ำพุ,70000
5749,700113,ราชบุรี,เมืองราชบุรี,ดอนแร่,70000
5750,700114,ราชบุรี,เมืองราชบุรี,หินกอง,70000
5751,700115,ราชบุรี,เมืองราชบุรี,เขาแร้ง,70000
5752,700116,ราชบุรี,เมืองราชบุรี,เกาะพลับพลา,70000
5753,700117,ราชบุรี,เมืองราชบุรี,หลุมดิน,70000
5754,700118,ราชบุรี,เมืองราชบุรี,บางป่า,70000
5755,700119,ราชบุรี,เมืองราชบุรี,พงสวาย,70000
5756,700120,ราชบุรี,เมืองราชบุรี,คูบัว,70000
5757,700121,ราชบุรี,เมืองราชบุรี,ท่าราบ,70000
5758,700122,ราชบุรี,เมืองราชบุรี,บ้านไร่,70000
5759,700201,ราชบุรี,จอมบึง,จอมบึง,70150
5760,700202,ราชบุรี,จอมบึง,ปากช่อง,70150
5761,700203,ราชบุรี,จอมบึง,เบิกไพร,70150
5762,700204,ราชบุรี,จอมบึง,ด่านทับตะโก,70150
5763,700205,ราชบุรี,จอมบึง,แก้มอ้น,70150
5764,700206,ราชบุรี,จอมบึง,รางบัว,70150
5765,700301,ราชบุรี,สวนผึ้ง,สวนผึ้ง,70180
5766,700302,ราชบุรี,สวนผึ้ง,ป่าหวาย,70180
5767,700304,ราชบุรี,สวนผึ้ง,ท่าเคย,70180
5768,700307,ราชบุรี,สวนผึ้ง,ตะนาวศรี,70180
5769,700401,ราชบุรี,ดำเนินสะดวก,ดำเนินสะดวก,70130
5770,700402,ราชบุรี,ดำเนินสะดวก,ประสาทสิทธิ์,70210
5771,700403,ราชบุรี,ดำเนินสะดวก,ศรีสุราษฎร์,70130
5772,700404,ราชบุรี,ดำเนินสะดวก,ตาหลวง,70130
5773,700405,ราชบุรี,ดำเนินสะดวก,ดอนกรวย,70130
5774,700406,ราชบุรี,ดำเนินสะดวก,ดอนคลัง,70130
5775,700407,ราชบุรี,ดำเนินสะดวก,บัวงาม,70210
5776,700408,ราชบุรี,ดำเนินสะดวก,บ้านไร่,70130
5777,700409,ราชบุรี,ดำเนินสะดวก,แพงพวย,70130
5778,700410,ราชบุรี,ดำเนินสะดวก,สี่หมื่น,70130
5779,700411,ราชบุรี,ดำเนินสะดวก,ท่านัด,70130
5780,700412,ราชบุรี,ดำเนินสะดวก,ขุนพิทักษ์,70130
5781,700413,ราชบุรี,ดำเนินสะดวก,ดอนไผ่,70130
5782,700501,ราชบุรี,บ้านโป่ง,บ้านโป่ง,70110
5783,700502,ราชบุรี,บ้านโป่ง,ท่าผา,70110
5784,700503,ราชบุรี,บ้านโป่ง,กรับใหญ่,70190
5785,700504,ราชบุรี,บ้านโป่ง,ปากแรต,70110
5786,700505,ราชบุรี,บ้านโป่ง,หนองกบ,70110
5787,700506,ราชบุรี,บ้านโป่ง,หนองอ้อ,70110
5788,700507,ราชบุรี,บ้านโป่ง,ดอนกระเบื้อง,70110
5789,700508,ราชบุรี,บ้านโป่ง,สวนกล้วย,70110
5790,700509,ราชบุรี,บ้านโป่ง,นครชุมน์,70110
5791,700510,ราชบุรี,บ้านโป่ง,บ้านม่วง,70110
5792,700511,ราชบุรี,บ้านโป่ง,คุ้งพยอม,70110
5793,700512,ราชบุรี,บ้านโป่ง,หนองปลาหมอ,70110
5794,700513,ราชบุรี,บ้านโป่ง,เขาขลุง,70110
5795,700514,ราชบุรี,บ้านโป่ง,เบิกไพร,70110
5796,700515,ราชบุรี,บ้านโป่ง,ลาดบัวขาว,70110
5797,700601,ราชบุรี,บางแพ,บางแพ,70160
5798,700602,ราชบุรี,บางแพ,วังเย็น,70160
5799,700603,ราชบุรี,บางแพ,หัวโพ,70160
5800,700604,ราชบุรี,บางแพ,วัดแก้ว,70160
5801,700605,ราชบุรี,บางแพ,ดอนใหญ่,70160
5802,700606,ราชบุรี,บางแพ,ดอนคา,70160
5803,700607,ราชบุรี,บางแพ,โพหัก,70160
5804,700701,ราชบุรี,โพธาราม,โพธาราม,70120
5805,700702,ราชบุรี,โพธาราม,ดอนกระเบื้อง,70120
5806,700703,ราชบุรี,โพธาราม,หนองโพ,70120
5807,700704,ราชบุรี,โพธาราม,บ้านเลือก,70120
5808,700705,ราชบุรี,โพธาราม,คลองตาคต,70120
5809,700706,ราชบุรี,โพธาราม,บ้านฆ้อง,70120
5810,700707,ราชบุรี,โพธาราม,บ้านสิงห์,70120
5811,700708,ราชบุรี,โพธาราม,ดอนทราย,70120
5812,700709,ราชบุรี,โพธาราม,เจ็ดเสมียน,70120
5813,700710,ราชบุรี,โพธาราม,คลองข่อย,70120
5814,700711,ราชบุรี,โพธาราม,ชำแระ,70120
5815,700712,ราชบุรี,โพธาราม,สร้อยฟ้า,70120
5816,700713,ราชบุรี,โพธาราม,ท่าชุมพล,70120
5817,700714,ราชบุรี,โพธาราม,บางโตนด,70120
5818,700715,ราชบุรี,โพธาราม,เตาปูน,70120
5819,700716,ราชบุรี,โพธาราม,นางแก้ว,70120
5820,700717,ราชบุรี,โพธาราม,ธรรมเสน,70120
5821,700718,ราชบุรี,โพธาราม,เขาชะงุ้ม,70120
5822,700719,ราชบุรี,โพธาราม,หนองกวาง,70120
5823,700801,ราชบุรี,ปากท่อ,ทุ่งหลวง,70140
5824,700802,ราชบุรี,ปากท่อ,วังมะนาว,70140
5825,700803,ราชบุรี,ปากท่อ,ดอนทราย,70140
5826,700804,ราชบุรี,ปากท่อ,หนองกระทุ่ม,70140
5827,700805,ราชบุรี,ปากท่อ,ปากท่อ,70140
5828,700806,ราชบุรี,ปากท่อ,ป่าไก่,70140
5829,700807,ราชบุรี,ปากท่อ,วัดยางงาม,70140
5830,700808,ราชบุรี,ปากท่อ,อ่างหิน,70140
5831,700809,ราชบุรี,ปากท่อ,บ่อกระดาน,70140
5832,700810,ราชบุรี,ปากท่อ,ยางหัก,70140
5833,700811,ราชบุรี,ปากท่อ,วันดาว,70140
5834,700812,ราชบุรี,ปากท่อ,ห้วยยางโทน,70140
5835,700901,ราชบุรี,วัดเพลง,เกาะศาลพระ,70170
5836,700902,ราชบุรี,วัดเพลง,จอมประทัด,70170
5837,700903,ราชบุรี,วัดเพลง,วัดเพลง,70170
5838,701001,ราชบุรี,บ้านคา,บ้านคา,70180
5839,701002,ราชบุรี,บ้านคา,บ้านบึง,70180
5840,701003,ราชบุรี,บ้านคา,หนองพันจันทร์,70180
5841,710101,กาญจนบุรี,เมืองกาญจนบุรี,บ้านเหนือ,71000
5842,710102,กาญจนบุรี,เมืองกาญจนบุรี,บ้านใต้,71000
5843,710103,กาญจนบุรี,เมืองกาญจนบุรี,ปากแพรก,71000
5844,710104,กาญจนบุรี,เมืองกาญจนบุรี,ท่ามะขาม,71000
5845,710105,กาญจนบุรี,เมืองกาญจนบุรี,แก่งเสี้ยน,71000
5846,710106,กาญจนบุรี,เมืองกาญจนบุรี,หนองบัว,71190
5847,710107,กาญจนบุรี,เมืองกาญจนบุรี,ลาดหญ้า,71190
5848,710108,กาญจนบุรี,เมืองกาญจนบุรี,วังด้ง,71190
5849,710109,กาญจนบุรี,เมืองกาญจนบุรี,ช่องสะเดา,71190
5850,710110,กาญจนบุรี,เมืองกาญจนบุรี,หนองหญ้า,71000
5851,710111,กาญจนบุรี,เมืองกาญจนบุรี,เกาะสำโรง,71000
5852,710113,กาญจนบุรี,เมืองกาญจนบุรี,บ้านเก่า,71000
5853,710116,กาญจนบุรี,เมืองกาญจนบุรี,วังเย็น,71000
5854,710201,กาญจนบุรี,ไทรโยค,ลุ่มสุ่ม,71150
5855,710202,กาญจนบุรี,ไทรโยค,ท่าเสา,71150
5856,710203,กาญจนบุรี,ไทรโยค,สิงห์,71150
5857,710204,กาญจนบุรี,ไทรโยค,ไทรโยค,71150
5858,710205,กาญจนบุรี,ไทรโยค,วังกระแจะ,71150
5859,710206,กาญจนบุรี,ไทรโยค,ศรีมงคล,71150
5860,710207,กาญจนบุรี,ไทรโยค,บ้องตี้,71150
5861,710301,กาญจนบุรี,บ่อพลอย,บ่อพลอย,71160
5862,710302,กาญจนบุรี,บ่อพลอย,หนองกุ่ม,71160
5863,710303,กาญจนบุรี,บ่อพลอย,หนองรี,71220
5864,710305,กาญจนบุรี,บ่อพลอย,หลุมรัง,71160
5865,710308,กาญจนบุรี,บ่อพลอย,ช่องด่าน,71160
5866,710309,กาญจนบุรี,บ่อพลอย,หนองกร่าง,71220
5867,710401,กาญจนบุรี,ศรีสวัสดิ์,นาสวน,71250
5868,710402,กาญจนบุรี,ศรีสวัสดิ์,ด่านแม่แฉลบ,71250
5869,710403,กาญจนบุรี,ศรีสวัสดิ์,หนองเป็ด,71250
5870,710404,กาญจนบุรี,ศรีสวัสดิ์,ท่ากระดาน,71250
5871,710405,กาญจนบุรี,ศรีสวัสดิ์,เขาโจด,71220
5872,710406,กาญจนบุรี,ศรีสวัสดิ์,แม่กระบุง,71250
5873,710501,กาญจนบุรี,ท่ามะกา,พงตึก,71120
5874,710502,กาญจนบุรี,ท่ามะกา,ยางม่วง,71120
5875,710503,กาญจนบุรี,ท่ามะกา,ดอนชะเอม,71130
5876,710504,กาญจนบุรี,ท่ามะกา,ท่าไม้,71120
5877,710505,กาญจนบุรี,ท่ามะกา,ตะคร้ำเอน,71130
5878,710506,กาญจนบุรี,ท่ามะกา,ท่ามะกา,71120
5879,710507,กาญจนบุรี,ท่ามะกา,ท่าเรือ,71130
5880,710508,กาญจนบุรี,ท่ามะกา,โคกตะบอง,71120
5881,710509,กาญจนบุรี,ท่ามะกา,ดอนขมิ้น,71120
5882,710510,กาญจนบุรี,ท่ามะกา,อุโลกสี่หมื่น,71130
5883,710511,กาญจนบุรี,ท่ามะกา,เขาสามสิบหาบ,71120
5884,710512,กาญจนบุรี,ท่ามะกา,พระแท่น,71130
5885,710513,กาญจนบุรี,ท่ามะกา,หวายเหนียว,71120
5886,710514,กาญจนบุรี,ท่ามะกา,แสนตอ,71130
5887,710515,กาญจนบุรี,ท่ามะกา,สนามแย้,70190
5888,710516,กาญจนบุรี,ท่ามะกา,ท่าเสา,71120
5889,710517,กาญจนบุรี,ท่ามะกา,หนองลาน,71130
5890,710601,กาญจนบุรี,ท่าม่วง,ท่าม่วง,71110
5891,710602,กาญจนบุรี,ท่าม่วง,วังขนาย,71110
5892,710603,กาญจนบุรี,ท่าม่วง,วังศาลา,71110
5893,710604,กาญจนบุรี,ท่าม่วง,ท่าล้อ,71110
5894,710605,กาญจนบุรี,ท่าม่วง,หนองขาว,71110
5895,710606,กาญจนบุรี,ท่าม่วง,ทุ่งทอง,71110
5896,710607,กาญจนบุรี,ท่าม่วง,เขาน้อย,71110
5897,710608,กาญจนบุรี,ท่าม่วง,ม่วงชุม,71110
5898,710609,กาญจนบุรี,ท่าม่วง,บ้านใหม่,71110
5899,710610,กาญจนบุรี,ท่าม่วง,พังตรุ,71110
5900,710611,กาญจนบุรี,ท่าม่วง,ท่าตะคร้อ,71130
5901,710612,กาญจนบุรี,ท่าม่วง,รางสาลี่,71110
5902,710613,กาญจนบุรี,ท่าม่วง,หนองตากยา,71110
5903,710701,กาญจนบุรี,ทองผาภูมิ,ท่าขนุน,71180
5904,710702,กาญจนบุรี,ทองผาภูมิ,ปิล๊อก,71180
5905,710703,กาญจนบุรี,ทองผาภูมิ,หินดาด,71180
5906,710704,กาญจนบุรี,ทองผาภูมิ,ลิ่นถิ่น,71180
5907,710705,กาญจนบุรี,ทองผาภูมิ,ชะแล,71180
5908,710706,กาญจนบุรี,ทองผาภูมิ,ห้วยเขย่ง,71180
5909,710707,กาญจนบุรี,ทองผาภูมิ,สหกรณ์นิคม,71180
5910,710801,กาญจนบุรี,สังขละบุรี,หนองลู,71240
5911,710802,กาญจนบุรี,สังขละบุรี,ปรังเผล,71240
5912,710803,กาญจนบุรี,สังขละบุรี,ไล่โว่,71240
5913,710901,กาญจนบุรี,พนมทวน,พนมทวน,71140
5914,710902,กาญจนบุรี,พนมทวน,หนองโรง,71140
5915,710903,กาญจนบุรี,พนมทวน,ทุ่งสมอ,71140
5916,710904,กาญจนบุรี,พนมทวน,ดอนเจดีย์,71140
5917,710905,กาญจนบุรี,พนมทวน,พังตรุ,71140
5918,710906,กาญจนบุรี,พนมทวน,รางหวาย,71170
5919,710911,กาญจนบุรี,พนมทวน,หนองสาหร่าย,71140
5920,710912,กาญจนบุรี,พนมทวน,ดอนตาเพชร,71140
5921,711001,กาญจนบุรี,เลาขวัญ,เลาขวัญ,71210
5922,711002,กาญจนบุรี,เลาขวัญ,หนองโสน,71210
5923,711003,กาญจนบุรี,เลาขวัญ,หนองประดู่,71210
5924,711004,กาญจนบุรี,เลาขวัญ,หนองปลิง,71210
5925,711005,กาญจนบุรี,เลาขวัญ,หนองนกแก้ว,71210
5926,711006,กาญจนบุรี,เลาขวัญ,ทุ่งกระบ่ำ,71210
5927,711007,กาญจนบุรี,เลาขวัญ,หนองฝ้าย,71210
5928,711101,กาญจนบุรี,ด่านมะขามเตี้ย,ด่านมะขามเตี้ย,71260
5929,711102,กาญจนบุรี,ด่านมะขามเตี้ย,กลอนโด,71260
5930,711103,กาญจนบุรี,ด่านมะขามเตี้ย,จรเข้เผือก,71260
5931,711104,กาญจนบุรี,ด่านมะขามเตี้ย,หนองไผ่,71260
5932,711201,กาญจนบุรี,หนองปรือ,หนองปรือ,71220
5933,711202,กาญจนบุรี,หนองปรือ,หนองปลาไหล,71220
5934,711203,กาญจนบุรี,หนองปรือ,สมเด็จเจริญ,71220
5935,711301,กาญจนบุรี,ห้วยกระเจา,ห้วยกระเจา,71170
5936,711302,กาญจนบุรี,ห้วยกระเจา,วังไผ่,71170
5937,711303,กาญจนบุรี,ห้วยกระเจา,ดอนแสลบ,71170
5938,711304,กาญจนบุรี,ห้วยกระเจา,สระลงเรือ,71170
5939,720101,สุพรรณบุรี,เมืองสุพรรณบุรี,ท่าพี่เลี้ยง,72000
5940,720102,สุพรรณบุรี,เมืองสุพรรณบุรี,รั้วใหญ่,72000
5941,720103,สุพรรณบุรี,เมืองสุพรรณบุรี,ทับตีเหล็ก,72000
5942,720104,สุพรรณบุรี,เมืองสุพรรณบุรี,ท่าระหัด,72000
5943,720105,สุพรรณบุรี,เมืองสุพรรณบุรี,ไผ่ขวาง,72000
5944,720106,สุพรรณบุรี,เมืองสุพรรณบุรี,โคกโคเฒ่า,72000
5945,720107,สุพรรณบุรี,เมืองสุพรรณบุรี,ดอนตาล,72000
5946,720108,สุพรรณบุรี,เมืองสุพรรณบุรี,ดอนมะสังข์,72000
5947,720109,สุพรรณบุรี,เมืองสุพรรณบุรี,พิหารแดง,72000
5948,720110,สุพรรณบุรี,เมืองสุพรรณบุรี,ดอนกำยาน,72000
5949,720111,สุพรรณบุรี,เมืองสุพรรณบุรี,ดอนโพธิ์ทอง,72000
5950,720112,สุพรรณบุรี,เมืองสุพรรณบุรี,บ้านโพธิ์,72000
5951,720113,สุพรรณบุรี,เมืองสุพรรณบุรี,สระแก้ว,72230
5952,720114,สุพรรณบุรี,เมืองสุพรรณบุรี,ตลิ่งชัน,72230
5953,720115,สุพรรณบุรี,เมืองสุพรรณบุรี,บางกุ้ง,72210
5954,720116,สุพรรณบุรี,เมืองสุพรรณบุรี,ศาลาขาว,72210
5955,720117,สุพรรณบุรี,เมืองสุพรรณบุรี,สวนแตง,72210
5956,720118,สุพรรณบุรี,เมืองสุพรรณบุรี,สนามชัย,72000
5957,720119,สุพรรณบุรี,เมืองสุพรรณบุรี,โพธิ์พระยา,72000
5958,720120,สุพรรณบุรี,เมืองสุพรรณบุรี,สนามคลี,72230
5959,720201,สุพรรณบุรี,เดิมบางนางบวช,เขาพระ,72120
5960,720202,สุพรรณบุรี,เดิมบางนางบวช,เดิมบาง,72120
5961,720203,สุพรรณบุรี,เดิมบางนางบวช,นางบวช,72120
5962,720204,สุพรรณบุรี,เดิมบางนางบวช,เขาดิน,72120
5963,720205,สุพรรณบุรี,เดิมบางนางบวช,ปากน้ำ,72120
5964,720206,สุพรรณบุรี,เดิมบางนางบวช,ทุ่งคลี,72120
5965,720207,สุพรรณบุรี,เดิมบางนางบวช,โคกช้าง,72120
5966,720208,สุพรรณบุรี,เดิมบางนางบวช,หัวเขา,72120
5967,720209,สุพรรณบุรี,เดิมบางนางบวช,หัวนา,72120
5968,720210,สุพรรณบุรี,เดิมบางนางบวช,บ่อกรุ,72120
5969,720211,สุพรรณบุรี,เดิมบางนางบวช,วังศรีราช,72120
5970,720212,สุพรรณบุรี,เดิมบางนางบวช,ป่าสะแก,72120
5971,720213,สุพรรณบุรี,เดิมบางนางบวช,ยางนอน,72120
5972,720214,สุพรรณบุรี,เดิมบางนางบวช,หนองกระทุ่ม,72120
5973,720301,สุพรรณบุรี,ด่านช้าง,หนองมะค่าโมง,72180
5974,720302,สุพรรณบุรี,ด่านช้าง,ด่านช้าง,72180
5975,720303,สุพรรณบุรี,ด่านช้าง,ห้วยขมิ้น,72180
5976,720304,สุพรรณบุรี,ด่านช้าง,องค์พระ,72180
5977,720305,สุพรรณบุรี,ด่านช้าง,วังคัน,72180
5978,720306,สุพรรณบุรี,ด่านช้าง,นิคมกระเสียว,72180
5979,720307,สุพรรณบุรี,ด่านช้าง,วังยาว,72180
5980,720401,สุพรรณบุรี,บางปลาม้า,โคกคราม,72150
5981,720402,สุพรรณบุรี,บางปลาม้า,บางปลาม้า,72150
5982,720403,สุพรรณบุรี,บางปลาม้า,ตะค่า,72150
5983,720404,สุพรรณบุรี,บางปลาม้า,บางใหญ่,72150
5984,720405,สุพรรณบุรี,บางปลาม้า,กฤษณา,72150
5985,720406,สุพรรณบุรี,บางปลาม้า,สาลี,72150
5986,720407,สุพรรณบุรี,บางปลาม้า,ไผ่กองดิน,72150
5987,720408,สุพรรณบุรี,บางปลาม้า,องครักษ์,72150
5988,720409,สุพรรณบุรี,บางปลาม้า,จรเข้ใหญ่,72150
5989,720410,สุพรรณบุรี,บางปลาม้า,บ้านแหลม,72150
5990,720411,สุพรรณบุรี,บางปลาม้า,มะขามล้ม,72150
5991,720412,สุพรรณบุรี,บางปลาม้า,วังน้ำเย็น,72150
5992,720413,สุพรรณบุรี,บางปลาม้า,วัดโบสถ์,72150
5993,720414,สุพรรณบุรี,บางปลาม้า,วัดดาว,72150
5994,720501,สุพรรณบุรี,ศรีประจันต์,ศรีประจันต์,72140
5995,720502,สุพรรณบุรี,ศรีประจันต์,บ้านกร่าง,72140
5996,720503,สุพรรณบุรี,ศรีประจันต์,มดแดง,72140
5997,720504,สุพรรณบุรี,ศรีประจันต์,บางงาม,72140
5998,720505,สุพรรณบุรี,ศรีประจันต์,ดอนปรู,72140
5999,720506,สุพรรณบุรี,ศรีประจันต์,ปลายนา,72140
6000,720507,สุพรรณบุรี,ศรีประจันต์,วังหว้า,72140
6001,720508,สุพรรณบุรี,ศรีประจันต์,วังน้ำซับ,72140
6002,720509,สุพรรณบุรี,ศรีประจันต์,วังยาง,72140
6003,720601,สุพรรณบุรี,ดอนเจดีย์,ดอนเจดีย์,72170
6004,720602,สุพรรณบุรี,ดอนเจดีย์,หนองสาหร่าย,72170
6005,720603,สุพรรณบุรี,ดอนเจดีย์,ไร่รถ,72170
6006,720604,สุพรรณบุรี,ดอนเจดีย์,สระกระโจม,72250
6007,720605,สุพรรณบุรี,ดอนเจดีย์,ทะเลบก,72250
6008,720701,สุพรรณบุรี,สองพี่น้อง,สองพี่น้อง,72110
6009,720702,สุพรรณบุรี,สองพี่น้อง,บางเลน,72110
6010,720703,สุพรรณบุรี,สองพี่น้อง,บางตาเถร,72110
6011,720704,สุพรรณบุรี,สองพี่น้อง,บางตะเคียน,72110
6012,720705,สุพรรณบุรี,สองพี่น้อง,บ้านกุ่ม,72110
6013,720706,สุพรรณบุรี,สองพี่น้อง,หัวโพธิ์,72110
6014,720707,สุพรรณบุรี,สองพี่น้อง,บางพลับ,72110
6015,720708,สุพรรณบุรี,สองพี่น้อง,เนินพระปรางค์,72110
6016,720709,สุพรรณบุรี,สองพี่น้อง,บ้านช้าง,72110
6017,720710,สุพรรณบุรี,สองพี่น้อง,ต้นตาล,72110
6018,720711,สุพรรณบุรี,สองพี่น้อง,ศรีสำราญ,72110
6019,720712,สุพรรณบุรี,สองพี่น้อง,ทุ่งคอก,72190
6020,720713,สุพรรณบุรี,สองพี่น้อง,หนองบ่อ,72110
6021,720714,สุพรรณบุรี,สองพี่น้อง,บ่อสุพรรณ,72190
6022,720715,สุพรรณบุรี,สองพี่น้อง,ดอนมะนาว,72110
6023,720801,สุพรรณบุรี,สามชุก,ย่านยาว,72130
6024,720802,สุพรรณบุรี,สามชุก,วังลึก,72130
6025,720803,สุพรรณบุรี,สามชุก,สามชุก,72130
6026,720804,สุพรรณบุรี,สามชุก,หนองผักนาก,72130
6027,720805,สุพรรณบุรี,สามชุก,บ้านสระ,72130
6028,720806,สุพรรณบุรี,สามชุก,หนองสะเดา,72130
6029,720807,สุพรรณบุรี,สามชุก,กระเสียว,72130
6030,720901,สุพรรณบุรี,อู่ทอง,อู่ทอง,72160
6031,720902,สุพรรณบุรี,อู่ทอง,สระยายโสม,72220
6032,720903,สุพรรณบุรี,อู่ทอง,จรเข้สามพัน,72160
6033,720904,สุพรรณบุรี,อู่ทอง,บ้านดอน,72160
6034,720905,สุพรรณบุรี,อู่ทอง,ยุ้งทะลาย,72160
6035,720906,สุพรรณบุรี,อู่ทอง,ดอนมะเกลือ,72220
6036,720907,สุพรรณบุรี,อู่ทอง,หนองโอ่ง,72160
6037,720908,สุพรรณบุรี,อู่ทอง,ดอนคา,72160
6038,720909,สุพรรณบุรี,อู่ทอง,พลับพลาไชย,72160
6039,720910,สุพรรณบุรี,อู่ทอง,บ้านโข้ง,72160
6040,720911,สุพรรณบุรี,อู่ทอง,เจดีย์,72160
6041,720912,สุพรรณบุรี,อู่ทอง,สระพังลาน,72220
6042,720913,สุพรรณบุรี,อู่ทอง,กระจัน,72160
6043,721001,สุพรรณบุรี,หนองหญ้าไซ,หนองหญ้าไซ,72240
6044,721002,สุพรรณบุรี,หนองหญ้าไซ,หนองราชวัตร,72240
6045,721003,สุพรรณบุรี,หนองหญ้าไซ,หนองโพธิ์,72240
6046,721004,สุพรรณบุรี,หนองหญ้าไซ,แจงงาม,72240
6047,721005,สุพรรณบุรี,หนองหญ้าไซ,หนองขาม,72240
6048,721006,สุพรรณบุรี,หนองหญ้าไซ,ทัพหลวง,72240
6049,730101,นครปฐม,เมืองนครปฐม,พระปฐมเจดีย์,73000
6050,730102,นครปฐม,เมืองนครปฐม,บางแขม,73000
6051,730103,นครปฐม,เมืองนครปฐม,พระประโทน,73000
6052,730104,นครปฐม,เมืองนครปฐม,ธรรมศาลา,73000
6053,730105,นครปฐม,เมืองนครปฐม,ตาก้อง,73000
6054,730106,นครปฐม,เมืองนครปฐม,มาบแค,73000
6055,730107,นครปฐม,เมืองนครปฐม,สนามจันทร์,73000
6056,730108,นครปฐม,เมืองนครปฐม,ดอนยายหอม,73000
6057,730109,นครปฐม,เมืองนครปฐม,ถนนขาด,73000
6058,730110,นครปฐม,เมืองนครปฐม,บ่อพลับ,73000
6059,730111,นครปฐม,เมืองนครปฐม,นครปฐม,73000
6060,730112,นครปฐม,เมืองนครปฐม,วังตะกู,73000
6061,730113,นครปฐม,เมืองนครปฐม,หนองปากโลง,73000
6062,730114,นครปฐม,เมืองนครปฐม,สามควายเผือก,73000
6063,730115,นครปฐม,เมืองนครปฐม,ทุ่งน้อย,73000
6064,730116,นครปฐม,เมืองนครปฐม,หนองดินแดง,73000
6065,730117,นครปฐม,เมืองนครปฐม,วังเย็น,73000
6066,730118,นครปฐม,เมืองนครปฐม,โพรงมะเดื่อ,73000
6067,730119,นครปฐม,เมืองนครปฐม,ลำพยา,73000
6068,730120,นครปฐม,เมืองนครปฐม,สระกะเทียม,73000
6069,730121,นครปฐม,เมืองนครปฐม,สวนป่าน,73000
6070,730122,นครปฐม,เมืองนครปฐม,ห้วยจรเข้,73000
6071,730123,นครปฐม,เมืองนครปฐม,ทัพหลวง,73000
6072,730124,นครปฐม,เมืองนครปฐม,หนองงูเหลือม,73000
6073,730125,นครปฐม,เมืองนครปฐม,บ้านยาง,73000
6074,730201,นครปฐม,กำแพงแสน,ทุ่งกระพังโหม,73140
6075,730202,นครปฐม,กำแพงแสน,กระตีบ,73180
6076,730203,นครปฐม,กำแพงแสน,ทุ่งลูกนก,73140
6077,730204,นครปฐม,กำแพงแสน,ห้วยขวาง,73140
6078,730205,นครปฐม,กำแพงแสน,ทุ่งขวาง,73140
6079,730206,นครปฐม,กำแพงแสน,สระสี่มุม,73140
6080,730207,นครปฐม,กำแพงแสน,ทุ่งบัว,73140
6081,730208,นครปฐม,กำแพงแสน,ดอนข่อย,73140
6082,730209,นครปฐม,กำแพงแสน,สระพัฒนา,73180
6083,730210,นครปฐม,กำแพงแสน,ห้วยหมอนทอง,73140
6084,730211,นครปฐม,กำแพงแสน,ห้วยม่วง,73180
6085,730212,นครปฐม,กำแพงแสน,กำแพงแสน,73140
6086,730213,นครปฐม,กำแพงแสน,รางพิกุล,73140
6087,730214,นครปฐม,กำแพงแสน,หนองกระทุ่ม,73140
6088,730215,นครปฐม,กำแพงแสน,วังน้ำเขียว,73140
6089,730301,นครปฐม,นครชัยศรี,นครชัยศรี,73120
6090,730302,นครปฐม,นครชัยศรี,บางกระเบา,73120
6091,730303,นครปฐม,นครชัยศรี,วัดแค,73120
6092,730304,นครปฐม,นครชัยศรี,ท่าตำหนัก,73120
6093,730305,นครปฐม,นครชัยศรี,บางแก้ว,73120
6094,730306,นครปฐม,นครชัยศรี,ท่ากระชับ,73120
6095,730307,นครปฐม,นครชัยศรี,ขุนแก้ว,73120
6096,730308,นครปฐม,นครชัยศรี,ท่าพระยา,73120
6097,730309,นครปฐม,นครชัยศรี,พะเนียด,73120
6098,730310,นครปฐม,นครชัยศรี,บางระกำ,73120
6099,730311,นครปฐม,นครชัยศรี,โคกพระเจดีย์,73120
6100,730312,นครปฐม,นครชัยศรี,ศรีษะทอง,73120
6101,730313,นครปฐม,นครชัยศรี,แหลมบัว,73120
6102,730314,นครปฐม,นครชัยศรี,ศรีมหาโพธิ์,73120
6103,730315,นครปฐม,นครชัยศรี,สัมปทวน,73120
6104,730316,นครปฐม,นครชัยศรี,วัดสำโรง,73120
6105,730317,นครปฐม,นครชัยศรี,ดอนแฝก,73120
6106,730318,นครปฐม,นครชัยศรี,ห้วยพลู,73120
6107,730319,นครปฐม,นครชัยศรี,วัดละมุด,73120
6108,730320,นครปฐม,นครชัยศรี,บางพระ,73120
6109,730321,นครปฐม,นครชัยศรี,บางแก้วฟ้า,73120
6110,730322,นครปฐม,นครชัยศรี,ลานตากฟ้า,73120
6111,730323,นครปฐม,นครชัยศรี,งิ้วราย,73120
6112,730324,นครปฐม,นครชัยศรี,ไทยาวาส,73120
6113,730401,นครปฐม,ดอนตูม,สามง่าม,73150
6114,730402,นครปฐม,ดอนตูม,ห้วยพระ,73150
6115,730403,นครปฐม,ดอนตูม,ลำเหย,73150
6116,730404,นครปฐม,ดอนตูม,ดอนพุทรา,73150
6117,730405,นครปฐม,ดอนตูม,บ้านหลวง,73150
6118,730406,นครปฐม,ดอนตูม,ดอนรวก,73150
6119,730407,นครปฐม,ดอนตูม,ห้วยด้วน,73150
6120,730408,นครปฐม,ดอนตูม,ลำลูกบัว,73150
6121,730501,นครปฐม,บางเลน,บางเลน,73130
6122,730502,นครปฐม,บางเลน,บางปลา,73130
6123,730503,นครปฐม,บางเลน,บางหลวง,73190
6124,730504,นครปฐม,บางเลน,บางภาษี,73130
6125,730505,นครปฐม,บางเลน,บางระกำ,73130
6126,730506,นครปฐม,บางเลน,บางไทรป่า,73130
6127,730507,นครปฐม,บางเลน,หินมูล,73190
6128,730508,นครปฐม,บางเลน,ไทรงาม,73130
6129,730509,นครปฐม,บางเลน,ดอนตูม,73130
6130,730510,นครปฐม,บางเลน,นิลเพชร,73130
6131,730511,นครปฐม,บางเลน,บัวปากท่า,73130
6132,730512,นครปฐม,บางเลน,คลองนกกระทุง,73130
6133,730513,นครปฐม,บางเลน,นราภิรมย์,73130
6134,730514,นครปฐม,บางเลน,ลำพญา,73130
6135,730515,นครปฐม,บางเลน,ไผ่หูช้าง,73130
6136,730601,นครปฐม,สามพราน,ท่าข้าม,73110
6137,730602,นครปฐม,สามพราน,ทรงคนอง,73210
6138,730603,นครปฐม,สามพราน,หอมเกร็ด,73110
6139,730604,นครปฐม,สามพราน,บางกระทึก,73210
6140,730605,นครปฐม,สามพราน,บางเตย,73210
6141,730606,นครปฐม,สามพราน,สามพราน,73110
6142,730607,นครปฐม,สามพราน,บางช้าง,73110
6143,730608,นครปฐม,สามพราน,ไร่ขิง,73210
6144,730609,นครปฐม,สามพราน,ท่าตลาด,73110
6145,730610,นครปฐม,สามพราน,กระทุ่มล้ม,73220
6146,730611,นครปฐม,สามพราน,คลองใหม่,73110
6147,730612,นครปฐม,สามพราน,ตลาดจินดา,73110
6148,730613,นครปฐม,สามพราน,คลองจินดา,73110
6149,730614,นครปฐม,สามพราน,ยายชา,73110
6150,730615,นครปฐม,สามพราน,บ้านใหม่,73110
6151,730616,นครปฐม,สามพราน,อ้อมใหญ่,73160
6152,730701,นครปฐม,พุทธมณฑล,ศาลายา,73170
6153,730702,นครปฐม,พุทธมณฑล,คลองโยง,73170
6154,730703,นครปฐม,พุทธมณฑล,มหาสวัสดิ์,73170
6155,740101,สมุทรสาคร,เมืองสมุทรสาคร,มหาชัย,74000
6156,740102,สมุทรสาคร,เมืองสมุทรสาคร,ท่าฉลอม,74000
6157,740103,สมุทรสาคร,เมืองสมุทรสาคร,โกรกกราก,74000
6158,740104,สมุทรสาคร,เมืองสมุทรสาคร,บ้านบ่อ,74000
6159,740105,สมุทรสาคร,เมืองสมุทรสาคร,บางโทรัด,74000
6160,740106,สมุทรสาคร,เมืองสมุทรสาคร,กาหลง,74000
6161,740107,สมุทรสาคร,เมืองสมุทรสาคร,นาโคก,74000
6162,740108,สมุทรสาคร,เมืองสมุทรสาคร,ท่าจีน,74000
6163,740109,สมุทรสาคร,เมืองสมุทรสาคร,นาดี,74000
6164,740110,สมุทรสาคร,เมืองสมุทรสาคร,ท่าทราย,74000
6165,740111,สมุทรสาคร,เมืองสมุทรสาคร,คอกกระบือ,74000
6166,740112,สมุทรสาคร,เมืองสมุทรสาคร,บางน้ำจืด,74000
6167,740113,สมุทรสาคร,เมืองสมุทรสาคร,พันท้ายนรสิงห์,74000
6168,740114,สมุทรสาคร,เมืองสมุทรสาคร,โคกขาม,74000
6169,740115,สมุทรสาคร,เมืองสมุทรสาคร,บ้านเกาะ,74000
6170,740116,สมุทรสาคร,เมืองสมุทรสาคร,บางกระเจ้า,74000
6171,740117,สมุทรสาคร,เมืองสมุทรสาคร,บางหญ้าแพรก,74000
6172,740118,สมุทรสาคร,เมืองสมุทรสาคร,ชัยมงคล,74000
6173,740201,สมุทรสาคร,กระทุ่มแบน,ตลาดกระทุ่มแบน,74110
6174,740202,สมุทรสาคร,กระทุ่มแบน,อ้อมน้อย,74130
6175,740203,สมุทรสาคร,กระทุ่มแบน,ท่าไม้,74110
6176,740204,สมุทรสาคร,กระทุ่มแบน,สวนหลวง,74110
6177,740205,สมุทรสาคร,กระทุ่มแบน,บางยาง,74110
6178,740206,สมุทรสาคร,กระทุ่มแบน,คลองมะเดื่อ,74110
6179,740207,สมุทรสาคร,กระทุ่มแบน,หนองนกไข่,74110
6180,740208,สมุทรสาคร,กระทุ่มแบน,ดอนไก่ดี,74110
6181,740209,สมุทรสาคร,กระทุ่มแบน,แคราย,74110
6182,740210,สมุทรสาคร,กระทุ่มแบน,ท่าเสา,74110
6183,740301,สมุทรสาคร,บ้านแพ้ว,บ้านแพ้ว,74120
6184,740302,สมุทรสาคร,บ้านแพ้ว,หลักสาม,74120
6185,740303,สมุทรสาคร,บ้านแพ้ว,ยกกระบัตร,74120
6186,740304,สมุทรสาคร,บ้านแพ้ว,โรงเข้,74120
6187,740305,สมุทรสาคร,บ้านแพ้ว,หนองสองห้อง,74120
6188,740306,สมุทรสาคร,บ้านแพ้ว,หนองบัว,74120
6189,740307,สมุทรสาคร,บ้านแพ้ว,หลักสอง,74120
6190,740308,สมุทรสาคร,บ้านแพ้ว,เจ็ดริ้ว,74120
6191,740309,สมุทรสาคร,บ้านแพ้ว,คลองตัน,74120
6192,740310,สมุทรสาคร,บ้านแพ้ว,อำแพง,74120
6193,740311,สมุทรสาคร,บ้านแพ้ว,สวนส้ม,74120
6194,740312,สมุทรสาคร,บ้านแพ้ว,เกษตรพัฒนา,74120
6195,750101,สมุทรสงคราม,เมืองสมุทรสงคราม,แม่กลอง,75000
6196,750102,สมุทรสงคราม,เมืองสมุทรสงคราม,บางขันแตก,75000
6197,750103,สมุทรสงคราม,เมืองสมุทรสงคราม,ลาดใหญ่,75000
6198,750104,สมุทรสงคราม,เมืองสมุทรสงคราม,บ้านปรก,75000
6199,750105,สมุทรสงคราม,เมืองสมุทรสงคราม,บางแก้ว,75000
6200,750106,สมุทรสงคราม,เมืองสมุทรสงคราม,ท้ายหาด,75000
6201,750107,สมุทรสงคราม,เมืองสมุทรสงคราม,แหลมใหญ่,75000
6202,750108,สมุทรสงคราม,เมืองสมุทรสงคราม,คลองเขิน,75000
6203,750109,สมุทรสงคราม,เมืองสมุทรสงคราม,คลองโคน,75000
6204,750110,สมุทรสงคราม,เมืองสมุทรสงคราม,นางตะเคียน,75000
6205,750111,สมุทรสงคราม,เมืองสมุทรสงคราม,บางจะเกร็ง,75000
6206,750201,สมุทรสงคราม,บางคนที,กระดังงา,75120
6207,750202,สมุทรสงคราม,บางคนที,บางสะแก,75120
6208,750203,สมุทรสงคราม,บางคนที,บางยี่รงค์,75120
6209,750204,สมุทรสงคราม,บางคนที,โรงหีบ,75120
6210,750205,สมุทรสงคราม,บางคนที,บางคนที,75120
6211,750206,สมุทรสงคราม,บางคนที,ดอนมะโนรา,75120
6212,750207,สมุทรสงคราม,บางคนที,บางพรม,75120
6213,750208,สมุทรสงคราม,บางคนที,บางกุ้ง,75120
6214,750209,สมุทรสงคราม,บางคนที,จอมปลวก,75120
6215,750210,สมุทรสงคราม,บางคนที,บางนกแขวก,75120
6216,750211,สมุทรสงคราม,บางคนที,ยายแพง,75120
6217,750212,สมุทรสงคราม,บางคนที,บางกระบือ,75120
6218,750213,สมุทรสงคราม,บางคนที,บ้านปราโมทย์,75120
6219,750301,สมุทรสงคราม,อัมพวา,อัมพวา,75110
6220,750302,สมุทรสงคราม,อัมพวา,สวนหลวง,75110
6221,750303,สมุทรสงคราม,อัมพวา,ท่าคา,75110
6222,750304,สมุทรสงคราม,อัมพวา,วัดประดู่,75110
6223,750305,สมุทรสงคราม,อัมพวา,เหมืองใหม่,75110
6224,750306,สมุทรสงคราม,อัมพวา,บางช้าง,75110
6225,750307,สมุทรสงคราม,อัมพวา,แควอ้อม,75110
6226,750308,สมุทรสงคราม,อัมพวา,ปลายโพงพาง,75110
6227,750309,สมุทรสงคราม,อัมพวา,บางแค,75110
6228,750310,สมุทรสงคราม,อัมพวา,แพรกหนามแดง,75110
6229,750311,สมุทรสงคราม,อัมพวา,ยี่สาร,75110
6230,750312,สมุทรสงคราม,อัมพวา,บางนางลี่,75110
6231,760101,เพชรบุรี,เมืองเพชรบุรี,ท่าราบ,76000
6232,760102,เพชรบุรี,เมืองเพชรบุรี,คลองกระแชง,76000
6233,760103,เพชรบุรี,เมืองเพชรบุรี,บางจาน,76000
6234,760104,เพชรบุรี,เมืองเพชรบุรี,นาพันสาม,76000
6235,760105,เพชรบุรี,เมืองเพชรบุรี,ธงชัย,76000
6236,760106,เพชรบุรี,เมืองเพชรบุรี,บ้านกุ่ม,76000
6237,760107,เพชรบุรี,เมืองเพชรบุรี,หนองโสน,76000
6238,760108,เพชรบุรี,เมืองเพชรบุรี,ไร่ส้ม,76000
6239,760109,เพชรบุรี,เมืองเพชรบุรี,เวียงคอย,76000
6240,760110,เพชรบุรี,เมืองเพชรบุรี,บางจาก,76000
6241,760111,เพชรบุรี,เมืองเพชรบุรี,บ้านหม้อ,76000
6242,760112,เพชรบุรี,เมืองเพชรบุรี,ต้นมะม่วง,76000
6243,760113,เพชรบุรี,เมืองเพชรบุรี,ช่องสะแก,76000
6244,760114,เพชรบุรี,เมืองเพชรบุรี,นาวุ้ง,76000
6245,760115,เพชรบุรี,เมืองเพชรบุรี,สำมะโรง,76000
6246,760116,เพชรบุรี,เมืองเพชรบุรี,โพพระ,76000
6247,760117,เพชรบุรี,เมืองเพชรบุรี,หาดเจ้าสำราญ,76100
6248,760118,เพชรบุรี,เมืองเพชรบุรี,หัวสะพาน,76000
6249,760119,เพชรบุรี,เมืองเพชรบุรี,ต้นมะพร้าว,76000
6250,760120,เพชรบุรี,เมืองเพชรบุรี,วังตะโก,76000
6251,760121,เพชรบุรี,เมืองเพชรบุรี,โพไร่หวาน,76000
6252,760122,เพชรบุรี,เมืองเพชรบุรี,ดอนยาง,76000
6253,760123,เพชรบุรี,เมืองเพชรบุรี,หนองขนาน,76000
6254,760124,เพชรบุรี,เมืองเพชรบุรี,หนองพลับ,76000
6255,760201,เพชรบุรี,เขาย้อย,เขาย้อย,76140
6256,760202,เพชรบุรี,เขาย้อย,สระพัง,76140
6257,760203,เพชรบุรี,เขาย้อย,บางเค็ม,76140
6258,760204,เพชรบุรี,เขาย้อย,ทับคาง,76140
6259,760205,เพชรบุรี,เขาย้อย,หนองปลาไหล,76140
6260,760206,เพชรบุรี,เขาย้อย,หนองปรง,76140
6261,760207,เพชรบุรี,เขาย้อย,หนองชุมพล,76140
6262,760208,เพชรบุรี,เขาย้อย,ห้วยโรง,76140
6263,760209,เพชรบุรี,เขาย้อย,ห้วยท่าช้าง,76140
6264,760210,เพชรบุรี,เขาย้อย,หนองชุมพลเหนือ,76140
6265,760301,เพชรบุรี,หนองหญ้าปล้อง,หนองหญ้าปล้อง,76160
6266,760302,เพชรบุรี,หนองหญ้าปล้อง,ยางน้ำกลัดเหนือ,76160
6267,760303,เพชรบุรี,หนองหญ้าปล้อง,ยางน้ำกลัดใต้,76160
6268,760304,เพชรบุรี,หนองหญ้าปล้อง,ท่าตะคร้อ,76160
6269,760401,เพชรบุรี,ชะอำ,ชะอำ,76120
6270,760402,เพชรบุรี,ชะอำ,บางเก่า,76120
6271,760403,เพชรบุรี,ชะอำ,นายาง,76120
6272,760404,เพชรบุรี,ชะอำ,เขาใหญ่,76120
6273,760405,เพชรบุรี,ชะอำ,หนองศาลา,76120
6274,760406,เพชรบุรี,ชะอำ,ห้วยทรายเหนือ,76120
6275,760407,เพชรบุรี,ชะอำ,ไร่ใหม่พัฒนา,76120
6276,760408,เพชรบุรี,ชะอำ,สามพระยา,76120
6277,760409,เพชรบุรี,ชะอำ,ดอนขุนห้วย,76120
6278,760501,เพชรบุรี,ท่ายาง,ท่ายาง,76130
6279,760502,เพชรบุรี,ท่ายาง,ท่าคอย,76130
6280,760503,เพชรบุรี,ท่ายาง,ยางหย่อง,76130
6281,760504,เพชรบุรี,ท่ายาง,หนองจอก,76130
6282,760505,เพชรบุรี,ท่ายาง,มาบปลาเค้า,76130
6283,760506,เพชรบุรี,ท่ายาง,ท่าไม้รวก,76130
6284,760507,เพชรบุรี,ท่ายาง,วังไคร้,76130
6285,760511,เพชรบุรี,ท่ายาง,กลัดหลวง,76130
6286,760512,เพชรบุรี,ท่ายาง,ปึกเตียน,76130
6287,760513,เพชรบุรี,ท่ายาง,เขากระปุก,76130
6288,760514,เพชรบุรี,ท่ายาง,ท่าแลง,76130
6289,760515,เพชรบุรี,ท่ายาง,บ้านในดง,76130
6290,760601,เพชรบุรี,บ้านลาด,บ้านลาด,76150
6291,760602,เพชรบุรี,บ้านลาด,บ้านหาด,76150
6292,760603,เพชรบุรี,บ้านลาด,บ้านทาน,76150
6293,760604,เพชรบุรี,บ้านลาด,ตำหรุ,76150
6294,760605,เพชรบุรี,บ้านลาด,สมอพลือ,76150
6295,760606,เพชรบุรี,บ้านลาด,ไร่มะขาม,76150
6296,760607,เพชรบุรี,บ้านลาด,ท่าเสน,76150
6297,760608,เพชรบุรี,บ้านลาด,หนองกระเจ็ด,76150
6298,760609,เพชรบุรี,บ้านลาด,หนองกะปุ,76150
6299,760610,เพชรบุรี,บ้านลาด,ลาดโพธิ์,76150
6300,760611,เพชรบุรี,บ้านลาด,สะพานไกร,76150
6301,760612,เพชรบุรี,บ้านลาด,ไร่โคก,76150
6302,760613,เพชรบุรี,บ้านลาด,โรงเข้,76150
6303,760614,เพชรบุรี,บ้านลาด,ไร่สะท้อน,76150
6304,760615,เพชรบุรี,บ้านลาด,ห้วยข้อง,76150
6305,760616,เพชรบุรี,บ้านลาด,ท่าช้าง,76150
6306,760617,เพชรบุรี,บ้านลาด,ถ้ำรงค์,76150
6307,760618,เพชรบุรี,บ้านลาด,ห้วยลึก,76150
6308,760701,เพชรบุรี,บ้านแหลม,บ้านแหลม,76110
6309,760702,เพชรบุรี,บ้านแหลม,บางขุนไทร,76110
6310,760703,เพชรบุรี,บ้านแหลม,ปากทะเล,76110
6311,760704,เพชรบุรี,บ้านแหลม,บางแก้ว,76110
6312,760705,เพชรบุรี,บ้านแหลม,แหลมผักเบี้ย,76100
6313,760706,เพชรบุรี,บ้านแหลม,บางตะบูน,76110
6314,760707,เพชรบุรี,บ้านแหลม,บางตะบูนออก,76110
6315,760708,เพชรบุรี,บ้านแหลม,บางครก,76110
6316,760709,เพชรบุรี,บ้านแหลม,ท่าแร้ง,76110
6317,760710,เพชรบุรี,บ้านแหลม,ท่าแร้งออก,76110
6318,760801,เพชรบุรี,แก่งกระจาน,แก่งกระจาน,76170
6319,760802,เพชรบุรี,แก่งกระจาน,สองพี่น้อง,76170
6320,760803,เพชรบุรี,แก่งกระจาน,วังจันทร์,76170
6321,760804,เพชรบุรี,แก่งกระจาน,ป่าเด็ง,76170
6322,760805,เพชรบุรี,แก่งกระจาน,พุสวรรค์,76170
6323,760806,เพชรบุรี,แก่งกระจาน,ห้วยแม่เพรียง,76170
6324,770101,ประจวบคีรีขันธ์,เมืองประจวบฯ,ประจวบคีรีขันธ์,77000
6325,770102,ประจวบคีรีขันธ์,เมืองประจวบฯ,เกาะหลัก,77000
6326,770103,ประจวบคีรีขันธ์,เมืองประจวบฯ,คลองวาฬ,77000
6327,770104,ประจวบคีรีขันธ์,เมืองประจวบฯ,ห้วยทราย,77000
6328,770105,ประจวบคีรีขันธ์,เมืองประจวบฯ,อ่าวน้อย,77000
6329,770106,ประจวบคีรีขันธ์,เมืองประจวบฯ,บ่อนอก,77210
6330,770201,ประจวบคีรีขันธ์,กุยบุรี,กุยบุรี,77150
6331,770202,ประจวบคีรีขันธ์,กุยบุรี,กุยเหนือ,77150
6332,770203,ประจวบคีรีขันธ์,กุยบุรี,เขาแดง,77150
6333,770204,ประจวบคีรีขันธ์,กุยบุรี,ดอนยายหนู,77150
6334,770206,ประจวบคีรีขันธ์,กุยบุรี,สามกระทาย,77150
6335,770207,ประจวบคีรีขันธ์,กุยบุรี,หาดขาม,77150
6336,770301,ประจวบคีรีขันธ์,ทับสะแก,ทับสะแก,77130
6337,770302,ประจวบคีรีขันธ์,ทับสะแก,อ่างทอง,77130
6338,770303,ประจวบคีรีขันธ์,ทับสะแก,นาหูกวาง,77130
6339,770304,ประจวบคีรีขันธ์,ทับสะแก,เขาล้าน,77130
6340,770305,ประจวบคีรีขันธ์,ทับสะแก,ห้วยยาง,77130
6341,770306,ประจวบคีรีขันธ์,ทับสะแก,แสงอรุณ,77130
6342,770401,ประจวบคีรีขันธ์,บางสะพาน,กำเนิดนพคุณ,77140
6343,770402,ประจวบคีรีขันธ์,บางสะพาน,พงศ์ประศาสน์,77140
6344,770403,ประจวบคีรีขันธ์,บางสะพาน,ร่อนทอง,77230
6345,770404,ประจวบคีรีขันธ์,บางสะพาน,ธงชัย,77190
6346,770405,ประจวบคีรีขันธ์,บางสะพาน,ชัยเกษม,77190
6347,770406,ประจวบคีรีขันธ์,บางสะพาน,ทองมงคล,77230
6348,770407,ประจวบคีรีขันธ์,บางสะพาน,แม่รำพึง,77140
6349,770501,ประจวบคีรีขันธ์,บางสะพานน้อย,ปากแพรก,77170
6350,770502,ประจวบคีรีขันธ์,บางสะพานน้อย,บางสะพาน,77170
6351,770503,ประจวบคีรีขันธ์,บางสะพานน้อย,ทรายทอง,77170
6352,770504,ประจวบคีรีขันธ์,บางสะพานน้อย,ช้างแรก,77170
6353,770505,ประจวบคีรีขันธ์,บางสะพานน้อย,ไชยราช,77170
6354,770601,ประจวบคีรีขันธ์,ปราณบุรี,ปราณบุรี,77120
6355,770602,ประจวบคีรีขันธ์,ปราณบุรี,เขาน้อย,77120
6356,770604,ประจวบคีรีขันธ์,ปราณบุรี,ปากน้ำปราณ,77220
6357,770607,ประจวบคีรีขันธ์,ปราณบุรี,หนองตาแต้ม,77120
6358,770608,ประจวบคีรีขันธ์,ปราณบุรี,วังก์พง,77120
6359,770609,ประจวบคีรีขันธ์,ปราณบุรี,เขาจ้าว,77120
6360,770701,ประจวบคีรีขันธ์,หัวหิน,หัวหิน,77110
6361,770702,ประจวบคีรีขันธ์,หัวหิน,หนองแก,77110
6362,770703,ประจวบคีรีขันธ์,หัวหิน,หินเหล็กไฟ,77110
6363,770704,ประจวบคีรีขันธ์,หัวหิน,หนองพลับ,77110
6364,770705,ประจวบคีรีขันธ์,หัวหิน,ทับใต้,77110
6365,770706,ประจวบคีรีขันธ์,หัวหิน,ห้วยสัตว์ใหญ่,77110
6366,770707,ประจวบคีรีขันธ์,หัวหิน,บึงนคร,77110
6367,770801,ประจวบคีรีขันธ์,สามร้อยยอด,สามร้อยยอด,77120
6368,770802,ประจวบคีรีขันธ์,สามร้อยยอด,ศิลาลอย,77180
6369,770803,ประจวบคีรีขันธ์,สามร้อยยอด,ไร่เก่า,77180
6370,770804,ประจวบคีรีขันธ์,สามร้อยยอด,ศาลาลัย,77180
6371,770805,ประจวบคีรีขันธ์,สามร้อยยอด,ไร่ใหม่,77180
6372,800101,นครศรีธรรมราช,เมืองนครศรีธรรมราช,ในเมือง,80000
6373,800102,นครศรีธรรมราช,เมืองนครศรีธรรมราช,ท่าวัง,80000
6374,800103,นครศรีธรรมราช,เมืองนครศรีธรรมราช,คลัง,80000
6375,800106,นครศรีธรรมราช,เมืองนครศรีธรรมราช,ท่าไร่,80000
6376,800107,นครศรีธรรมราช,เมืองนครศรีธรรมราช,ปากนคร,80000
6377,800108,นครศรีธรรมราช,เมืองนครศรีธรรมราช,นาทราย,80280
6378,800112,นครศรีธรรมราช,เมืองนครศรีธรรมราช,กำแพงเซา,80280
6379,800113,นครศรีธรรมราช,เมืองนครศรีธรรมราช,ไชยมนตรี,80000
6380,800114,นครศรีธรรมราช,เมืองนครศรีธรรมราช,มะม่วงสองต้น,80000
6381,800115,นครศรีธรรมราช,เมืองนครศรีธรรมราช,นาเคียน,80000
6382,800116,นครศรีธรรมราช,เมืองนครศรีธรรมราช,ท่างิ้ว,80280
6383,800118,นครศรีธรรมราช,เมืองนครศรีธรรมราช,โพธิ์เสด็จ,80000
6384,800119,นครศรีธรรมราช,เมืองนครศรีธรรมราช,บางจาก,80330
6385,800120,นครศรีธรรมราช,เมืองนครศรีธรรมราช,ปากพูน,80000
6386,800121,นครศรีธรรมราช,เมืองนครศรีธรรมราช,ท่าซัก,80000
6387,800122,นครศรีธรรมราช,เมืองนครศรีธรรมราช,ท่าเรือ,80290
6388,800201,นครศรีธรรมราช,พรหมคีรี,พรหมโลก,80320
6389,800202,นครศรีธรรมราช,พรหมคีรี,บ้านเกาะ,80320
6390,800203,นครศรีธรรมราช,พรหมคีรี,อินคีรี,80320
6391,800204,นครศรีธรรมราช,พรหมคีรี,ทอนหงส์,80320
6392,800205,นครศรีธรรมราช,พรหมคีรี,นาเรียง,80320
6393,800301,นครศรีธรรมราช,ลานสกา,เขาแก้ว,80230
6394,800302,นครศรีธรรมราช,ลานสกา,ลานสกา,80230
6395,800303,นครศรีธรรมราช,ลานสกา,ท่าดี,80230
6396,800304,นครศรีธรรมราช,ลานสกา,กำโลน,80230
6397,800305,นครศรีธรรมราช,ลานสกา,ขุนทะเล,80230
6398,800401,นครศรีธรรมราช,ฉวาง,ฉวาง,80150
6399,800403,นครศรีธรรมราช,ฉวาง,ละอาย,80250
6400,800404,นครศรีธรรมราช,ฉวาง,นาแว,80260
6401,800405,นครศรีธรรมราช,ฉวาง,ไม้เรียง,80150
6402,800406,นครศรีธรรมราช,ฉวาง,กะเปียด,80260
6403,800407,นครศรีธรรมราช,ฉวาง,นากะชะ,80150
6404,800409,นครศรีธรรมราช,ฉวาง,ห้วยปริก,80260
6405,800410,นครศรีธรรมราช,ฉวาง,ไสหร้า,80150
6406,800415,นครศรีธรรมราช,ฉวาง,นาเขลียง,80260
6407,800416,นครศรีธรรมราช,ฉวาง,จันดี,80250
6408,800501,นครศรีธรรมราช,พิปูน,พิปูน,80270
6409,800502,นครศรีธรรมราช,พิปูน,กะทูน,80270
6410,800503,นครศรีธรรมราช,พิปูน,เขาพระ,80270
6411,800504,นครศรีธรรมราช,พิปูน,ยางค้อม,80270
6412,800505,นครศรีธรรมราช,พิปูน,ควนกลาง,80270
6413,800601,นครศรีธรรมราช,เชียรใหญ่,เชียรใหญ่,80190
6414,800603,นครศรีธรรมราช,เชียรใหญ่,ท่าขนาน,80190
6415,800604,นครศรีธรรมราช,เชียรใหญ่,บ้านกลาง,80190
6416,800605,นครศรีธรรมราช,เชียรใหญ่,บ้านเนิน,80190
6417,800606,นครศรีธรรมราช,เชียรใหญ่,ไสหมาก,80190
6418,800607,นครศรีธรรมราช,เชียรใหญ่,ท้องลำเจียก,80190
6419,800610,นครศรีธรรมราช,เชียรใหญ่,เสือหึง,80190
6420,800611,นครศรีธรรมราช,เชียรใหญ่,การะเกด,80190
6421,800612,นครศรีธรรมราช,เชียรใหญ่,เขาพระบาท,80190
6422,800613,นครศรีธรรมราช,เชียรใหญ่,แม่เจ้าอยู่หัว,80190
6423,800701,นครศรีธรรมราช,ชะอวด,ชะอวด,80180
6424,800702,นครศรีธรรมราช,ชะอวด,ท่าเสม็ด,80180
6425,800703,นครศรีธรรมราช,ชะอวด,ท่าประจะ,80180
6426,800704,นครศรีธรรมราช,ชะอวด,เคร็ง,80180
6427,800705,นครศรีธรรมราช,ชะอวด,วังอ่าง,80180
6428,800706,นครศรีธรรมราช,ชะอวด,บ้านตูล,80180
6429,800707,นครศรีธรรมราช,ชะอวด,ขอนหาด,80180
6430,800708,นครศรีธรรมราช,ชะอวด,เกาะขันธ์,80180
6431,800709,นครศรีธรรมราช,ชะอวด,ควนหนองหงษ์,80180
6432,800710,นครศรีธรรมราช,ชะอวด,เขาพระทอง,80180
6433,800711,นครศรีธรรมราช,ชะอวด,นางหลง,80180
6434,800801,นครศรีธรรมราช,ท่าศาลา,ท่าศาลา,80160
6435,800802,นครศรีธรรมราช,ท่าศาลา,กลาย,80160
6436,800803,นครศรีธรรมราช,ท่าศาลา,ท่าขึ้น,80160
6437,800804,นครศรีธรรมราช,ท่าศาลา,หัวตะพาน,80160
6438,800806,นครศรีธรรมราช,ท่าศาลา,สระแก้ว,80160
6439,800807,นครศรีธรรมราช,ท่าศาลา,โมคลาน,80160
6440,800809,นครศรีธรรมราช,ท่าศาลา,ไทยบุรี,80160
6441,800810,นครศรีธรรมราช,ท่าศาลา,ดอนตะโก,80160
6442,800811,นครศรีธรรมราช,ท่าศาลา,ตลิ่งชัน,80160
6443,800813,นครศรีธรรมราช,ท่าศาลา,โพธิ์ทอง,80160
6444,800901,นครศรีธรรมราช,ทุ่งสง,ปากแพรก,80110
6445,800902,นครศรีธรรมราช,ทุ่งสง,ชะมาย,80110
6446,800903,นครศรีธรรมราช,ทุ่งสง,หนองหงส์,80110
6447,800904,นครศรีธรรมราช,ทุ่งสง,ควนกรด,80110
6448,800905,นครศรีธรรมราช,ทุ่งสง,นาไม้ไผ่,80110
6449,800906,นครศรีธรรมราช,ทุ่งสง,นาหลวงเสน,80110
6450,800907,นครศรีธรรมราช,ทุ่งสง,เขาโร,80110
6451,800908,นครศรีธรรมราช,ทุ่งสง,กะปาง,80310
6452,800909,นครศรีธรรมราช,ทุ่งสง,ที่วัง,80110
6453,800910,นครศรีธรรมราช,ทุ่งสง,น้ำตก,80110
6454,800911,นครศรีธรรมราช,ทุ่งสง,ถ้ำใหญ่,80110
6455,800912,นครศรีธรรมราช,ทุ่งสง,นาโพธิ์,80110
6456,800913,นครศรีธรรมราช,ทุ่งสง,เขาขาว,80110
6457,801001,นครศรีธรรมราช,นาบอน,นาบอน,80220
6458,801002,นครศรีธรรมราช,นาบอน,ทุ่งสง,80220
6459,801003,นครศรีธรรมราช,นาบอน,แก้วแสน,80220
6460,801101,นครศรีธรรมราช,ทุ่งใหญ่,ท่ายาง,80240
6461,801102,นครศรีธรรมราช,ทุ่งใหญ่,ทุ่งสัง,80240
6462,801103,นครศรีธรรมราช,ทุ่งใหญ่,ทุ่งใหญ่,80240
6463,801104,นครศรีธรรมราช,ทุ่งใหญ่,กุแหระ,80240
6464,801105,นครศรีธรรมราช,ทุ่งใหญ่,ปริก,80240
6465,801106,นครศรีธรรมราช,ทุ่งใหญ่,บางรูป,80240
6466,801107,นครศรีธรรมราช,ทุ่งใหญ่,กรุงหยัน,80240
6467,801201,นครศรีธรรมราช,ปากพนัง,ปากพนัง,80140
6468,801202,นครศรีธรรมราช,ปากพนัง,คลองน้อย,80330
6469,801203,นครศรีธรรมราช,ปากพนัง,ป่าระกำ,80140
6470,801204,นครศรีธรรมราช,ปากพนัง,ชะเมา,80330
6471,801205,นครศรีธรรมราช,ปากพนัง,คลองกระบือ,80140
6472,801206,นครศรีธรรมราช,ปากพนัง,เกาะทวด,80330
6473,801207,นครศรีธรรมราช,ปากพนัง,บ้านใหม่,80140
6474,801208,นครศรีธรรมราช,ปากพนัง,หูล่อง,80140
6475,801209,นครศรีธรรมราช,ปากพนัง,แหลมตะลุมพุก,80140
6476,801210,นครศรีธรรมราช,ปากพนัง,ปากพนังฝั่งตะวันตก,80140
6477,801211,นครศรีธรรมราช,ปากพนัง,บางศาลา,80140
6478,801212,นครศรีธรรมราช,ปากพนัง,บางพระ,80140
6479,801213,นครศรีธรรมราช,ปากพนัง,บางตะพง,80140
6480,801214,นครศรีธรรมราช,ปากพนัง,ปากพนังฝั่งตะวันออก,80140
6481,801215,นครศรีธรรมราช,ปากพนัง,บ้านเพิง,80140
6482,801216,นครศรีธรรมราช,ปากพนัง,ท่าพยา,80140
6483,801217,นครศรีธรรมราช,ปากพนัง,ปากแพรก,80140
6484,801218,นครศรีธรรมราช,ปากพนัง,ขนาบนาก,80140
6485,801301,นครศรีธรรมราช,ร่อนพิบูลย์,ร่อนพิบูลย์,80130
6486,801302,นครศรีธรรมราช,ร่อนพิบูลย์,หินตก,80350
6487,801303,นครศรีธรรมราช,ร่อนพิบูลย์,เสาธง,80350
6488,801304,นครศรีธรรมราช,ร่อนพิบูลย์,ควนเกย,80130
6489,801305,นครศรีธรรมราช,ร่อนพิบูลย์,ควนพัง,80130
6490,801306,นครศรีธรรมราช,ร่อนพิบูลย์,ควนชุม,80130
6491,801401,นครศรีธรรมราช,สิชล,สิชล,80120
6492,801402,นครศรีธรรมราช,สิชล,ทุ่งปรัง,80120
6493,801403,นครศรีธรรมราช,สิชล,ฉลอง,80120
6494,801404,นครศรีธรรมราช,สิชล,เสาเภา,80340
6495,801405,นครศรีธรรมราช,สิชล,เปลี่ยน,80120
6496,801406,นครศรีธรรมราช,สิชล,สี่ขีด,80120
6497,801407,นครศรีธรรมราช,สิชล,เทพราช,80340
6498,801408,นครศรีธรรมราช,สิชล,เขาน้อย,80120
6499,801409,นครศรีธรรมราช,สิชล,ทุ่งใส,80120
6500,801501,นครศรีธรรมราช,ขนอม,ขนอม,80210
6501,801502,นครศรีธรรมราช,ขนอม,ควนทอง,80210
6502,801503,นครศรีธรรมราช,ขนอม,ท้องเนียน,80210
6503,801601,นครศรีธรรมราช,หัวไทร,หัวไทร,80170
6504,801602,นครศรีธรรมราช,หัวไทร,หน้าสตน,80170
6505,801603,นครศรีธรรมราช,หัวไทร,ทรายขาว,80170
6506,801604,นครศรีธรรมราช,หัวไทร,แหลม,80170
6507,801605,นครศรีธรรมราช,หัวไทร,เขาพังไกร,80170
6508,801606,นครศรีธรรมราช,หัวไทร,บ้านราม,80170
6509,801607,นครศรีธรรมราช,หัวไทร,บางนบ,80170
6510,801608,นครศรีธรรมราช,หัวไทร,ท่าซอม,80170
6511,801609,นครศรีธรรมราช,หัวไทร,ควนชะลิก,80170
6512,801610,นครศรีธรรมราช,หัวไทร,รามแก้ว,80170
6513,801611,นครศรีธรรมราช,หัวไทร,เกาะเพชร,80170
6514,801701,นครศรีธรรมราช,บางขัน,บางขัน,80360
6515,801702,นครศรีธรรมราช,บางขัน,บ้านลำนาว,80360
6516,801703,นครศรีธรรมราช,บางขัน,วังหิน,80360
6517,801704,นครศรีธรรมราช,บางขัน,บ้านนิคม,80360
6518,801801,นครศรีธรรมราช,ถ้ำพรรณรา,ถ้ำพรรณรา,80260
6519,801802,นครศรีธรรมราช,ถ้ำพรรณรา,คลองเส,80260
6520,801803,นครศรีธรรมราช,ถ้ำพรรณรา,ดุสิต,80260
6521,801901,นครศรีธรรมราช,จุฬาภรณ์,บ้านควนมุด,80180
6522,801902,นครศรีธรรมราช,จุฬาภรณ์,บ้านชะอวด,80180
6523,801903,นครศรีธรรมราช,จุฬาภรณ์,ควนหนองคว้า,80130
6524,801904,นครศรีธรรมราช,จุฬาภรณ์,ทุ่งโพธิ์,80130
6525,801905,นครศรีธรรมราช,จุฬาภรณ์,นาหมอบุญ,80130
6526,801906,นครศรีธรรมราช,จุฬาภรณ์,สามตำบล,80130
6527,802001,นครศรีธรรมราช,พระพรหม,นาพรุ,80000
6528,802002,นครศรีธรรมราช,พระพรหม,นาสาร,80000
6529,802003,นครศรีธรรมราช,พระพรหม,ท้ายสำเภา,80000
6530,802004,นครศรีธรรมราช,พระพรหม,ช้างซ้าย,80000
6531,802101,นครศรีธรรมราช,นบพิตำ,นบพิตำ,80160
6532,802102,นครศรีธรรมราช,นบพิตำ,กรุงชิง,80160
6533,802103,นครศรีธรรมราช,นบพิตำ,กะหรอ,80160
6534,802104,นครศรีธรรมราช,นบพิตำ,นาเหรง,80160
6535,802201,นครศรีธรรมราช,ช้างกลาง,ช้างกลาง,80250
6536,802202,นครศรีธรรมราช,ช้างกลาง,หลักช้าง,80250
6537,802203,นครศรีธรรมราช,ช้างกลาง,สวนขัน,80250
6538,802301,นครศรีธรรมราช,เฉลิมพระเกียรติ,เชียรเขา,80190
6539,802302,นครศรีธรรมราช,เฉลิมพระเกียรติ,ดอนตรอ,80290
6540,802303,นครศรีธรรมราช,เฉลิมพระเกียรติ,สวนหลวง,80190
6541,802304,นครศรีธรรมราช,เฉลิมพระเกียรติ,ทางพูน,80190
6542,810101,กระบี่,เมืองกระบี่,ปากน้ำ,81000
6543,810102,กระบี่,เมืองกระบี่,กระบี่ใหญ่,81000
6544,810103,กระบี่,เมืองกระบี่,กระบี่น้อย,81000
6545,810105,กระบี่,เมืองกระบี่,เขาคราม,81000
6546,810106,กระบี่,เมืองกระบี่,เขาทอง,81000
6547,810111,กระบี่,เมืองกระบี่,ทับปริก,81000
6548,810115,กระบี่,เมืองกระบี่,ไสไทย,81000
6549,810116,กระบี่,เมืองกระบี่,อ่าวนาง,81000
6550,810117,กระบี่,เมืองกระบี่,หนองทะเล,81000
6551,810118,กระบี่,เมืองกระบี่,คลองประสงค์,81000
6552,810201,กระบี่,เขาพนม,เขาพนม,81140
6553,810202,กระบี่,เขาพนม,เขาดิน,81140
6554,810203,กระบี่,เขาพนม,สินปุน,80240
6555,810204,กระบี่,เขาพนม,พรุเตียว,81140
6556,810205,กระบี่,เขาพนม,หน้าเขา,81140
6557,810206,กระบี่,เขาพนม,โคกหาร,80240
6558,810301,กระบี่,เกาะลันตา,เกาะลันตาใหญ่,81150
6559,810302,กระบี่,เกาะลันตา,เกาะลันตาน้อย,81150
6560,810303,กระบี่,เกาะลันตา,เกาะกลาง,81120
6561,810304,กระบี่,เกาะลันตา,คลองยาง,81120
6562,810305,กระบี่,เกาะลันตา,ศาลาด่าน,81150
6563,810401,กระบี่,คลองท่อม,คลองท่อมใต้,81120
6564,810402,กระบี่,คลองท่อม,คลองท่อมเหนือ,81120
6565,810403,กระบี่,คลองท่อม,คลองพน,81170
6566,810404,กระบี่,คลองท่อม,ทรายขาว,81170
6567,810405,กระบี่,คลองท่อม,ห้วยน้ำขาว,81120
6568,810406,กระบี่,คลองท่อม,พรุดินนา,81120
6569,810407,กระบี่,คลองท่อม,เพหลา,81120
6570,810501,กระบี่,อ่าวลึก,อ่าวลึกใต้,81110
6571,810502,กระบี่,อ่าวลึก,แหลมสัก,81110
6572,810503,กระบี่,อ่าวลึก,นาเหนือ,81110
6573,810504,กระบี่,อ่าวลึก,คลองหิน,81110
6574,810505,กระบี่,อ่าวลึก,อ่าวลึกน้อย,81110
6575,810506,กระบี่,อ่าวลึก,อ่าวลึกเหนือ,81110
6576,810507,กระบี่,อ่าวลึก,เขาใหญ่,81110
6577,810508,กระบี่,อ่าวลึก,คลองยา,81110
6578,810509,กระบี่,อ่าวลึก,บ้านกลาง,81110
6579,810601,กระบี่,ปลายพระยา,ปลายพระยา,81160
6580,810602,กระบี่,ปลายพระยา,เขาเขน,81160
6581,810603,กระบี่,ปลายพระยา,เขาต่อ,81160
6582,810604,กระบี่,ปลายพระยา,คีรีวง,81160
6583,810701,กระบี่,ลำทับ,ลำทับ,81120
6584,810702,กระบี่,ลำทับ,ดินอุดม,81120
6585,810703,กระบี่,ลำทับ,ทุ่งไทรทอง,81120
6586,810704,กระบี่,ลำทับ,ดินแดง,81120
6587,810801,กระบี่,เหนือคลอง,เหนือคลอง,81130
6588,810802,กระบี่,เหนือคลอง,เกาะศรีบอยา,81130
6589,810803,กระบี่,เหนือคลอง,คลองขนาน,81130
6590,810804,กระบี่,เหนือคลอง,คลองเขม้า,81130
6591,810805,กระบี่,เหนือคลอง,โคกยาง,81130
6592,810806,กระบี่,เหนือคลอง,ตลิ่งชัน,81130
6593,810807,กระบี่,เหนือคลอง,ปกาสัย,81130
6594,810808,กระบี่,เหนือคลอง,ห้วยยูง,81130
6595,820101,พังงา,เมืองพังงา,ท้ายช้าง,82000
6596,820102,พังงา,เมืองพังงา,นบปริง,82000
6597,820103,พังงา,เมืองพังงา,ถ้ำน้ำผุด,82000
6598,820104,พังงา,เมืองพังงา,บางเตย,82000
6599,820105,พังงา,เมืองพังงา,ตากแดด,82000
6600,820106,พังงา,เมืองพังงา,สองแพรก,82000
6601,820107,พังงา,เมืองพังงา,ทุ่งคาโงก,82000
6602,820108,พังงา,เมืองพังงา,เกาะปันหยี,82000
6603,820109,พังงา,เมืองพังงา,ป่ากอ,82000
6604,820201,พังงา,เกาะยาว,เกาะยาวน้อย,82160
6605,820202,พังงา,เกาะยาว,เกาะยาวใหญ่,82160
6606,820203,พังงา,เกาะยาว,พรุใน,83000
6607,820301,พังงา,กะปง,กะปง,82170
6608,820302,พังงา,กะปง,ท่านา,82170
6609,820303,พังงา,กะปง,เหมาะ,82170
6610,820304,พังงา,กะปง,เหล,82170
6611,820305,พังงา,กะปง,รมณีย์,82170
6612,820401,พังงา,ตะกั่วทุ่ง,ถ้ำ,82130
6613,820402,พังงา,ตะกั่วทุ่ง,กระโสม,82130
6614,820403,พังงา,ตะกั่วทุ่ง,กะไหล,82130
6615,820404,พังงา,ตะกั่วทุ่ง,ท่าอยู่,82130
6616,820405,พังงา,ตะกั่วทุ่ง,หล่อยูง,82140
6617,820406,พังงา,ตะกั่วทุ่ง,โคกกลอย,82140
6618,820407,พังงา,ตะกั่วทุ่ง,คลองเคียน,82130
6619,820501,พังงา,ตะกั่วป่า,ตะกั่วป่า,82110
6620,820502,พังงา,ตะกั่วป่า,บางนายสี,82110
6621,820503,พังงา,ตะกั่วป่า,บางไทร,82110
6622,820504,พังงา,ตะกั่วป่า,บางม่วง,82110
6623,820505,พังงา,ตะกั่วป่า,ตำตัว,82110
6624,820506,พังงา,ตะกั่วป่า,โคกเคียน,82110
6625,820507,พังงา,ตะกั่วป่า,คึกคัก,82190
6626,820508,พังงา,ตะกั่วป่า,เกาะคอเขา,82190
6627,820601,พังงา,คุระบุรี,คุระ,82150
6628,820602,พังงา,คุระบุรี,บางวัน,82150
6629,820603,พังงา,คุระบุรี,เกาะพระทอง,82150
6630,820605,พังงา,คุระบุรี,แม่นางขาว,82150
6631,820701,พังงา,ทับปุด,ทับปุด,82180
6632,820702,พังงา,ทับปุด,มะรุ่ย,82180
6633,820703,พังงา,ทับปุด,บ่อแสน,82180
6634,820704,พังงา,ทับปุด,ถ้ำทองหลาง,82180
6635,820705,พังงา,ทับปุด,โคกเจริญ,82180
6636,820706,พังงา,ทับปุด,บางเหรียง,82180
6637,820801,พังงา,ท้ายเหมือง,ท้ายเหมือง,82120
6638,820802,พังงา,ท้ายเหมือง,นาเตย,82120
6639,820803,พังงา,ท้ายเหมือง,บางทอง,82120
6640,820804,พังงา,ท้ายเหมือง,ทุ่งมะพร้าว,82120
6641,820805,พังงา,ท้ายเหมือง,ลำภี,82120
6642,820806,พังงา,ท้ายเหมือง,ลำแก่น,82120
6643,830101,ภูเก็ต,เมืองภูเก็ต,ตลาดใหญ่,83000
6644,830102,ภูเก็ต,เมืองภูเก็ต,ตลาดเหนือ,83000
6645,830103,ภูเก็ต,เมืองภูเก็ต,เกาะแก้ว,83000
6646,830104,ภูเก็ต,เมืองภูเก็ต,รัษฎา,83000
6647,830105,ภูเก็ต,เมืองภูเก็ต,วิชิต,83000
6648,830106,ภูเก็ต,เมืองภูเก็ต,ฉลอง,83130
6649,830107,ภูเก็ต,เมืองภูเก็ต,ราไวย์,83130
6650,830108,ภูเก็ต,เมืองภูเก็ต,กะรน,83100
6651,830201,ภูเก็ต,กะทู้,กะทู้,83120
6652,830202,ภูเก็ต,กะทู้,ป่าตอง,83150
6653,830203,ภูเก็ต,กะทู้,กมลา,83150
6654,830301,ภูเก็ต,ถลาง,เทพกระษัตรี,83110
6655,830302,ภูเก็ต,ถลาง,ศรีสุนทร,83110
6656,830303,ภูเก็ต,ถลาง,เชิงทะเล,83110
6657,830304,ภูเก็ต,ถลาง,ป่าคลอก,83110
6658,830305,ภูเก็ต,ถลาง,ไม้ขาว,83110
6659,830306,ภูเก็ต,ถลาง,สาคู,83110
6660,840101,สุราษฎร์ธานี,เมืองสุราษฎร์ธานี,ตลาด,84000
6661,840102,สุราษฎร์ธานี,เมืองสุราษฎร์ธานี,มะขามเตี้ย,84000
6662,840103,สุราษฎร์ธานี,เมืองสุราษฎร์ธานี,วัดประดู่,84000
6663,840104,สุราษฎร์ธานี,เมืองสุราษฎร์ธานี,ขุนทะเล,84100
6664,840105,สุราษฎร์ธานี,เมืองสุราษฎร์ธานี,บางใบไม้,84000
6665,840106,สุราษฎร์ธานี,เมืองสุราษฎร์ธานี,บางชนะ,84000
6666,840107,สุราษฎร์ธานี,เมืองสุราษฎร์ธานี,คลองน้อย,84000
6667,840108,สุราษฎร์ธานี,เมืองสุราษฎร์ธานี,บางไทร,84000
6668,840109,สุราษฎร์ธานี,เมืองสุราษฎร์ธานี,บางโพธิ์,84000
6669,840110,สุราษฎร์ธานี,เมืองสุราษฎร์ธานี,บางกุ้ง,84000
6670,840111,สุราษฎร์ธานี,เมืองสุราษฎร์ธานี,คลองฉนาก,84000
6671,840201,สุราษฎร์ธานี,กาญจนดิษฐ์,ท่าทองใหม่,84290
6672,840202,สุราษฎร์ธานี,กาญจนดิษฐ์,ท่าทอง,84160
6673,840203,สุราษฎร์ธานี,กาญจนดิษฐ์,กะแดะ,84160
6674,840204,สุราษฎร์ธานี,กาญจนดิษฐ์,ทุ่งกง,84290
6675,840205,สุราษฎร์ธานี,กาญจนดิษฐ์,กรูด,84160
6676,840206,สุราษฎร์ธานี,กาญจนดิษฐ์,ช้างซ้าย,84160
6677,840207,สุราษฎร์ธานี,กาญจนดิษฐ์,พลายวาส,84160
6678,840208,สุราษฎร์ธานี,กาญจนดิษฐ์,ป่าร่อน,84160
6679,840209,สุราษฎร์ธานี,กาญจนดิษฐ์,ตะเคียนทอง,84160
6680,840210,สุราษฎร์ธานี,กาญจนดิษฐ์,ช้างขวา,84160
6681,840211,สุราษฎร์ธานี,กาญจนดิษฐ์,ท่าอุแท,84160
6682,840212,สุราษฎร์ธานี,กาญจนดิษฐ์,ทุ่งรัง,84290
6683,840213,สุราษฎร์ธานี,กาญจนดิษฐ์,คลองสระ,84160
6684,840301,สุราษฎร์ธานี,ดอนสัก,ดอนสัก,84220
6685,840302,สุราษฎร์ธานี,ดอนสัก,ชลคราม,84160
6686,840303,สุราษฎร์ธานี,ดอนสัก,ไชยคราม,84220
6687,840304,สุราษฎร์ธานี,ดอนสัก,ปากแพรก,84340
6688,840401,สุราษฎร์ธานี,เกาะสมุย,อ่างทอง,84140
6689,840402,สุราษฎร์ธานี,เกาะสมุย,ลิปะน้อย,84140
6690,840403,สุราษฎร์ธานี,เกาะสมุย,ตลิ่งงาม,84140
6691,840404,สุราษฎร์ธานี,เกาะสมุย,หน้าเมือง,84140
6692,840405,สุราษฎร์ธานี,เกาะสมุย,มะเร็ต,84310
6693,840406,สุราษฎร์ธานี,เกาะสมุย,บ่อผุด,84320
6694,840407,สุราษฎร์ธานี,เกาะสมุย,แม่น้ำ,84330
6695,840501,สุราษฎร์ธานี,เกาะพะงัน,เกาะพะงัน,84280
6696,840502,สุราษฎร์ธานี,เกาะพะงัน,บ้านใต้,84280
6697,840503,สุราษฎร์ธานี,เกาะพะงัน,เกาะเต่า,84280
6698,840601,สุราษฎร์ธานี,ไชยา,ตลาดไชยา,84110
6699,840602,สุราษฎร์ธานี,ไชยา,พุมเรียง,84110
6700,840603,สุราษฎร์ธานี,ไชยา,เลม็ด,84110
6701,840604,สุราษฎร์ธานี,ไชยา,เวียง,84110
6702,840605,สุราษฎร์ธานี,ไชยา,ทุ่ง,84110
6703,840606,สุราษฎร์ธานี,ไชยา,ป่าเว,84110
6704,840607,สุราษฎร์ธานี,ไชยา,ตะกรบ,84110
6705,840608,สุราษฎร์ธานี,ไชยา,โมถ่าย,84110
6706,840609,สุราษฎร์ธานี,ไชยา,ปากหมาก,84110
6707,840701,สุราษฎร์ธานี,ท่าชนะ,ท่าชนะ,84170
6708,840702,สุราษฎร์ธานี,ท่าชนะ,สมอทอง,84170
6709,840703,สุราษฎร์ธานี,ท่าชนะ,ประสงค์,84170
6710,840704,สุราษฎร์ธานี,ท่าชนะ,คันธุลี,84170
6711,840705,สุราษฎร์ธานี,ท่าชนะ,วัง,84170
6712,840706,สุราษฎร์ธานี,ท่าชนะ,คลองพา,84170
6713,840801,สุราษฎร์ธานี,คีรีรัฐนิคม,ท่าขนอน,84180
6714,840802,สุราษฎร์ธานี,คีรีรัฐนิคม,บ้านยาง,84180
6715,840803,สุราษฎร์ธานี,คีรีรัฐนิคม,น้ำหัก,84180
6716,840806,สุราษฎร์ธานี,คีรีรัฐนิคม,กะเปา,84180
6717,840807,สุราษฎร์ธานี,คีรีรัฐนิคม,ท่ากระดาน,84180
6718,840808,สุราษฎร์ธานี,คีรีรัฐนิคม,ย่านยาว,84180
6719,840809,สุราษฎร์ธานี,คีรีรัฐนิคม,ถ้ำสิงขร,84180
6720,840810,สุราษฎร์ธานี,คีรีรัฐนิคม,บ้านทำเนียบ,84180
6721,840901,สุราษฎร์ธานี,บ้านตาขุน,เขาวง,84230
6722,840902,สุราษฎร์ธานี,บ้านตาขุน,พะแสง,84230
6723,840903,สุราษฎร์ธานี,บ้านตาขุน,พรุไทย,84230
6724,840904,สุราษฎร์ธานี,บ้านตาขุน,เขาพัง,84230
6725,841001,สุราษฎร์ธานี,พนม,พนม,84250
6726,841002,สุราษฎร์ธานี,พนม,ต้นยวน,84250
6727,841003,สุราษฎร์ธานี,พนม,คลองศก,84250
6728,841004,สุราษฎร์ธานี,พนม,พลูเถื่อน,84250
6729,841005,สุราษฎร์ธานี,พนม,พังกาญจน์,84250
6730,841006,สุราษฎร์ธานี,พนม,คลองชะอุ่น,84250
6731,841101,สุราษฎร์ธานี,ท่าฉาง,ท่าฉาง,84150
6732,841102,สุราษฎร์ธานี,ท่าฉาง,ท่าเคย,84150
6733,841103,สุราษฎร์ธานี,ท่าฉาง,คลองไทร,84150
6734,841104,สุราษฎร์ธานี,ท่าฉาง,เขาถ่าน,84150
6735,841105,สุราษฎร์ธานี,ท่าฉาง,เสวียด,84150
6736,841106,สุราษฎร์ธานี,ท่าฉาง,ปากฉลุย,84150
6737,841201,สุราษฎร์ธานี,บ้านนาสาร,นาสาร,84120
6738,841202,สุราษฎร์ธานี,บ้านนาสาร,พรุพี,84270
6739,841203,สุราษฎร์ธานี,บ้านนาสาร,ทุ่งเตา,84120
6740,841204,สุราษฎร์ธานี,บ้านนาสาร,ลำพูน,84120
6741,841205,สุราษฎร์ธานี,บ้านนาสาร,ท่าชี,84120
6742,841206,สุราษฎร์ธานี,บ้านนาสาร,ควนศรี,84270
6743,841207,สุราษฎร์ธานี,บ้านนาสาร,ควนสุบรรณ,84120
6744,841208,สุราษฎร์ธานี,บ้านนาสาร,คลองปราบ,84120
6745,841209,สุราษฎร์ธานี,บ้านนาสาร,น้ำพุ,84120
6746,841210,สุราษฎร์ธานี,บ้านนาสาร,ทุ่งเตาใหม่,84120
6747,841211,สุราษฎร์ธานี,บ้านนาสาร,เพิ่มพูนทรัพย์,84120
6748,841301,สุราษฎร์ธานี,บ้านนาเดิม,บ้านนา,84240
6749,841302,สุราษฎร์ธานี,บ้านนาเดิม,ท่าเรือ,84240
6750,841303,สุราษฎร์ธานี,บ้านนาเดิม,ทรัพย์ทวี,84240
6751,841304,สุราษฎร์ธานี,บ้านนาเดิม,นาใต้,84240
6752,841401,สุราษฎร์ธานี,เคียนซา,เคียนซา,84260
6753,841402,สุราษฎร์ธานี,เคียนซา,พ่วงพรมคร,84210
6754,841403,สุราษฎร์ธานี,เคียนซา,เขาตอก,84260
6755,841404,สุราษฎร์ธานี,เคียนซา,อรัญคามวารี,84260
6756,841405,สุราษฎร์ธานี,เคียนซา,บ้านเสด็จ,84260
6757,841501,สุราษฎร์ธานี,เวียงสระ,เวียงสระ,84190
6758,841502,สุราษฎร์ธานี,เวียงสระ,บ้านส้อง,84190
6759,841503,สุราษฎร์ธานี,เวียงสระ,คลองฉนวน,84190
6760,841504,สุราษฎร์ธานี,เวียงสระ,ทุ่งหลวง,84190
6761,841505,สุราษฎร์ธานี,เวียงสระ,เขานิพันธ์,84190
6762,841601,สุราษฎร์ธานี,พระแสง,อิปัน,84210
6763,841602,สุราษฎร์ธานี,พระแสง,สินปุน,84210
6764,841603,สุราษฎร์ธานี,พระแสง,บางสวรรค์,84210
6765,841604,สุราษฎร์ธานี,พระแสง,ไทรขึง,84210
6766,841605,สุราษฎร์ธานี,พระแสง,สินเจริญ,84210
6767,841606,สุราษฎร์ธานี,พระแสง,ไทรโสภา,84210
6768,841607,สุราษฎร์ธานี,พระแสง,สาคู,84210
6769,841701,สุราษฎร์ธานี,พุนพิน,ท่าข้าม,84130
6770,841702,สุราษฎร์ธานี,พุนพิน,ท่าสะท้อน,84130
6771,841703,สุราษฎร์ธานี,พุนพิน,ลีเล็ด,84130
6772,841704,สุราษฎร์ธานี,พุนพิน,บางมะเดื่อ,84130
6773,841705,สุราษฎร์ธานี,พุนพิน,บางเดือน,84130
6774,841706,สุราษฎร์ธานี,พุนพิน,ท่าโรงช้าง,84130
6775,841707,สุราษฎร์ธานี,พุนพิน,กรูด,84130
6776,841708,สุราษฎร์ธานี,พุนพิน,พุนพิน,84130
6777,841709,สุราษฎร์ธานี,พุนพิน,บางงอน,84130
6778,841710,สุราษฎร์ธานี,พุนพิน,ศรีวิชัย,84130
6779,841711,สุราษฎร์ธานี,พุนพิน,น้ำรอบ,84130
6780,841712,สุราษฎร์ธานี,พุนพิน,มะลวน,84130
6781,841713,สุราษฎร์ธานี,พุนพิน,หัวเตย,84130
6782,841714,สุราษฎร์ธานี,พุนพิน,หนองไทร,84130
6783,841715,สุราษฎร์ธานี,พุนพิน,เขาหัวควาย,84130
6784,841716,สุราษฎร์ธานี,พุนพิน,ตะปาน,84130
6785,841801,สุราษฎร์ธานี,ชัยบุรี,สองแพรก,84350
6786,841802,สุราษฎร์ธานี,ชัยบุรี,ชัยบุรี,84350
6787,841803,สุราษฎร์ธานี,ชัยบุรี,คลองน้อย,84350
6788,841804,สุราษฎร์ธานี,ชัยบุรี,ไทรทอง,84350
6789,841901,สุราษฎร์ธานี,วิภาวดี,ตะกุกใต้,84180
6790,841902,สุราษฎร์ธานี,วิภาวดี,ตะกุกเหนือ,84180
6791,850101,ระนอง,เมืองระนอง,เขานิเวศน์,85000
6792,850102,ระนอง,เมืองระนอง,ราชกรูด,85000
6793,850103,ระนอง,เมืองระนอง,หงาว,85000
6794,850104,ระนอง,เมืองระนอง,บางริ้น,85000
6795,850105,ระนอง,เมืองระนอง,ปากน้ำ,85000
6796,850106,ระนอง,เมืองระนอง,บางนอน,85000
6797,850107,ระนอง,เมืองระนอง,หาดส้มแป้น,85000
6798,850108,ระนอง,เมืองระนอง,ทรายแดง,85130
6799,850109,ระนอง,เมืองระนอง,เกาะพยาม,85000
6800,850201,ระนอง,ละอุ่น,ละอุ่นใต้,85130
6801,850202,ระนอง,ละอุ่น,ละอุ่นเหนือ,85130
6802,850203,ระนอง,ละอุ่น,บางพระใต้,85130
6803,850204,ระนอง,ละอุ่น,บางพระเหนือ,85130
6804,850205,ระนอง,ละอุ่น,บางแก้ว,85130
6805,850206,ระนอง,ละอุ่น,ในวงเหนือ,85130
6806,850207,ระนอง,ละอุ่น,ในวงใต้,85130
6807,850301,ระนอง,กะเปอร์,ม่วงกลวง,85120
6808,850302,ระนอง,กะเปอร์,กะเปอร์,85120
6809,850303,ระนอง,กะเปอร์,เชี่ยวเหลียง,85120
6810,850304,ระนอง,กะเปอร์,บ้านนา,85120
6811,850305,ระนอง,กะเปอร์,บางหิน,85120
6812,850401,ระนอง,กระบุรี,น้ำจืด,85110
6813,850402,ระนอง,กระบุรี,น้ำจืดน้อย,85110
6814,850403,ระนอง,กระบุรี,มะมุ,85110
6815,850404,ระนอง,กระบุรี,ปากจั่น,85110
6816,850405,ระนอง,กระบุรี,ลำเลียง,85110
6817,850406,ระนอง,กระบุรี,จ.ป.ร.,85110
6818,850407,ระนอง,กระบุรี,บางใหญ่,85110
6819,850501,ระนอง,สุขสำราญ,นาคา,85120
6820,850502,ระนอง,สุขสำราญ,กำพวน,85120
6821,860101,ชุมพร,เมืองชุมพร,ท่าตะเภา,86000
6822,860102,ชุมพร,เมืองชุมพร,ปากน้ำ,86120
6823,860103,ชุมพร,เมืองชุมพร,ท่ายาง,86000
6824,860104,ชุมพร,เมืองชุมพร,บางหมาก,86000
6825,860105,ชุมพร,เมืองชุมพร,นาทุ่ง,86000
6826,860106,ชุมพร,เมืองชุมพร,นาชะอัง,86000
6827,860107,ชุมพร,เมืองชุมพร,ตากแดด,86000
6828,860108,ชุมพร,เมืองชุมพร,บางลึก,86000
6829,860109,ชุมพร,เมืองชุมพร,หาดพันไกร,86000
6830,860110,ชุมพร,เมืองชุมพร,วังไผ่,86000
6831,860111,ชุมพร,เมืองชุมพร,วังใหม่,86190
6832,860112,ชุมพร,เมืองชุมพร,บ้านนา,86190
6833,860113,ชุมพร,เมืองชุมพร,ขุนกระทิง,86000
6834,860114,ชุมพร,เมืองชุมพร,ทุ่งคา,86100
6835,860115,ชุมพร,เมืองชุมพร,วิสัยเหนือ,86100
6836,860116,ชุมพร,เมืองชุมพร,หาดทรายรี,86120
6837,860117,ชุมพร,เมืองชุมพร,ถ้ำสิงห์,86100
6838,860201,ชุมพร,ท่าแซะ,ท่าแซะ,86140
6839,860202,ชุมพร,ท่าแซะ,คุริง,86140
6840,860203,ชุมพร,ท่าแซะ,สลุย,86140
6841,860204,ชุมพร,ท่าแซะ,นากระตาม,86140
6842,860205,ชุมพร,ท่าแซะ,รับร่อ,86190
6843,860206,ชุมพร,ท่าแซะ,ท่าข้าม,86140
6844,860207,ชุมพร,ท่าแซะ,หงษ์เจริญ,86140
6845,860208,ชุมพร,ท่าแซะ,หินแก้ว,86190
6846,860209,ชุมพร,ท่าแซะ,ทรัพย์อนันต์,86140
6847,860210,ชุมพร,ท่าแซะ,สองพี่น้อง,86140
6848,860301,ชุมพร,ปะทิว,บางสน,86160
6849,860302,ชุมพร,ปะทิว,ทะเลทรัพย์,86160
6850,860303,ชุมพร,ปะทิว,สะพลี,86230
6851,860304,ชุมพร,ปะทิว,ชุมโค,86160
6852,860305,ชุมพร,ปะทิว,ดอนยาง,86210
6853,860306,ชุมพร,ปะทิว,ปากคลอง,86210
6854,860307,ชุมพร,ปะทิว,เขาไชยราช,86210
6855,860401,ชุมพร,หลังสวน,หลังสวน,86110
6856,860402,ชุมพร,หลังสวน,ขันเงิน,86110
6857,860403,ชุมพร,หลังสวน,ท่ามะพลา,86110
6858,860404,ชุมพร,หลังสวน,นาขา,86110
6859,860405,ชุมพร,หลังสวน,นาพญา,86110
6860,860406,ชุมพร,หลังสวน,บ้านควน,86110
6861,860407,ชุมพร,หลังสวน,บางมะพร้าว,86110
6862,860408,ชุมพร,หลังสวน,บางน้ำจืด,86150
6863,860409,ชุมพร,หลังสวน,ปากน้ำ,86150
6864,860410,ชุมพร,หลังสวน,พ้อแดง,86110
6865,860411,ชุมพร,หลังสวน,แหลมทราย,86110
6866,860412,ชุมพร,หลังสวน,วังตะกอ,86110
6867,860413,ชุมพร,หลังสวน,หาดยาย,86110
6868,860501,ชุมพร,ละแม,ละแม,86170
6869,860502,ชุมพร,ละแม,ทุ่งหลวง,86170
6870,860503,ชุมพร,ละแม,สวนแตง,86170
6871,860504,ชุมพร,ละแม,ทุ่งคาวัด,86170
6872,860601,ชุมพร,พะโต๊ะ,พะโต๊ะ,86180
6873,860602,ชุมพร,พะโต๊ะ,ปากทรง,86180
6874,860603,ชุมพร,พะโต๊ะ,ปังหวาน,86180
6875,860604,ชุมพร,พะโต๊ะ,พระรักษ์,86180
6876,860701,ชุมพร,สวี,นาโพธิ์,86130
6877,860702,ชุมพร,สวี,สวี,86130
6878,860703,ชุมพร,สวี,ทุ่งระยะ,86130
6879,860704,ชุมพร,สวี,ท่าหิน,86130
6880,860705,ชุมพร,สวี,ปากแพรก,86130
6881,860706,ชุมพร,สวี,ด่านสวี,86130
6882,860707,ชุมพร,สวี,ครน,86130
6883,860708,ชุมพร,สวี,วิสัยใต้,86130
6884,860709,ชุมพร,สวี,นาสัก,86130
6885,860710,ชุมพร,สวี,เขาทะลุ,86130
6886,860711,ชุมพร,สวี,เขาค่าย,86130
6887,860801,ชุมพร,ทุ่งตะโก,ปากตะโก,86220
6888,860802,ชุมพร,ทุ่งตะโก,ทุ่งตะไคร,86220
6889,860803,ชุมพร,ทุ่งตะโก,ตะโก,86220
6890,860804,ชุมพร,ทุ่งตะโก,ช่องไม้แก้ว,86220
6891,900101,สงขลา,เมืองสงขลา,บ่อยาง,90000
6892,900102,สงขลา,เมืองสงขลา,เขารูปช้าง,90000
6893,900103,สงขลา,เมืองสงขลา,เกาะแต้ว,90000
6894,900104,สงขลา,เมืองสงขลา,พะวง,90100
6895,900105,สงขลา,เมืองสงขลา,ทุ่งหวัง,90000
6896,900106,สงขลา,เมืองสงขลา,เกาะยอ,90100
6897,900201,สงขลา,สทิงพระ,จะทิ้งพระ,90190
6898,900202,สงขลา,สทิงพระ,กระดังงา,90190
6899,900203,สงขลา,สทิงพระ,สนามชัย,90190
6900,900204,สงขลา,สทิงพระ,ดีหลวง,90190
6901,900205,สงขลา,สทิงพระ,ชุมพล,90190
6902,900206,สงขลา,สทิงพระ,คลองรี,90190
6903,900207,สงขลา,สทิงพระ,คูขุด,90190
6904,900208,สงขลา,สทิงพระ,ท่าหิน,90190
6905,900209,สงขลา,สทิงพระ,วัดจันทร์,90190
6906,900210,สงขลา,สทิงพระ,บ่อแดง,90190
6907,900211,สงขลา,สทิงพระ,บ่อดาน,90190
6908,900301,สงขลา,จะนะ,บ้านนา,90130
6909,900302,สงขลา,จะนะ,ป่าชิง,90130
6910,900303,สงขลา,จะนะ,สะพานไม้แก่น,90130
6911,900304,สงขลา,จะนะ,สะกอม,90130
6912,900305,สงขลา,จะนะ,นาหว้า,90130
6913,900306,สงขลา,จะนะ,นาทับ,90130
6914,900307,สงขลา,จะนะ,น้ำขาว,90130
6915,900308,สงขลา,จะนะ,ขุนตัดหวาย,90130
6916,900309,สงขลา,จะนะ,ท่าหมอไทร,90130
6917,900310,สงขลา,จะนะ,จะโหนง,90130
6918,900311,สงขลา,จะนะ,คู,90130
6919,900312,สงขลา,จะนะ,แค,90130
6920,900313,สงขลา,จะนะ,คลองเปียะ,90130
6921,900314,สงขลา,จะนะ,ตลิ่งชัน,90130
6922,900401,สงขลา,นาทวี,นาทวี,90160
6923,900402,สงขลา,นาทวี,ฉาง,90160
6924,900403,สงขลา,นาทวี,นาหมอศรี,90160
6925,900404,สงขลา,นาทวี,คลองทราย,90160
6926,900405,สงขลา,นาทวี,ปลักหนู,90160
6927,900406,สงขลา,นาทวี,ท่าประดู่,90160
6928,900407,สงขลา,นาทวี,สะท้อน,90160
6929,900408,สงขลา,นาทวี,ทับช้าง,90160
6930,900409,สงขลา,นาทวี,ประกอบ,90160
6931,900410,สงขลา,นาทวี,คลองกวาง,90160
6932,900501,สงขลา,เทพา,เทพา,90150
6933,900502,สงขลา,เทพา,ปากบาง,90150
6934,900503,สงขลา,เทพา,เกาะสะบ้า,90150
6935,900504,สงขลา,เทพา,ลำไพล,90260
6936,900505,สงขลา,เทพา,ท่าม่วง,90260
6937,900506,สงขลา,เทพา,วังใหญ่,90260
6938,900507,สงขลา,เทพา,สะกอม,90150
6939,900601,สงขลา,สะบ้าย้อย,สะบ้าย้อย,90210
6940,900602,สงขลา,สะบ้าย้อย,ทุ่งพอ,90210
6941,900603,สงขลา,สะบ้าย้อย,เปียน,90210
6942,900604,สงขลา,สะบ้าย้อย,บ้านโหนด,90210
6943,900605,สงขลา,สะบ้าย้อย,จะแหน,90210
6944,900606,สงขลา,สะบ้าย้อย,คูหา,90210
6945,900607,สงขลา,สะบ้าย้อย,เขาแดง,90210
6946,900608,สงขลา,สะบ้าย้อย,บาโหย,90210
6947,900609,สงขลา,สะบ้าย้อย,ธารคีรี,90210
6948,900701,สงขลา,ระโนด,ระโนด,90140
6949,900702,สงขลา,ระโนด,คลองแดน,90140
6950,900703,สงขลา,ระโนด,ตะเครียะ,90140
6951,900704,สงขลา,ระโนด,ท่าบอน,90140
6952,900705,สงขลา,ระโนด,บ้านใหม่,90140
6953,900706,สงขลา,ระโนด,บ่อตรุ,90140
6954,900707,สงขลา,ระโนด,ปากแตระ,90140
6955,900708,สงขลา,ระโนด,พังยาง,90140
6956,900709,สงขลา,ระโนด,ระวะ,90140
6957,900710,สงขลา,ระโนด,วัดสน,90140
6958,900711,สงขลา,ระโนด,บ้านขาว,90140
6959,900712,สงขลา,ระโนด,แดนสงวน,90140
6960,900801,สงขลา,กระแสสินธุ์,เกาะใหญ่,90270
6961,900802,สงขลา,กระแสสินธุ์,โรง,90270
6962,900803,สงขลา,กระแสสินธุ์,เชิงแส,90270
6963,900804,สงขลา,กระแสสินธุ์,กระแสสินธุ์,90270
6964,900901,สงขลา,รัตภูมิ,กำแพงเพชร,90180
6965,900902,สงขลา,รัตภูมิ,ท่าชะมวง,90180
6966,900903,สงขลา,รัตภูมิ,คูหาใต้,90180
6967,900904,สงขลา,รัตภูมิ,ควนรู,90180
6968,900909,สงขลา,รัตภูมิ,เขาพระ,90180
6969,901001,สงขลา,สะเดา,สะเดา,90120
6970,901002,สงขลา,สะเดา,ปริก,90120
6971,901003,สงขลา,สะเดา,พังลา,90170
6972,901004,สงขลา,สะเดา,สำนักแต้ว,90120
6973,901005,สงขลา,สะเดา,ทุ่งหมอ,90240
6974,901006,สงขลา,สะเดา,ท่าโพธิ์,90170
6975,901007,สงขลา,สะเดา,ปาดังเบซาร์,90240
6976,901008,สงขลา,สะเดา,สำนักขาม,90320
6977,901009,สงขลา,สะเดา,เขามีเกียรติ,90170
6978,901101,สงขลา,หาดใหญ่,หาดใหญ่,90110
6979,901102,สงขลา,หาดใหญ่,ควนลัง,90110
6980,901103,สงขลา,หาดใหญ่,คูเต่า,90110
6981,901104,สงขลา,หาดใหญ่,คอหงส์,90110
6982,901105,สงขลา,หาดใหญ่,คลองแห,90110
6983,901107,สงขลา,หาดใหญ่,คลองอู่ตะเภา,90110
6984,901108,สงขลา,หาดใหญ่,ฉลุง,90110
6985,901111,สงขลา,หาดใหญ่,ทุ่งใหญ่,90110
6986,901112,สงขลา,หาดใหญ่,ทุ่งตำเสา,90110
6987,901113,สงขลา,หาดใหญ่,ท่าข้าม,90110
6988,901114,สงขลา,หาดใหญ่,น้ำน้อย,90110
6989,901116,สงขลา,หาดใหญ่,บ้านพรุ,90250
6990,901118,สงขลา,หาดใหญ่,พะตง,90230
6991,901201,สงขลา,นาหม่อม,นาหม่อม,90310
6992,901202,สงขลา,นาหม่อม,พิจิตร,90310
6993,901203,สงขลา,นาหม่อม,ทุ่งขมิ้น,90310
6994,901204,สงขลา,นาหม่อม,คลองหรัง,90310
6995,901301,สงขลา,ควนเนียง,รัตภูมิ,90220
6996,901302,สงขลา,ควนเนียง,ควนโส,90220
6997,901303,สงขลา,ควนเนียง,ห้วยลึก,90220
6998,901304,สงขลา,ควนเนียง,บางเหรียง,90220
6999,901401,สงขลา,บางกล่ำ,บางกล่ำ,90110
7000,901402,สงขลา,บางกล่ำ,ท่าช้าง,90110
7001,901403,สงขลา,บางกล่ำ,แม่ทอม,90110
7002,901404,สงขลา,บางกล่ำ,บ้านหาร,90110
7003,901501,สงขลา,สิงหนคร,ชิงโค,90280
7004,901502,สงขลา,สิงหนคร,สทิงหม้อ,90280
7005,901503,สงขลา,สิงหนคร,ทำนบ,90280
7006,901504,สงขลา,สิงหนคร,รำแดง,90330
7007,901505,สงขลา,สิงหนคร,วัดขนุน,90330
7008,901506,สงขลา,สิงหนคร,ชะแล้,90330
7009,901507,สงขลา,สิงหนคร,ปากรอ,90330
7010,901508,สงขลา,สิงหนคร,ป่าขาด,90330
7011,901509,สงขลา,สิงหนคร,หัวเขา,90280
7012,901510,สงขลา,สิงหนคร,บางเขียด,90330
7013,901511,สงขลา,สิงหนคร,ม่วงงาม,90330
7014,901601,สงขลา,คลองหอยโข่ง,คลองหอยโข่ง,90230
7015,901602,สงขลา,คลองหอยโข่ง,ทุ่งลาน,90230
7016,901603,สงขลา,คลองหอยโข่ง,โคกม่วง,90230
7017,901604,สงขลา,คลองหอยโข่ง,คลองหลา,90115
7018,910101,สตูล,เมืองสตูล,พิมาน,91000
7019,910102,สตูล,เมืองสตูล,คลองขุด,91000
7020,910103,สตูล,เมืองสตูล,ควนขัน,91000
7021,910104,สตูล,เมืองสตูล,บ้านควน,91140
7022,910105,สตูล,เมืองสตูล,ฉลุง,91140
7023,910106,สตูล,เมืองสตูล,เกาะสาหร่าย,91000
7024,910107,สตูล,เมืองสตูล,ตันหยงโป,91000
7025,910108,สตูล,เมืองสตูล,เจ๊ะบิลัง,91000
7026,910109,สตูล,เมืองสตูล,ตำมะลัง,91000
7027,910110,สตูล,เมืองสตูล,ปูยู,91000
7028,910111,สตูล,เมืองสตูล,ควนโพธิ์,91140
7029,910112,สตูล,เมืองสตูล,เกตรี,91140
7030,910201,สตูล,ควนโดน,ควนโดน,91160
7031,910202,สตูล,ควนโดน,ควนสตอ,91160
7032,910203,สตูล,ควนโดน,ย่านซื่อ,91160
7033,910204,สตูล,ควนโดน,วังประจัน,91160
7034,910301,สตูล,ควนกาหลง,ทุ่งนุ้ย,91130
7035,910302,สตูล,ควนกาหลง,ควนกาหลง,91130
7036,910303,สตูล,ควนกาหลง,อุใดเจริญ,91130
7037,910401,สตูล,ท่าแพ,ท่าแพ,91150
7038,910402,สตูล,ท่าแพ,แป-ระ,91150
7039,910403,สตูล,ท่าแพ,สาคร,91150
7040,910404,สตูล,ท่าแพ,ท่าเรือ,91150
7041,910501,สตูล,ละงู,กำแพง,91110
7042,910502,สตูล,ละงู,ละงู,91110
7043,910503,สตูล,ละงู,เขาขาว,91110
7044,910504,สตูล,ละงู,ปากน้ำ,91110
7045,910505,สตูล,ละงู,น้ำผุด,91110
7046,910506,สตูล,ละงู,แหลมสน,91110
7047,910601,สตูล,ทุ่งหว้า,ทุ่งหว้า,91120
7048,910602,สตูล,ทุ่งหว้า,นาทอน,91120
7049,910603,สตูล,ทุ่งหว้า,ขอนคลาน,91120
7050,910604,สตูล,ทุ่งหว้า,ทุ่งบุหลัง,91120
7051,910605,สตูล,ทุ่งหว้า,ป่าแก่บ่อหิน,91120
7052,910701,สตูล,มะนัง,ปาล์มพัฒนา,91130
7053,910702,สตูล,มะนัง,นิคมพัฒนา,91130
7054,920101,ตรัง,เมืองตรัง,ทับเที่ยง,92000
7055,920104,ตรัง,เมืองตรัง,นาพละ,92000
7056,920105,ตรัง,เมืองตรัง,บ้านควน,92000
7057,920106,ตรัง,เมืองตรัง,นาบินหลา,92000
7058,920107,ตรัง,เมืองตรัง,ควนปริง,92000
7059,920108,ตรัง,เมืองตรัง,นาโยงใต้,92170
7060,920109,ตรัง,เมืองตรัง,บางรัก,92000
7061,920110,ตรัง,เมืองตรัง,โคกหล่อ,92000
7062,920113,ตรัง,เมืองตรัง,นาโต๊ะหมิง,92000
7063,920114,ตรัง,เมืองตรัง,หนองตรุด,92000
7064,920115,ตรัง,เมืองตรัง,น้ำผุด,92000
7065,920117,ตรัง,เมืองตรัง,นาตาล่วง,92000
7066,920118,ตรัง,เมืองตรัง,บ้านโพธิ์,92000
7067,920119,ตรัง,เมืองตรัง,นาท่ามเหนือ,92190
7068,920120,ตรัง,เมืองตรัง,นาท่ามใต้,92190
7069,920201,ตรัง,กันตัง,กันตัง,92110
7070,920202,ตรัง,กันตัง,ควนธานี,92110
7071,920203,ตรัง,กันตัง,บางหมาก,92110
7072,920204,ตรัง,กันตัง,บางเป้า,92110
7073,920205,ตรัง,กันตัง,วังวน,92110
7074,920206,ตรัง,กันตัง,กันตังใต้,92110
7075,920207,ตรัง,กันตัง,โคกยาง,92110
7076,920208,ตรัง,กันตัง,คลองลุ,92110
7077,920209,ตรัง,กันตัง,ย่านซื่อ,92110
7078,920210,ตรัง,กันตัง,บ่อน้ำร้อน,92110
7079,920211,ตรัง,กันตัง,บางสัก,92110
7080,920212,ตรัง,กันตัง,นาเกลือ,92110
7081,920213,ตรัง,กันตัง,เกาะลิบง,92110
7082,920214,ตรัง,กันตัง,คลองชีล้อม,92110
7083,920301,ตรัง,ย่านตาขาว,ย่านตาขาว,92140
7084,920302,ตรัง,ย่านตาขาว,หนองบ่อ,92140
7085,920303,ตรัง,ย่านตาขาว,นาชุมเห็ด,92140
7086,920304,ตรัง,ย่านตาขาว,ในควน,92140
7087,920305,ตรัง,ย่านตาขาว,โพรงจระเข้,92140
7088,920306,ตรัง,ย่านตาขาว,ทุ่งกระบือ,92140
7089,920307,ตรัง,ย่านตาขาว,ทุ่งค่าย,92140
7090,920308,ตรัง,ย่านตาขาว,เกาะเปียะ,92140
7091,920401,ตรัง,ปะเหลียน,ท่าข้าม,92120
7092,920402,ตรัง,ปะเหลียน,ทุ่งยาว,92180
7093,920403,ตรัง,ปะเหลียน,ปะเหลียน,92180
7094,920404,ตรัง,ปะเหลียน,บางด้วน,92140
7095,920407,ตรัง,ปะเหลียน,บ้านนา,92140
7096,920409,ตรัง,ปะเหลียน,สุโสะ,92120
7097,920410,ตรัง,ปะเหลียน,ลิพัง,92180
7098,920411,ตรัง,ปะเหลียน,เกาะสุกร,92120
7099,920412,ตรัง,ปะเหลียน,ท่าพญา,92140
7100,920413,ตรัง,ปะเหลียน,แหลมสอม,92180
7101,920501,ตรัง,สิเกา,บ่อหิน,92150
7102,920502,ตรัง,สิเกา,เขาไม้แก้ว,92150
7103,920503,ตรัง,สิเกา,กะลาเส,92150
7104,920504,ตรัง,สิเกา,ไม้ฝาด,92150
7105,920505,ตรัง,สิเกา,นาเมืองเพชร,92000
7106,920601,ตรัง,ห้วยยอด,ห้วยยอด,92130
7107,920602,ตรัง,ห้วยยอด,หนองช้างแล่น,92130
7108,920605,ตรัง,ห้วยยอด,บางดี,92210
7109,920606,ตรัง,ห้วยยอด,บางกุ้ง,92210
7110,920607,ตรัง,ห้วยยอด,เขากอบ,92130
7111,920608,ตรัง,ห้วยยอด,เขาขาว,92130
7112,920609,ตรัง,ห้วยยอด,เขาปูน,92130
7113,920610,ตรัง,ห้วยยอด,ปากแจ่ม,92190
7114,920611,ตรัง,ห้วยยอด,ปากคม,92130
7115,920614,ตรัง,ห้วยยอด,ท่างิ้ว,92130
7116,920615,ตรัง,ห้วยยอด,ลำภูรา,92190
7117,920616,ตรัง,ห้วยยอด,นาวง,92210
7118,920617,ตรัง,ห้วยยอด,ห้วยนาง,92130
7119,920619,ตรัง,ห้วยยอด,ในเตา,92130
7120,920620,ตรัง,ห้วยยอด,ทุ่งต่อ,92130
7121,920621,ตรัง,ห้วยยอด,วังคีรี,92210
7122,920701,ตรัง,วังวิเศษ,เขาวิเศษ,92220
7123,920702,ตรัง,วังวิเศษ,วังมะปราง,92220
7124,920703,ตรัง,วังวิเศษ,อ่าวตง,92220
7125,920704,ตรัง,วังวิเศษ,ท่าสะบ้า,92000
7126,920705,ตรัง,วังวิเศษ,วังมะปรางเหนือ,92220
7127,920801,ตรัง,นาโยง,นาโยงเหนือ,92170
7128,920802,ตรัง,นาโยง,ช่อง,92170
7129,920803,ตรัง,นาโยง,ละมอ,92170
7130,920804,ตรัง,นาโยง,โคกสะบ้า,92170
7131,920805,ตรัง,นาโยง,นาหมื่นศรี,92170
7132,920806,ตรัง,นาโยง,นาข้าวเสีย,92170
7133,920901,ตรัง,รัษฎา,ควนเมา,92160
7134,920902,ตรัง,รัษฎา,คลองปาง,92160
7135,920903,ตรัง,รัษฎา,หนองบัว,92160
7136,920904,ตรัง,รัษฎา,หนองปรือ,92130
7137,920905,ตรัง,รัษฎา,เขาไพร,92160
7138,921001,ตรัง,หาดสำราญ,หาดสำราญ,92120
7139,921002,ตรัง,หาดสำราญ,บ้าหวี,92120
7140,921003,ตรัง,หาดสำราญ,ตะเสะ,92120
7141,930101,พัทลุง,เมืองพัทลุง,คูหาสวรรค์,93000
7142,930103,พัทลุง,เมืองพัทลุง,เขาเจียก,93000
7143,930104,พัทลุง,เมืองพัทลุง,ท่ามิหรำ,93000
7144,930105,พัทลุง,เมืองพัทลุง,โคกชะงาย,93000
7145,930106,พัทลุง,เมืองพัทลุง,นาท่อม,93000
7146,930107,พัทลุง,เมืองพัทลุง,ปรางหมู่,93000
7147,930108,พัทลุง,เมืองพัทลุง,ท่าแค,93000
7148,930109,พัทลุง,เมืองพัทลุง,ลำปำ,93000
7149,930110,พัทลุง,เมืองพัทลุง,ตำนาน,93000
7150,930111,พัทลุง,เมืองพัทลุง,ควนมะพร้าว,93000
7151,930112,พัทลุง,เมืองพัทลุง,ร่มเมือง,93000
7152,930113,พัทลุง,เมืองพัทลุง,ชัยบุรี,93000
7153,930114,พัทลุง,เมืองพัทลุง,นาโหนด,93000
7154,930115,พัทลุง,เมืองพัทลุง,พญาขัน,93000
7155,930201,พัทลุง,กงหรา,กงหรา,93180
7156,930202,พัทลุง,กงหรา,ชะรัด,93000
7157,930203,พัทลุง,กงหรา,คลองเฉลิม,93180
7158,930204,พัทลุง,กงหรา,คลองทรายขาว,93180
7159,930205,พัทลุง,กงหรา,สมหวัง,93000
7160,930301,พัทลุง,เขาชัยสน,เขาชัยสน,93130
7161,930302,พัทลุง,เขาชัยสน,ควนขนุน,93130
7162,930305,พัทลุง,เขาชัยสน,จองถนน,93130
7163,930306,พัทลุง,เขาชัยสน,หานโพธิ์,93130
7164,930307,พัทลุง,เขาชัยสน,โคกม่วง,93130
7165,930401,พัทลุง,ตะโหมด,แม่ขรี,93160
7166,930402,พัทลุง,ตะโหมด,ตะโหมด,93160
7167,930403,พัทลุง,ตะโหมด,คลองใหญ่,93160
7168,930501,พัทลุง,ควนขนุน,ควนขนุน,93110
7169,930502,พัทลุง,ควนขนุน,ทะเลน้อย,93150
7170,930504,พัทลุง,ควนขนุน,นาขยาด,93110
7171,930505,พัทลุง,ควนขนุน,พนมวังก์,93110
7172,930506,พัทลุง,ควนขนุน,แหลมโตนด,93110
7173,930508,พัทลุง,ควนขนุน,ปันแต,93110
7174,930509,พัทลุง,ควนขนุน,โตนดด้วน,93110
7175,930510,พัทลุง,ควนขนุน,ดอนทราย,93110
7176,930511,พัทลุง,ควนขนุน,มะกอกเหนือ,93150
7177,930512,พัทลุง,ควนขนุน,พนางตุง,93150
7178,930513,พัทลุง,ควนขนุน,ชะมวง,93110
7179,930516,พัทลุง,ควนขนุน,แพรกหา,93110
7180,930601,พัทลุง,ปากพะยูน,ปากพะยูน,93120
7181,930602,พัทลุง,ปากพะยูน,ดอนประดู่,93120
7182,930603,พัทลุง,ปากพะยูน,เกาะนางคำ,93120
7183,930604,พัทลุง,ปากพะยูน,เกาะหมาก,93120
7184,930605,พัทลุง,ปากพะยูน,ฝาละมี,93120
7185,930606,พัทลุง,ปากพะยูน,หารเทา,93120
7186,930607,พัทลุง,ปากพะยูน,ดอนทราย,93120
7187,930701,พัทลุง,ศรีบรรพต,เขาย่า,93190
7188,930702,พัทลุง,ศรีบรรพต,เขาปู่,93190
7189,930703,พัทลุง,ศรีบรรพต,ตะแพน,93190
7190,930801,พัทลุง,ป่าบอน,ป่าบอน,93170
7191,930802,พัทลุง,ป่าบอน,โคกทราย,93170
7192,930803,พัทลุง,ป่าบอน,หนองธง,93170
7193,930804,พัทลุง,ป่าบอน,ทุ่งนารี,93170
7194,930806,พัทลุง,ป่าบอน,วังใหม่,93170
7195,930901,พัทลุง,บางแก้ว,ท่ามะเดื่อ,93140
7196,930902,พัทลุง,บางแก้ว,นาปะขอ,93140
7197,930903,พัทลุง,บางแก้ว,โคกสัก,93140
7198,931001,พัทลุง,ป่าพะยอม,ป่าพะยอม,93110
7199,931002,พัทลุง,ป่าพะยอม,ลานข่อย,93110
7200,931003,พัทลุง,ป่าพะยอม,เกาะเต่า,93110
7201,931004,พัทลุง,ป่าพะยอม,บ้านพร้าว,93110
7202,931101,พัทลุง,ศรีนครินทร์,ชุมพล,93000
7203,931102,พัทลุง,ศรีนครินทร์,บ้านนา,93000
7204,931103,พัทลุง,ศรีนครินทร์,อ่างทอง,93000
7205,931104,พัทลุง,ศรีนครินทร์,ลำสินธุ์,93000
7206,940101,ปัตตานี,เมืองปัตตานี,สะบารัง,94000
7207,940102,ปัตตานี,เมืองปัตตานี,อาเนาะรู,94000
7208,940103,ปัตตานี,เมืองปัตตานี,จะบังติกอ,94000
7209,940104,ปัตตานี,เมืองปัตตานี,บานา,94000
7210,940105,ปัตตานี,เมืองปัตตานี,ตันหยงลุโละ,94000
7211,940106,ปัตตานี,เมืองปัตตานี,คลองมานิง,94000
7212,940107,ปัตตานี,เมืองปัตตานี,กะมิยอ,94000
7213,940108,ปัตตานี,เมืองปัตตานี,บาราโหม,94000
7214,940109,ปัตตานี,เมืองปัตตานี,ปะกาฮะรัง,94000
7215,940110,ปัตตานี,เมืองปัตตานี,รูสะมิแล,94000
7216,940111,ปัตตานี,เมืองปัตตานี,ตะลุโบะ,94000
7217,940112,ปัตตานี,เมืองปัตตานี,บาราเฮาะ,94000
7218,940113,ปัตตานี,เมืองปัตตานี,ปุยุด,94000
7219,940201,ปัตตานี,โคกโพธิ์,โคกโพธิ์,94120
7220,940202,ปัตตานี,โคกโพธิ์,มะกรูด,94120
7221,940203,ปัตตานี,โคกโพธิ์,บางโกระ,94120
7222,940204,ปัตตานี,โคกโพธิ์,ป่าบอน,94120
7223,940205,ปัตตานี,โคกโพธิ์,ทรายขาว,94120
7224,940206,ปัตตานี,โคกโพธิ์,นาประดู่,94180
7225,940207,ปัตตานี,โคกโพธิ์,ปากล่อ,94180
7226,940208,ปัตตานี,โคกโพธิ์,ทุ่งพลา,94180
7227,940211,ปัตตานี,โคกโพธิ์,ท่าเรือ,94120
7228,940213,ปัตตานี,โคกโพธิ์,นาเกตุ,94120
7229,940214,ปัตตานี,โคกโพธิ์,ควนโนรี,94180
7230,940215,ปัตตานี,โคกโพธิ์,ช้างให้ตก,94120
7231,940301,ปัตตานี,หนองจิก,เกาะเปาะ,94170
7232,940302,ปัตตานี,หนองจิก,คอลอตันหยง,94170
7233,940303,ปัตตานี,หนองจิก,ดอนรัก,94170
7234,940304,ปัตตานี,หนองจิก,ดาโต๊ะ,94170
7235,940305,ปัตตานี,หนองจิก,ตุยง,94170
7236,940306,ปัตตานี,หนองจิก,ท่ากำชำ,94170
7237,940307,ปัตตานี,หนองจิก,บ่อทอง,94170
7238,940308,ปัตตานี,หนองจิก,บางเขา,94170
7239,940309,ปัตตานี,หนองจิก,บางตาวา,94170
7240,940310,ปัตตานี,หนองจิก,ปุโละปุโย,94170
7241,940311,ปัตตานี,หนองจิก,ยาบี,94170
7242,940312,ปัตตานี,หนองจิก,ลิปะสะโง,94170
7243,940401,ปัตตานี,ปะนาเระ,ปะนาเระ,94130
7244,940402,ปัตตานี,ปะนาเระ,ท่าข้าม,94130
7245,940403,ปัตตานี,ปะนาเระ,บ้านนอก,94130
7246,940404,ปัตตานี,ปะนาเระ,ดอน,94130
7247,940405,ปัตตานี,ปะนาเระ,ควน,94190
7248,940406,ปัตตานี,ปะนาเระ,ท่าน้ำ,94130
7249,940407,ปัตตานี,ปะนาเระ,คอกกระบือ,94130
7250,940408,ปัตตานี,ปะนาเระ,พ่อมิ่ง,94130
7251,940409,ปัตตานี,ปะนาเระ,บ้านกลาง,94130
7252,940410,ปัตตานี,ปะนาเระ,บ้านน้ำบ่อ,94130
7253,940501,ปัตตานี,มายอ,มายอ,94140
7254,940502,ปัตตานี,มายอ,ถนน,94140
7255,940503,ปัตตานี,มายอ,ตรัง,94140
7256,940504,ปัตตานี,มายอ,กระหวะ,94140
7257,940505,ปัตตานี,มายอ,ลุโบะยิไร,94140
7258,940506,ปัตตานี,มายอ,ลางา,94190
7259,940507,ปัตตานี,มายอ,กระเสาะ,94140
7260,940508,ปัตตานี,มายอ,เกาะจัน,94140
7261,940509,ปัตตานี,มายอ,ปะโด,94140
7262,940510,ปัตตานี,มายอ,สาคอบน,94140
7263,940511,ปัตตานี,มายอ,สาคอใต้,94140
7264,940512,ปัตตานี,มายอ,สะกำ,94140
7265,940513,ปัตตานี,มายอ,ปานัน,94140
7266,940601,ปัตตานี,ทุ่งยางแดง,ตะโละแมะนา,94140
7267,940602,ปัตตานี,ทุ่งยางแดง,พิเทน,94140
7268,940603,ปัตตานี,ทุ่งยางแดง,น้ำดำ,94140
7269,940604,ปัตตานี,ทุ่งยางแดง,ปากู,94140
7270,940701,ปัตตานี,สายบุรี,ตะลุบัน,94110
7271,940702,ปัตตานี,สายบุรี,ตะบิ้ง,94110
7272,940703,ปัตตานี,สายบุรี,ปะเสยะวอ,94110
7273,940704,ปัตตานี,สายบุรี,บางเก่า,94110
7274,940705,ปัตตานี,สายบุรี,บือเระ,94110
7275,940706,ปัตตานี,สายบุรี,เตราะบอน,94110
7276,940707,ปัตตานี,สายบุรี,กะดุนง,94110
7277,940708,ปัตตานี,สายบุรี,ละหาร,94110
7278,940709,ปัตตานี,สายบุรี,มะนังดาลำ,94110
7279,940710,ปัตตานี,สายบุรี,แป้น,94110
7280,940711,ปัตตานี,สายบุรี,ทุ่งคล้า,94190
7281,940801,ปัตตานี,ไม้แก่น,ไทรทอง,94220
7282,940802,ปัตตานี,ไม้แก่น,ไม้แก่น,94220
7283,940803,ปัตตานี,ไม้แก่น,ตะโละไกรทอง,94220
7284,940804,ปัตตานี,ไม้แก่น,ดอนทราย,94220
7285,940901,ปัตตานี,ยะหริ่ง,ตะโละ,94150
7286,940902,ปัตตานี,ยะหริ่ง,ตะโละกาโปร์,94150
7287,940903,ปัตตานี,ยะหริ่ง,ตันหยงดาลอ,94150
7288,940904,ปัตตานี,ยะหริ่ง,ตันหยงจึงงา,94190
7289,940905,ปัตตานี,ยะหริ่ง,ตอหลัง,94150
7290,940906,ปัตตานี,ยะหริ่ง,ตาแกะ,94150
7291,940907,ปัตตานี,ยะหริ่ง,ตาลีอายร์,94150
7292,940908,ปัตตานี,ยะหริ่ง,ยามู,94150
7293,940909,ปัตตานี,ยะหริ่ง,บางปู,94150
7294,940910,ปัตตานี,ยะหริ่ง,หนองแรต,94150
7295,940911,ปัตตานี,ยะหริ่ง,ปิยามุมัง,94150
7296,940912,ปัตตานี,ยะหริ่ง,ปุลากง,94150
7297,940913,ปัตตานี,ยะหริ่ง,บาโลย,94190
7298,940914,ปัตตานี,ยะหริ่ง,สาบัน,94150
7299,940915,ปัตตานี,ยะหริ่ง,มะนังยง,94150
7300,940916,ปัตตานี,ยะหริ่ง,ราตาปันยัง,94150
7301,940917,ปัตตานี,ยะหริ่ง,จะรัง,94150
7302,940918,ปัตตานี,ยะหริ่ง,แหลมโพธิ์,94150
7303,941001,ปัตตานี,ยะรัง,ยะรัง,94160
7304,941002,ปัตตานี,ยะรัง,สะดาวา,94160
7305,941003,ปัตตานี,ยะรัง,ประจัน,94160
7306,941004,ปัตตานี,ยะรัง,สะนอ,94160
7307,941005,ปัตตานี,ยะรัง,ระแว้ง,94160
7308,941006,ปัตตานี,ยะรัง,ปิตูมุดี,94160
7309,941007,ปัตตานี,ยะรัง,วัด,94160
7310,941008,ปัตตานี,ยะรัง,กระโด,94160
7311,941009,ปัตตานี,ยะรัง,คลองใหม่,94160
7312,941010,ปัตตานี,ยะรัง,เมาะมาวี,94160
7313,941011,ปัตตานี,ยะรัง,กอลำ,94160
7314,941012,ปัตตานี,ยะรัง,เขาตูม,94160
7315,941101,ปัตตานี,กะพ้อ,กะรุบี,94230
7316,941102,ปัตตานี,กะพ้อ,ตะโละดือรามัน,94230
7317,941103,ปัตตานี,กะพ้อ,ปล่องหอย,94230
7318,941201,ปัตตานี,แม่ลาน,แม่ลาน,94180
7319,941202,ปัตตานี,แม่ลาน,ม่วงเตี้ย,94180
7320,941203,ปัตตานี,แม่ลาน,ป่าไร่,94180
7321,950101,ยะลา,เมืองยะลา,สะเตง,95000
7322,950102,ยะลา,เมืองยะลา,บุดี,95000
7323,950103,ยะลา,เมืองยะลา,ยุโป,95000
7324,950104,ยะลา,เมืองยะลา,ลิดล,95160
7325,950106,ยะลา,เมืองยะลา,ยะลา,95000
7326,950108,ยะลา,เมืองยะลา,ท่าสาป,95000
7327,950109,ยะลา,เมืองยะลา,ลำใหม่,95160
7328,950110,ยะลา,เมืองยะลา,หน้าถ้ำ,95000
7329,950111,ยะลา,เมืองยะลา,ลำพะยา,95160
7330,950112,ยะลา,เมืองยะลา,เปาะเส้ง,95000
7331,950114,ยะลา,เมืองยะลา,พร่อน,95160
7332,950115,ยะลา,เมืองยะลา,บันนังสาเรง,95000
7333,950116,ยะลา,เมืองยะลา,สะเตงนอก,95000
7334,950118,ยะลา,เมืองยะลา,ตาเซะ,95000
7335,950201,ยะลา,เบตง,เบตง,95110
7336,950202,ยะลา,เบตง,ยะรม,95110
7337,950203,ยะลา,เบตง,ตาเนาะแมเราะ,95110
7338,950204,ยะลา,เบตง,อัยเยอร์เวง,95110
7339,950205,ยะลา,เบตง,ธารน้ำทิพย์,95110
7340,950301,ยะลา,บันนังสตา,บันนังสตา,95130
7341,950302,ยะลา,บันนังสตา,บาเจาะ,95130
7342,950303,ยะลา,บันนังสตา,ตาเนาะปูเต๊ะ,95130
7343,950304,ยะลา,บันนังสตา,ถ้ำทะลุ,95130
7344,950305,ยะลา,บันนังสตา,ตลิ่งชัน,95130
7345,950306,ยะลา,บันนังสตา,เขื่อนบางลาง,95130
7346,950401,ยะลา,ธารโต,ธารโต,95150
7347,950402,ยะลา,ธารโต,บ้านแหร,95150
7348,950403,ยะลา,ธารโต,แม่หวาด,95170
7349,950404,ยะลา,ธารโต,คีรีเขต,95150
7350,950501,ยะลา,ยะหา,ยะหา,95120
7351,950502,ยะลา,ยะหา,ละแอ,95120
7352,950503,ยะลา,ยะหา,ปะแต,95120
7353,950504,ยะลา,ยะหา,บาโร๊ะ,95120
7354,950506,ยะลา,ยะหา,ตาชี,95120
7355,950507,ยะลา,ยะหา,บาโงยซิแน,95120
7356,950508,ยะลา,ยะหา,กาตอง,95120
7357,950601,ยะลา,รามัน,กายูบอเกาะ,95140
7358,950602,ยะลา,รามัน,กาลูปัง,95140
7359,950603,ยะลา,รามัน,กาลอ,95140
7360,950604,ยะลา,รามัน,กอตอตือร๊ะ,95140
7361,950605,ยะลา,รามัน,โกตาบารู,95140
7362,950606,ยะลา,รามัน,เกะรอ,95140
7363,950607,ยะลา,รามัน,จะกว๊ะ,95140
7364,950608,ยะลา,รามัน,ท่าธง,95140
7365,950609,ยะลา,รามัน,เนินงาม,95140
7366,950610,ยะลา,รามัน,บาลอ,95140
7367,950611,ยะลา,รามัน,บาโงย,95140
7368,950612,ยะลา,รามัน,บือมัง,95140
7369,950613,ยะลา,รามัน,ยะต๊ะ,95140
7370,950614,ยะลา,รามัน,วังพญา,95140
7371,950615,ยะลา,รามัน,อาซ่อง,95140
7372,950616,ยะลา,รามัน,ตะโล๊ะหะลอ,95140
7373,950701,ยะลา,กาบัง,กาบัง,95120
7374,950702,ยะลา,กาบัง,บาละ,95120
7375,950801,ยะลา,กรงปินัง,กรงปินัง,95000
7376,950802,ยะลา,กรงปินัง,สะเอะ,95000
7377,950803,ยะลา,กรงปินัง,ห้วยกระทิง,95000
7378,950804,ยะลา,กรงปินัง,ปุโรง,95000
7379,960101,นราธิวาส,เมืองนราธิวาส,บางนาค,96000
7380,960102,นราธิวาส,เมืองนราธิวาส,ลำภู,96000
7381,960103,นราธิวาส,เมืองนราธิวาส,มะนังตายอ,96000
7382,960104,นราธิวาส,เมืองนราธิวาส,บางปอ,96000
7383,960105,นราธิวาส,เมืองนราธิวาส,กะลุวอ,96000
7384,960106,นราธิวาส,เมืองนราธิวาส,กะลุวอเหนือ,96000
7385,960107,นราธิวาส,เมืองนราธิวาส,โคกเคียน,96000
7386,960201,นราธิวาส,ตากใบ,เจ๊ะเห,96110
7387,960202,นราธิวาส,ตากใบ,ไพรวัน,96110
7388,960203,นราธิวาส,ตากใบ,พร่อน,96110
7389,960204,นราธิวาส,ตากใบ,ศาลาใหม่,96110
7390,960205,นราธิวาส,ตากใบ,บางขุนทอง,96110
7391,960206,นราธิวาส,ตากใบ,เกาะสะท้อน,96110
7392,960207,นราธิวาส,ตากใบ,นานาค,96110
7393,960208,นราธิวาส,ตากใบ,โฆษิต,96110
7394,960301,นราธิวาส,บาเจาะ,บาเจาะ,96170
7395,960302,นราธิวาส,บาเจาะ,ลุโบะสาวอ,96170
7396,960303,นราธิวาส,บาเจาะ,กาเยาะมาตี,96170
7397,960304,นราธิวาส,บาเจาะ,ปะลุกาสาเมาะ,96170
7398,960305,นราธิวาส,บาเจาะ,บาเระเหนือ,96170
7399,960306,นราธิวาส,บาเจาะ,บาเระใต้,96170
7400,960401,นราธิวาส,ยี่งอ,ยี่งอ,96180
7401,960402,นราธิวาส,ยี่งอ,ละหาร,96180
7402,960403,นราธิวาส,ยี่งอ,จอเบาะ,96180
7403,960404,นราธิวาส,ยี่งอ,ลุโบะบายะ,96180
7404,960405,นราธิวาส,ยี่งอ,ลุโบะบือซา,96180
7405,960406,นราธิวาส,ยี่งอ,ตะปอเยาะ,96180
7406,960501,นราธิวาส,ระแงะ,ตันหยงมัส,96130
7407,960502,นราธิวาส,ระแงะ,ตันหยงลิมอ,96130
7408,960506,นราธิวาส,ระแงะ,บองอ,96220
7409,960507,นราธิวาส,ระแงะ,กาลิซา,96130
7410,960508,นราธิวาส,ระแงะ,บาโงสะโต,96130
7411,960509,นราธิวาส,ระแงะ,เฉลิม,96130
7412,960510,นราธิวาส,ระแงะ,มะรือโบตก,96130
7413,960601,นราธิวาส,รือเสาะ,รือเสาะ,96150
7414,960602,นราธิวาส,รือเสาะ,สาวอ,96150
7415,960603,นราธิวาส,รือเสาะ,เรียง,96150
7416,960604,นราธิวาส,รือเสาะ,สามัคคี,96150
7417,960605,นราธิวาส,รือเสาะ,บาตง,96150
7418,960606,นราธิวาส,รือเสาะ,ลาโละ,96150
7419,960607,นราธิวาส,รือเสาะ,รือเสาะออก,96150
7420,960608,นราธิวาส,รือเสาะ,โคกสะตอ,96150
7421,960609,นราธิวาส,รือเสาะ,สุวารี,96150
7422,960701,นราธิวาส,ศรีสาคร,ซากอ,96210
7423,960702,นราธิวาส,ศรีสาคร,ตะมะยูง,96210
7424,960703,นราธิวาส,ศรีสาคร,ศรีสาคร,96210
7425,960704,นราธิวาส,ศรีสาคร,เชิงคีรี,96210
7426,960705,นราธิวาส,ศรีสาคร,กาหลง,96210
7427,960706,นราธิวาส,ศรีสาคร,ศรีบรรพต,96210
7428,960801,นราธิวาส,แว้ง,แว้ง,96160
7429,960802,นราธิวาส,แว้ง,กายูคละ,96160
7430,960803,นราธิวาส,แว้ง,ฆอเลาะ,96160
7431,960804,นราธิวาส,แว้ง,โละจูด,96160
7432,960805,นราธิวาส,แว้ง,แม่ดง,96160
7433,960806,นราธิวาส,แว้ง,เอราวัณ,96160
7434,960901,นราธิวาส,สุคิริน,มาโมง,96190
7435,960902,นราธิวาส,สุคิริน,สุคิริน,96190
7436,960903,นราธิวาส,สุคิริน,เกียร์,96190
7437,960904,นราธิวาส,สุคิริน,ภูเขาทอง,96190
7438,960905,นราธิวาส,สุคิริน,ร่มไทร,96190
7439,961001,นราธิวาส,สุไหงโก-ลก,สุไหงโก-ลก,96120
7440,961002,นราธิวาส,สุไหงโก-ลก,ปาเสมัส,96120
7441,961003,นราธิวาส,สุไหงโก-ลก,มูโนะ,96120
7442,961004,นราธิวาส,สุไหงโก-ลก,ปูโยะ,96120
7443,961101,นราธิวาส,สุไหงปาดี,ปะลุรู,96140
7444,961102,นราธิวาส,สุไหงปาดี,สุไหงปาดี,96140
7445,961103,นราธิวาส,สุไหงปาดี,โต๊ะเด็ง,96140
7446,961104,นราธิวาส,สุไหงปาดี,สากอ,96140
7447,961105,นราธิวาส,สุไหงปาดี,ริโก๋,96140
7448,961106,นราธิวาส,สุไหงปาดี,กาวะ,96140
7449,961201,นราธิวาส,จะแนะ,จะแนะ,96220
7450,961202,นราธิวาส,จะแนะ,ดุซงญอ,96220
7451,961203,นราธิวาส,จะแนะ,ผดุงมาตร,96220
7452,961204,นราธิวาส,จะแนะ,ช้างเผือก,96220
7453,961301,นราธิวาส,เจาะไอร้อง,จวบ,96130
7454,961302,นราธิวาส,เจาะไอร้อง,บูกิต,96130
7455,961303,นราธิวาส,เจาะไอร้อง,มะรือโบออก,96130
