ID,Commission_Code,Valid_start,Valid_End,Product_Code,Product_Name,INC_Code,Insure_Type,Company_Insure_Type,Categories,Sub_Categories,Sub_Categories2,Main_Rider,minAge,maxAge,minSumAssure,maxSumAssure,maxRAR,minRAR,ComCommission,ComCommission_2,ComCommission_3,ComCommission_4,ComCommission_5,ComCommission_6,ComCommission_7,ComCommission_8,ComCommission_9,ComCommission_10,ComCommission_11Up,AgCommission,AgCommission_2,AgCommission_3,AgCommission_4,AgCommission_5,AgCommission_6,AgCommission_7,AgCommission_8,AgCommission_9,AgCommission_10,AgCommission_11Up,InCommission,InCommission_2,InCommission_3,InCommission_4,InCommission_5,InCommission_6,InCommission_7,InCommission_8,InCommission_9,InCommission_10,InCommission_11Up
1,CMAET00010002,2000-01-01 00:00:00,9999-01-01 00:00:00,PDAET0001,ประกันสุขภาพ Platinum (AETNA),AET,Non-Life,2,การประกันภัยเบ็ดเตล็ด,สุขภาพ,Non-Motor,Main,,,,,,,0.12,,,,,,,,,,,0.084,,,,,,,,,,,0.084,,,,,,,,,,
2,CMAET00020001,2000-01-01 00:00:00,9999-01-01 00:00:00,PDAET0002,ประกันสุขภาพ Personal Care/New personal Care (AETNA),AET,Non-Life,2,การประกันภัยเบ็ดเตล็ด,สุขภาพ,Non-Motor,Main,,,,,,,0.12,,,,,,,,,,,0.084,,,,,,,,,,,0.084,,,,,,,,,,
3,CMAET00030001,2000-01-01 00:00:00,9999-01-01 00:00:00,PDAET0003,ประกันสุขภาพ แซปไฟร์  โอพีดีดีลักซ์ (AETNA),AET,Non-Life,2,การประกันภัยเบ็ดเตล็ด,สุขภาพ,Non-Motor,Main,,,,,,,0.12,,,,,,,,,,,0.084,,,,,,,,,,,0.084,,,,,,,,,,
4,CMAET00040001,2000-01-01 00:00:00,9999-01-01 00:00:00,PDAET0004,ประกันสุขภาพ โอปอล Opal (AETNA),AET,Non-Life,2,การประกันภัยเบ็ดเตล็ด,สุขภาพ,Non-Motor,Main,,,,,,,0.12,,,,,,,,,,,0.084,,,,,,,,,,,0.084,,,,,,,,,,
889,CMAIA0001001,2026-03-26 00:00:00,9999-01-01 00:00:00,PDAIA0001,ประกันสุขภาพกลุ่ม [????] (AIA),AIA,Life,1,ประกันกลุ่ม,ประกันกลุ่ม,Group,Main,,,,,,,,,,,,,,,,,,,,,,,,,,,,,,,,,,,,,,,
894,CMAIA0002001,2026-05-30 00:00:00,9999-01-01 00:00:00,PDAIA0002,ประกันสุขภาพกลุ่ม  (AIA),AIA,Life,1,ประกันกลุ่ม,ประกันกลุ่ม,Group,Main,,,,,,,,,,,,,,,,,,,,,,,,,,,,,,,,,,,,,,,
5,CMAIG0001001,2000-01-01 00:00:00,9999-01-01 00:00:00,PDAIG0001,ประกันการเดินทาง (AIG),AIG,Non-Life,2,การประกันภัยเบ็ดเตล็ด,ประกันการเดินทาง,Non-Motor,Main,,,,,,,0.18,,,,,,,,,,,0.12,,,,,,,,,,,0.12,,,,,,,,,,
784,CMIG00011001,2000-01-01 00:00:00,9999-01-01 00:00:00,PDAIG00011,ประกันอุบัติเหตุกลุ่ม (AIG),AIG,Non-Life,2,การประกันภัยเบ็ดเตล็ด,ประกันกลุ่ม,Non-Motor,Main,,,,,,,,,,,,,,,,,,,,,,,,,,,,,,,,,,,,,,,
809,CMIG00012001,2000-01-01 00:00:00,9999-01-01 00:00:00,PDAIG00012,ประกันความเสี่ยงภัยทรัพย์สิน IAR  (AIG),AIG,Non-Life,2,การประกันอัคคีภัย,อัคคีภัย,Non-Motor,Main,,,,,,,,,,,,,,,,,,,,,,,,,,,,,,,,,,,,,,,
6,CMAIG0002001,2000-01-01 00:00:00,9999-01-01 00:00:00,PDAIG0002,ประกันอัคคีภัย (AIG),AIG,Non-Life,2,การประกันอัคคีภัย,อัคคีภัย,Non-Motor,Main,,,,,,,0.18,,,,,,,,,,,0.12,,,,,,,,,,,0.12,,,,,,,,,,
7,CMAIG0003001,2000-01-01 00:00:00,9999-01-01 00:00:00,PDAIG0003,ประกันอุบัติเหตุส่วนบุคคล PA (AIG),AIG,Non-Life,2,การประกันภัยเบ็ดเตล็ด,ประกันอุบัติเหตุส่วนบุคคล,Non-Motor,Main,,,,,,,0.18,,,,,,,,,,,0.12,,,,,,,,,,,0.12,,,,,,,,,,
8,CMAIG0004001,2000-01-01 00:00:00,9999-01-01 00:00:00,PDAIG0004,ความรับผิดตามกฏหมายต่อบุคคลภายนอก PL (AIG),AIG,Non-Life,2,การประกันอัคคีภัย,อัคคีภัย,Non-Motor,Main,,,,,,,,,,,,,,,,,,,,,,,,,,,,,,,,,,,,,,,
755,CMAIG0005001,2000-01-01 00:00:00,9999-01-01 00:00:00,PDAIG0005,ประกันรถยนต์ชั้น 1 (AIG),AIG,Non-Life,2,การประกันรถโดยความสมัครใจ,,Motor,Main,,,,,,,,,,,,,,,,,,,,,,,,,,,,,,,,,,,,,,,
756,CMAIG0006001,2000-01-01 00:00:00,9999-01-01 00:00:00,PDAIG0006,ประกันรถยนต์ชั้น 2 (AIG),AIG,Non-Life,2,การประกันรถโดยความสมัครใจ,,Motor,Main,,,,,,,,,,,,,,,,,,,,,,,,,,,,,,,,,,,,,,,
757,CMAIG0007001,2000-01-01 00:00:00,9999-01-01 00:00:00,PDAIG0007,ประกันรถยนต์ชั้น 3 (AIG),AIG,Non-Life,2,การประกันรถโดยความสมัครใจ,,Motor,Main,,,,,,,,,,,,,,,,,,,,,,,,,,,,,,,,,,,,,,,
758,CMAIG0008001,2000-01-01 00:00:00,9999-01-01 00:00:00,PDAIG0008,ประกันรถยนต์ชั้น 2+ (AIG),AIG,Non-Life,2,การประกันรถโดยความสมัครใจ,,Motor,Main,,,,,,,,,,,,,,,,,,,,,,,,,,,,,,,,,,,,,,,
759,CMAIG0009001,2000-01-01 00:00:00,9999-01-01 00:00:00,PDAIG0009,ประกันรถยนต์ชั้น 3+ (AIG),AIG,Non-Life,2,การประกันรถโดยความสมัครใจ,,Motor,Main,,,,,,,,,,,,,,,,,,,,,,,,,,,,,,,,,,,,,,,
760,CMAIG0010001,2000-01-01 00:00:00,9999-01-01 00:00:00,PDAIG0010,พรบ รถยนต์ (AIG),AIG,Non-Life,2,การประกันรถโดยข้อบังคับแห่งกฏหมาย,,Motor,Main,,,,,,,,,,,,,,,,,,,,,,,,,,,,,,,,,,,,,,,
837,CMAIG0011001,2025-07-21 00:00:00,9999-01-01 00:00:00,PDAIG0011,ประกันความรับผิดของผู้บริหารและกรรมการ (D&O),AIG,Non-Life,2,การประกันภัยเบ็ดเตล็ด,เบ็ดเตล็ด,Non-Motor,Main,,,,,,,0.18,,,,,,,,,,,0.12,,,,,,,,,,,,,,,,,,,,,
9,CMAIO0001001,2000-01-01 00:00:00,9999-01-01 00:00:00,PDAIO0001,ประกันรถยนต์ชั้น 1 (AIO),AIO,Non-Life,2,การประกันรถโดยความสมัครใจ,,Motor,Main,,,,,,,0.18,,,,,,,,,,,0.12,,,,,,,,,,,0.12,,,,,,,,,,
10,CMAIO0002001,2000-01-01 00:00:00,9999-01-01 00:00:00,PDAIO0002,ประกันรถยนต์ชั้น 2 (AIO),AIO,Non-Life,2,การประกันรถโดยความสมัครใจ,,Motor,Main,,,,,,,0.18,,,,,,,,,,,0.12,,,,,,,,,,,0.12,,,,,,,,,,
11,CMAIO0003001,2000-01-01 00:00:00,9999-01-01 00:00:00,PDAIO0003,ประกันรถยนต์ชั้น 3 (AIO),AIO,Non-Life,2,การประกันรถโดยความสมัครใจ,,Motor,Main,,,,,,,0.18,,,,,,,,,,,0.12,,,,,,,,,,,0.12,,,,,,,,,,
12,CMAIO0004001,2000-01-01 00:00:00,9999-01-01 00:00:00,PDAIO0004,ประกันรถยนต์ชั้น 2+ (AIO),AIO,Non-Life,2,การประกันรถโดยความสมัครใจ,,Motor,Main,,,,,,,0.18,,,,,,,,,,,0.12,,,,,,,,,,,0.12,,,,,,,,,,
13,CMAIO0005001,2000-01-01 00:00:00,9999-01-01 00:00:00,PDAIO0005,ประกันรถยนต์ชั้น 3+ (AIO),AIO,Non-Life,2,การประกันรถโดยความสมัครใจ,,Motor,Main,,,,,,,0.18,,,,,,,,,,,0.12,,,,,,,,,,,0.12,,,,,,,,,,
14,CMAIO0006001,2000-01-01 00:00:00,9999-01-01 00:00:00,PDAIO0006,ประกันอุบัติเหตุส่วนบุคคล PA (AIO),AIO,Non-Life,2,การประกันภัยเบ็ดเตล็ด,ประกันอุบัติเหตุส่วนบุคคล,Non-Motor,Main,,,,,,,0.18,,,,,,,,,,,0.12,,,,,,,,,,,0.12,,,,,,,,,,
15,CMAIO0007001,2000-01-01 00:00:00,9999-01-01 00:00:00,PDAIO0007,ประกันสุขภาพ (AIO),AIO,Non-Life,2,การประกันภัยเบ็ดเตล็ด,ประกันอุบัติเหตุส่วนบุคคล,Non-Motor,Main,,,,,,,,,,,,,,,,,,0,,,,,,,,,,,0,,,,,,,,,,
16,CMAIO0008001,2000-01-01 00:00:00,9999-01-01 00:00:00,PDAIO0008,พรบ รถยนต์ (AIO),AIO,Non-Life,2,การประกันรถโดยข้อบังคับแห่งกฏหมาย,,Motor,Main,,,,,,,0.12,,,,,,,,,,,0.08,,,,,,,,,,,0.08,,,,,,,,,,
17,CMAIO0009001,2000-01-01 00:00:00,9999-01-01 00:00:00,PDAIO0009,"ประกันความเสี่ยงภัยทุกชนิต (IAR, BI, All Risks) (AIO)",AIO,Non-Life,2,การประกันอัคคีภัย,อัคคีภัย,Non-Motor,Main,,,,,,,0.18,,,,,,,,,,,0.12,,,,,,,,,,,0.12,,,,,,,,,,
854,CMAIO0010001,2025-10-03 00:00:00,9999-01-01 00:00:00,PDAIO0010,ประกันรถจักรยานยนต์ชั้น 1 (AIO),AIO,Non-Life,2,การประกันรถโดยความสมัครใจ,,Motor,Main,,,,,,,,,,,,,,,,,,,,,,,,,,,,,,,,,,,,,,,
882,CMAIO0011001,2026-02-25 00:00:00,9999-01-01 00:00:00,PDAIO0011,ประกันอัคคีภัย  (AIO),AIO,Non-Life,2,การประกันอัคคีภัย,อัคคีภัย,Non-Motor,Main,,,,,,,,,,,,,,,,,,,,,,,,,,,,,,,,,,,,,,,
891,CMAIO0012001,2026-04-28 00:00:00,9999-01-01 00:00:00,PDAIO0012,ประกันความรับผิดตามกฏหมายต่อบุคคลภายนอก PL (AIO),AIO,Non-Life,2,การประกันภัยเบ็ดเตล็ด,เบ็ดเตล็ด,Non-Motor,Main,,,,,,,,,,,,,,,,,,,,,,,,,,,,,,,,,,,,,,,
256,CMAKN0001001,2000-01-01 00:00:00,9999-01-01 00:00:00,PDAKN0001,ซูเปอร์ริช 10/1,AKN,Life,1,ประเภทสามัญ,ประกันสะสมทรัพย์,Life,Main,,,,,,,0.01,,,,,,,,,,,0.008,0,0,0,0,0,0,0,0,0,,0.008,0,0,0,0,,,,,,
257,CMAKN0002001,2000-01-01 00:00:00,9999-01-01 00:00:00,PDAKN0002,ซูเปอร์คุ้ม 10/3,AKN,Life,1,ประเภทสามัญ,ประกันสะสมทรัพย์,Life,Main,,,,,,,0.03,0.0125,0.0075,,,,,,,,,0.024,0.0087,0.0052,0,0,0,0,0,0,0,,0.024,0.0087,0.0052,0,0,,,,,,
258,CMAKN0003001,2000-01-01 00:00:00,9999-01-01 00:00:00,PDAKN0003,เซฟวิ่ง ซูเปอร์โฟร์ 10/4,AKN,Life,1,ประเภทสามัญ,ประกันสะสมทรัพย์,Life,Main,,,,,,,0.1,0.1,0.05,0.05,,,,,,,,0.08,0.07,0.035,0.035,0,0,0,0,0,0,,0.08,0.07,0.035,0.035,0,,,,,,
259,CMAKN0004001,2000-01-01 00:00:00,9999-01-01 00:00:00,PDAKN0004,คุ้มสุขเต็มสิบ 10/5 (อาคเนย์),AKN,Life,1,ประเภทสามัญ,ประกันสะสมทรัพย์,Life,Main,,,,,,,0.055,0.025,0.015,0.0025,0.0025,,,,,,,0.044,0.0175,0.0105,0.0018,0.0018,0,0,0,0,0,,0.044,0.0175,0.0105,0.0018,0.0018,,,,,,
260,CMAKN0005001,2000-01-01 00:00:00,9999-01-01 00:00:00,PDAKN0005,อาคเนย์ คืนไว 12/6,AKN,Life,1,ประเภทสามัญ,ประกันสะสมทรัพย์,Life,Main,,,,,,,0.08,0.04,0.02,0.02,0.02,0.02,,,,,,0.064,0.028,0.014,0.014,0.014,0.014,0,0,0,0,,0.064,0.028,0.014,0.014,0.014,,,,,,
261,CMAKN0006001,2000-01-01 00:00:00,9999-01-01 00:00:00,PDAKN0006,เอ็กซ์ตร้า เซฟวิ่ง 12/6,AKN,Life,1,ประเภทสามัญ,ประกันสะสมทรัพย์,Life,Main,,,,,,,0.05,0.03,0.015,0.015,0.015,0.015,,,,,,0.04,0.021,0.0105,0.0105,0.0105,0.0105,0,0,0,0,,0.04,0.021,0.0105,0.0105,0.0105,,,,,,
262,CMAKN0007001,2000-01-01 00:00:00,9999-01-01 00:00:00,PDAKN0007,สะสมทรัพย์4 15/8 มีเงินจ่ายคืนพิเศษ,AKN,Life,1,ประเภทสามัญ,ประกันตลอดชีพ,Life,Main,,,,,,,0.16,0.08,0.04,0.04,0.04,0.04,0.04,0.04,,,,0.128,0.056,0.028,0.028,0.028,0.028,0.028,0.028,0,0,,0.128,0.056,0.028,0.028,0.028,,,,,,
263,CMAKN0008001,2000-01-01 00:00:00,9999-01-01 00:00:00,PDAKN0008,สะสมทรัพย์4 15/8 มีเงินจ่ายคืนพิเศษ (รายเดือน),AKN,Life,1,ประเภทสามัญ,ประกันตลอดชีพ,Life,Main,,,,,,,0.11,0.08,0.04,0.04,0.04,0.04,0.04,0.04,,,,0.088,0.056,0.028,0.028,0.028,0.028,0.028,0.028,0,0,,0.088,0.056,0.028,0.028,0.028,,,,,,
264,CMAKN0009001,2000-01-01 00:00:00,9999-01-01 00:00:00,PDAKN0009,เซฟวิ่ง การันตี 20/10,AKN,Life,1,ประเภทสามัญ,ประกันสะสมทรัพย์,Life,Main,,,,,,,0.21,0.1,0.06,0.01,0.01,,,,,,,0.168,0.07,0.042,0.007,0.007,0,0,0,0,0,,0.168,0.07,0.042,0.007,0.007,,,,,,
265,CMAKN0010001,2000-01-01 00:00:00,9999-01-01 00:00:00,PDAKN0010,ทรัพย์กาญจนา 2 (20/14),AKN,Life,1,ประเภทสามัญ,ประกันสะสมทรัพย์,Life,Main,,,,,,,0.2,0.1,0.06,0.03,0.03,0.03,0.015,0.015,0.015,0.015,0.015,0.16,0.07,0.042,0.021,0.021,0.021,0.0105,0.0105,0.0105,0.0105,,0.16,0.07,0.042,0.021,0.021,,,,,,
266,CMAKN0011001,2000-01-01 00:00:00,9999-01-01 00:00:00,PDAKN0011,ทรัพย์กาญจนา 2 (20/14) รายเดือน,AKN,Life,1,ประเภทสามัญ,ประกันสะสมทรัพย์,Life,Main,,,,,,,0.15,0.1,0.06,0.03,0.03,0.03,0.015,0.015,0.015,0.015,0.015,0.12,0.07,0.042,0.021,0.021,0.021,0.0105,0.0105,0.0105,0.0105,,0.12,0.07,0.042,0.021,0.021,,,,,,
267,CMAKN0012001,2000-01-01 00:00:00,9999-01-01 00:00:00,PDAKN0012,ทรัพย์เพิ่มทวี2 (21/21),AKN,Life,1,ประเภทสามัญ,ประกันสะสมทรัพย์,Life,Main,,,,,,,0.2,0.12,0.08,0.04,0.04,0.04,0.02,0.02,0.02,0.02,0.02,0.16,0.084,0.056,0.028,0.028,0.028,0.014,0.014,0.014,0.014,,0.16,0.084,0.056,0.028,0.028,,,,,,
268,CMAKN0013001,2000-01-01 00:00:00,9999-01-01 00:00:00,PDAKN0013,ทรัพย์เพิ่มทวี2 (25/25),AKN,Life,1,ประเภทสามัญ,ประกันสะสมทรัพย์,Life,Main,,,,,,,0.25,0.12,0.08,0.04,0.04,0.04,0.02,0.02,0.02,0.02,0.02,0.2,0.084,0.056,0.028,0.028,0.028,0.014,0.014,0.014,0.014,,0.2,0.084,0.056,0.028,0.028,,,,,,
269,CMAKN0014001,2000-01-01 00:00:00,9999-01-01 00:00:00,PDAKN0014,ทรัพย์เพิ่มทวี2 (25/25) รายเดือน,AKN,Life,1,ประเภทสามัญ,ประกันสะสมทรัพย์,Life,Main,,,,,,,0.2,0.12,0.08,0.04,0.04,0.04,0.02,0.02,0.02,0.02,0.02,0.16,0.084,0.056,0.028,0.028,0.028,0.014,0.014,0.014,0.014,,0.16,0.084,0.056,0.028,0.028,,,,,,
270,CMAKN0015001,2000-01-01 00:00:00,9999-01-01 00:00:00,PDAKN0015,อาคเนย์มิลเลเนียม 25/15,AKN,Life,1,ประเภทสามัญ,ประกันสะสมทรัพย์,Life,Main,,,,,,,0.3,0.15,0.1,0.05,0.05,0.05,0.02,0.02,0.02,0.02,0.02,0.24,0.105,0.07,0.035,0.035,0.035,0.014,0.014,0.014,0.014,,0.24,0.105,0.07,0.035,0.035,,,,,,
271,CMAKN0016001,2000-01-01 00:00:00,9999-01-01 00:00:00,PDAKN0016,อาคเนย์มิลเลเนียม 25/25,AKN,Life,1,ประเภทสามัญ,ประกันสะสมทรัพย์,Life,Main,,,,,,,0.3,0.2,0.08,0.04,0.04,0.04,0.02,0.02,0.02,0.02,0.02,0.24,0.14,0.056,0.028,0.028,0.028,0.014,0.014,0.014,0.014,,0.24,0.14,0.056,0.028,0.028,,,,,,
272,CMAKN0017001,2000-01-01 00:00:00,9999-01-01 00:00:00,PDAKN0017,อาคเนย์มิลเลเนียม 25/25 รายเดือน,AKN,Life,1,ประเภทสามัญ,ประกันสะสมทรัพย์,Life,Main,,,,,,,0.25,0.2,0.08,0.04,0.04,0.04,0.02,0.02,0.02,0.02,0.02,0.2,0.14,0.056,0.028,0.028,0.028,0.014,0.014,0.014,0.014,,0.2,0.14,0.056,0.028,0.028,,,,,,
273,CMAKN0018001,2000-01-01 00:00:00,9999-01-01 00:00:00,PDAKN0018,ทรัพย์มั่นคง 2489-R,AKN,Life,1,ประเภทสามัญ,ประกันตลอดชีพ,Life,Main,,,,,,,0.2,0.1,0.06,0.03,0.03,0.03,0.015,0.015,0.015,0.015,0.015,0.16,0.07,0.042,0.021,0.021,0.021,0.0105,0.0105,0.0105,0.0105,,0.16,0.07,0.042,0.021,0.021,,,,,,
274,CMAKN0019001,2000-01-01 00:00:00,9999-01-01 00:00:00,PDAKN0019,ทรัพย์มั่นคงพิเศษ 2489-R,AKN,Life,1,ประเภทสามัญ,ประกันตลอดชีพ,Life,Main,,,,,,,0.2,0.1,0.06,0.03,0.03,0.03,0.015,0.015,0.015,0.015,0.015,0.16,0.07,0.042,0.021,0.021,0.021,0.0105,0.0105,0.0105,0.0105,,0.16,0.07,0.042,0.021,0.021,,,,,,
275,CMAKN0020001,2000-01-01 00:00:00,9999-01-01 00:00:00,PDAKN0020,ทรัพย์มั่นคง 2489-R รายเดือน,AKN,Life,1,ประเภทสามัญ,ประกันตลอดชีพ,Life,Main,,,,,,,0.15,0.1,0.06,0.03,0.03,0.03,0.015,0.015,0.015,0.015,0.015,0.12,0.07,0.042,0.021,0.021,0.021,0.0105,0.0105,0.0105,0.0105,,0.12,0.07,0.042,0.021,0.021,,,,,,
276,CMAKN0021001,2000-01-01 00:00:00,9999-01-01 00:00:00,PDAKN0021,ทรัพย์มั่นคงพิเศษ 2489-R รายเดือน,AKN,Life,1,ประเภทสามัญ,ประกันตลอดชีพ,Life,Main,,,,,,,0.15,0.1,0.06,0.03,0.03,0.03,0.015,0.015,0.015,0.015,0.015,0.12,0.07,0.042,0.021,0.021,0.021,0.0105,0.0105,0.0105,0.0105,,0.12,0.07,0.042,0.021,0.021,,,,,,
277,CMAKN0022001,2000-01-01 00:00:00,9999-01-01 00:00:00,PDAKN0022,อภิพร 2(90/21),AKN,Life,1,ประเภทสามัญ,ประกันสะสมทรัพย์,Life,Main,,,,,,,0.25,0.12,0.08,0.04,0.04,0.04,0.02,0.02,0.02,0.02,0.02,0.2,0.084,0.056,0.028,0.028,0.028,0.014,0.014,0.014,0.014,,0.2,0.084,0.056,0.028,0.028,,,,,,
278,CMAKN0023001,2000-01-01 00:00:00,9999-01-01 00:00:00,PDAKN0023,อภิพร 2(90/21) รายเดือน,AKN,Life,1,ประเภทสามัญ,ประกันสะสมทรัพย์,Life,Main,,,,,,,0.2,0.12,0.08,0.04,0.04,0.04,0.02,0.02,0.02,0.02,0.02,0.16,0.084,0.056,0.028,0.028,0.028,0.014,0.014,0.014,0.014,,0.16,0.084,0.056,0.028,0.028,,,,,,
279,CMAKN0024001,2000-01-01 00:00:00,9999-01-01 00:00:00,PDAKN0024,ซิมเปิ้ล ซีเนียร์ 90/10,AKN,Life,1,ประเภทสามัญ,ประกันตลอดชีพ,Life,Main,,,,,,,0.15,0.08,0.05,0.05,0.05,0.05,0.05,0.05,0.05,0.05,,0.12,0.056,0.035,0.035,0.035,0.035,0.035,0.035,0.035,0.035,,0.12,0.056,0.035,0.035,0.035,,,,,,
280,CMAKN0025001,2000-01-01 00:00:00,9999-01-01 00:00:00,PDAKN0025,ซิมเปิ้ล ซีเนียร์ 90/15,AKN,Life,1,ประเภทสามัญ,ประกันตลอดชีพ,Life,Main,,,,,,,0.2,0.1,0.05,0.05,0.05,0.05,0.05,0.05,0.05,0.05,0.05,0.16,0.07,0.035,0.035,0.035,0.035,0.035,0.035,0.035,0.035,,0.16,0.07,0.035,0.035,0.035,,,,,,
281,CMAKN00260001,2000-01-01 00:00:00,9999-01-01 00:00:00,PDAKN0026,อาคเนย์บำนาญ 85/55,AKN,Life,1,ประเภทสามัญ,ประกันบำนาญ,Life,Main,30,35,,,,,0.15,0.06,0.05,0.03,0.03,0.03,0.03,0.03,0.03,0.03,0.01,0.12,0.042,0.035,0.021,0.021,0.021,0.021,0.021,0.021,0.021,,0.12,0.042,0.035,0.021,0.021,,,,,,
282,CMAKN00270001,2000-01-01 00:00:00,9999-01-01 00:00:00,PDAKN0027,อาคเนย์บำนาญ 85/60,AKN,Life,1,ประเภทสามัญ,ประกันบำนาญ,Life,Main,30,35,,,,,0.18,0.08,0.07,0.05,0.05,0.05,0.05,0.05,0.05,0.05,0.01,0.144,0.056,0.049,0.035,0.035,0.035,0.035,0.035,0.035,0.035,,0.144,0.056,0.049,0.035,0.035,,,,,,
283,CMAKN0028001,2000-01-01 00:00:00,9999-01-01 00:00:00,PDAKN0028,อาคเนย์บำนาญ 95/1,AKN,Life,1,ประเภทสามัญ,ประกันบำนาญ,Life,Main,,,,,,,0.015,,,,,,,,,,,0.012,0,0,0,0,0,0,0,0,0,,0.012,0,0,0,0,,,,,,
284,CMAKN00290001,2000-01-01 00:00:00,9999-01-01 00:00:00,PDAKN0029,อาคเนย์บำนาญ 95/5,AKN,Life,1,ประเภทสามัญ,ประกันบำนาญ,Life,Main,30,44,,,,,0.08,0.04,0.03,0.02,0.02,,,,,,,0.064,0.028,0.021,0.014,0.014,0,0,0,0,0,,0.064,0.028,0.021,0.014,0.014,,,,,,
285,CMAKN00300001,2000-01-01 00:00:00,9999-01-01 00:00:00,PDAKN0030,อาคเนย์บำนาญ 95/10,AKN,Life,1,ประเภทสามัญ,ประกันบำนาญ,Life,Main,30,39,,,,,0.1,0.05,0.03,0.02,0.02,0.02,0.02,0.02,0.02,0.02,,0.08,0.035,0.021,0.014,0.014,0.014,0.014,0.014,0.014,0.014,,0.08,0.035,0.021,0.014,0.014,,,,,,
286,CMAKN00310001,2000-01-01 00:00:00,9999-01-01 00:00:00,PDAKN0031,อาคเนย์บำนาญ 95/55,AKN,Life,1,ประเภทสามัญ,ประกันบำนาญ,Life,Main,30,35,,,,,0.15,0.06,0.05,0.03,0.03,0.03,0.03,0.03,0.03,0.03,0.01,0.12,0.042,0.035,0.021,0.021,0.021,0.021,0.021,0.021,0.021,,0.12,0.042,0.035,0.021,0.021,,,,,,
287,CMAKN00320001,2000-01-01 00:00:00,9999-01-01 00:00:00,PDAKN0032,อาคเนย์บำนาญ 95/60,AKN,Life,1,ประเภทสามัญ,ประกันบำนาญ,Life,Main,30,35,,,,,0.18,0.08,0.07,0.04,0.04,0.04,0.04,0.04,0.04,0.04,0.01,0.144,0.056,0.049,0.028,0.028,0.028,0.028,0.028,0.028,0.028,,0.144,0.056,0.049,0.028,0.028,,,,,,
288,CMAKN00330001,2000-01-01 00:00:00,9999-01-01 00:00:00,PDAKN0033,อาคเนย์บำนาญ 95/65,AKN,Life,1,ประเภทสามัญ,ประกันบำนาญ,Life,Main,30,35,,,,,0.2,0.09,0.05,0.05,0.05,0.05,0.05,0.05,0.05,0.05,0.01,0.16,0.063,0.035,0.035,0.035,0.035,0.035,0.035,0.035,0.035,,0.16,0.063,0.035,0.035,0.035,,,,,,
289,CMAKN00340001,2000-01-01 00:00:00,9999-01-01 00:00:00,PDAKN0034,เฮลท์ ฟันด์ 80/60,AKN,Life,1,ประเภทสามัญ,ประกันตลอดชีพ,Life,Main,18,29,,,,,0.25,0.15,0.1,0.05,0.05,0.05,0.02,0.02,0.02,0.02,0.02,0.2,0.105,0.07,0.035,0.035,0.035,0.014,0.014,0.014,0.014,,0.2,0.105,0.07,0.035,0.035,,,,,,
290,CMAKN0035001,2000-01-01 00:00:00,9999-01-01 00:00:00,PDAKN0035,อุบัติเหตุส่วนบุคคล พีเอ พลัส (PA PLUS) แบบ PA Family,AKN,Life,1,ประเภทสามัญ,อนุสัญญา,Rider,Main,,,,,,,0.18,,,,,,,,,,,0.144,0,0,0,0,0,0,0,0,0,,0.144,0,0,0,0,,,,,,
291,CMAKN0036001,2000-01-01 00:00:00,9999-01-01 00:00:00,PDAKN0036,อุบัติเหตุส่วนบุคคล พีเอ พลัส (PA PLUS) แบบ PA One,AKN,Life,1,ประเภทสามัญ,อนุสัญญา,Rider,Main,,,,,,,0.18,,,,,,,,,,,0.144,0,0,0,0,0,0,0,0,0,,0.144,0,0,0,0,,,,,,
292,CMAKN0037001,2000-01-01 00:00:00,9999-01-01 00:00:00,PDAKN0037,อุบัติเหตุส่วนบุคคล พีเอ พลัส (PA PLUS) แบบ PA Executive,AKN,Life,1,ประเภทสามัญ,อนุสัญญา,Rider,Main,,,,,,,0.18,,,,,,,,,,,0.144,0,0,0,0,0,0,0,0,0,,0.144,0,0,0,0,,,,,,
293,CMAKN0038001,2000-01-01 00:00:00,9999-01-01 00:00:00,PDAKN0038,ซูเปอร์ไลฟ์ 99/5,AKN,Life,1,ประเภทสามัญ,ประกันตลอดชีพ,Life,Main,,,,,,,0.15,0.1,0.05,0.03,0.03,,,,,,,0.12,0.07,0.035,0.021,0.021,0,0,0,0,0,,0.12,0.07,0.035,0.021,0.021,,,,,,
294,CMAKN0039001,2000-01-01 00:00:00,9999-01-01 00:00:00,PDAKN0039,ซูเปอร์ไลฟ์ 99/10,AKN,Life,1,ประเภทสามัญ,ประกันตลอดชีพ,Life,Main,,,,,,,0.25,0.12,0.08,0.04,0.02,0.02,0.02,0.02,0.02,0.02,,0.2,0.084,0.056,0.028,0.014,0.014,0.014,0.014,0.014,0.014,,0.2,0.084,0.056,0.028,0.014,,,,,,
295,CMAKN0040001,2000-01-01 00:00:00,9999-01-01 00:00:00,PDAKN0040,ซูเปอร์ไลฟ์ 99/20,AKN,Life,1,ประเภทสามัญ,ประกันตลอดชีพ,Life,Main,,,,,,,0.35,0.15,0.1,0.04,0.04,0.04,0.02,0.02,0.02,0.02,0.02,0.28,0.105,0.07,0.028,0.028,0.028,0.014,0.014,0.014,0.014,,0.28,0.105,0.07,0.028,0.028,,,,,,
296,CMAKN0041001,2000-01-01 00:00:00,9999-01-01 00:00:00,PDAKN0041,ประกันกลุ่ม (อาคเนย์),AKN,Life,1,ประกันกลุ่ม,ประกันกลุ่ม,Group,Main,,,,,,,0.14,,,,,,,,,,,0.112,0,0,0,0,0,0,0,0,0,,0.112,0,0,0,0,,,,,,
297,CMAKN0042001,2000-01-01 00:00:00,9999-01-01 00:00:00,PDAKN0042,ประกันสุขภาพ,AKN,Life,1,ประเภทสามัญ,อนุสัญญา,Rider,Main,,,,,,,0.15,1,0.05,0.05,0.05,0.05,0.02,0.02,0.02,0.02,0.02,0.12,0.7,0.035,0.035,0.035,0.035,0.014,0.014,0.014,0.014,,0.12,0.7,0.035,0.035,0.035,,,,,,
298,CMAKN0043001,2000-01-01 00:00:00,9999-01-01 00:00:00,PDAKN0043,ประกันสุขภาพ (รายเดือน),AKN,Life,1,ประเภทสามัญ,อนุสัญญา,Rider,Main,,,,,,,1,1,0.05,0.05,0.05,0.05,0.02,0.02,0.02,0.02,0.02,0.8,0.7,0.035,0.035,0.035,0.035,0.014,0.014,0.014,0.014,,0.8,0.7,0.035,0.035,0.035,,,,,,
299,CMAKN0044001,2000-01-01 00:00:00,9999-01-01 00:00:00,PDAKN0044,ประกันสุขภาพเอชเอสพลัส (HS PLUS),AKN,Life,1,ประเภทสามัญ,อนุสัญญา,Rider,Main,,,,,,,0.15,1,0.05,0.05,0.05,0.05,0.02,0.02,0.02,0.02,0.02,0.12,0.7,0.035,0.035,0.035,0.035,0.014,0.014,0.014,0.014,,0.12,0.7,0.035,0.035,0.035,,,,,,
300,CMAKN0045001,2000-01-01 00:00:00,9999-01-01 00:00:00,PDAKN0045,ประกันสุขภาพเอชเอสพลัส (HS PLUS) (รายเดือน),AKN,Life,1,ประเภทสามัญ,อนุสัญญา,Rider,Main,,,,,,,1,1,0.05,0.05,0.05,0.05,0.02,0.02,0.02,0.02,0.02,0.8,0.7,0.035,0.035,0.035,0.035,0.014,0.014,0.014,0.014,,0.8,0.7,0.035,0.035,0.035,,,,,,
301,CMAKN0046001,2000-01-01 00:00:00,9999-01-01 00:00:00,PDAKN0046,ประกัยภัยคุ้มครองโรคมะเร็ง,AKN,Life,1,ประเภทสามัญ,อนุสัญญา,Rider,Main,,,,,,,0.15,1,0.05,0.05,0.05,0.05,0.02,0.02,0.02,0.02,0.02,0.12,0.7,0.035,0.035,0.035,0.035,0.014,0.014,0.014,0.014,,0.12,0.7,0.035,0.035,0.035,,,,,,
302,CMAKN0047001,2000-01-01 00:00:00,9999-01-01 00:00:00,PDAKN0047,ประกัยภัยคุ้มครองโรคมะเร็ง (รายเดือน),AKN,Life,1,ประเภทสามัญ,อนุสัญญา,Rider,Main,,,,,,,1,1,0.05,0.05,0.05,0.05,0.02,0.02,0.02,0.02,0.02,0.8,0.7,0.035,0.035,0.035,0.035,0.014,0.014,0.014,0.014,,0.8,0.7,0.035,0.035,0.035,,,,,,
303,CMAKN0048001,2000-01-01 00:00:00,9999-01-01 00:00:00,PDAKN0048,ค่ารักษาพยาบาลผู้ป่วยนอก,AKN,Life,1,ประเภทสามัญ,อนุสัญญา,Rider,Main,,,,,,,,,,,,,,,,,,0,0,0,0,0,0,0,0,0,0,,0,0,0,0,0,,,,,,
304,CMAKN0049001,2000-01-01 00:00:00,9999-01-01 00:00:00,PDAKN0049,อุบัติเหตุธรรมดา,AKN,Life,1,ประเภทสามัญ,อนุสัญญา,Rider,Main,,,,,,,,,,,,,,,,,,,,,,,,,,,,,,,,,,,,,,,
305,CMAKN0050001,2000-01-01 00:00:00,9999-01-01 00:00:00,PDAKN0050,อบุตัเหตุพิเศษ,AKN,Life,1,ประเภทสามัญ,อนุสัญญา,Rider,Main,,,,,,,,,,,,,,,,,,,,,,,,,,,,,,,,,,,,,,,
306,CMAKN0051001,2000-01-01 00:00:00,9999-01-01 00:00:00,PDAKN0051,ขยายความคุ้มครอง อบ. ธรรมดา,AKN,Life,1,ประเภทสามัญ,อนุสัญญา,Rider,Main,,,,,,,,,,,,,,,,,,,,,,,,,,,,,,,,,,,,,,,
307,CMAKN0052001,2000-01-01 00:00:00,9999-01-01 00:00:00,PDAKN0052,ขยายความคุ้มครอง อบ. พิเศษ,AKN,Life,1,ประเภทสามัญ,อนุสัญญา,Rider,Main,,,,,,,,,,,,,,,,,,,,,,,,,,,,,,,,,,,,,,,
308,CMAKN0053001,2000-01-01 00:00:00,9999-01-01 00:00:00,PDAKN0053,ขยายความคุ้มครองการเสียชีวิตจาก อบ.,AKN,Life,1,ประเภทสามัญ,อนุสัญญา,Rider,Main,,,,,,,,,,,,,,,,,,,,,,,,,,,,,,,,,,,,,,,
309,CMAKN0054001,2000-01-01 00:00:00,9999-01-01 00:00:00,PDAKN0054,ชดเชยค่าใช้จ่ายในการรักษาพยาบาลจาก อบ. (ไม่คุ้มครองการถูกทำร้ายร่างกาย),AKN,Life,1,ประเภทสามัญ,อนุสัญญา,Rider,Main,,,,,,,,,,,,,,,,,,,,,,,,,,,,,,,,,,,,,,,
310,CMAKN0055001,2000-01-01 00:00:00,9999-01-01 00:00:00,PDAKN0055,ชดเชยค่าใช้จ่ายในการรักษาพยาบาลจาก อบ. (คุ้มครองการถูกทำร้ายร่างกาย),AKN,Life,1,ประเภทสามัญ,อนุสัญญา,Rider,Main,,,,,,,,,,,,,,,,,,,,,,,,,,,,,,,,,,,,,,,
311,CMAKN0056001,2000-01-01 00:00:00,9999-01-01 00:00:00,PDAKN0056,คุ้มครองการเสียชีวิตเนื่องจากอุบัติเหตุ,AKN,Life,1,ประเภทสามัญ,อนุสัญญา,Rider,Main,,,,,,,,,,,,,,,,,,,,,,,,,,,,,,,,,,,,,,,
312,CMAKN0057001,2000-01-01 00:00:00,9999-01-01 00:00:00,PDAKN0057,ค่ารักษาพยาบาลรายวัน,AKN,Life,1,ประเภทสามัญ,อนุสัญญา,Rider,Main,,,,,,,,,,,,,,,,,,,,,,,,,,,,,,,,,,,,,,,
313,CMAKN0058001,2000-01-01 00:00:00,9999-01-01 00:00:00,PDAKN0058,ทุพพลภาพสิ้นเชิงถาวร (ยกเว้นการชำระเบี้ยประกันภัย),AKN,Life,1,ประเภทสามัญ,อนุสัญญา,Rider,Main,,,,,,,,,,,,,,,,,,,,,,,,,,,,,,,,,,,,,,,
314,CMAKN0059001,2000-01-01 00:00:00,9999-01-01 00:00:00,PDAKN0059,ทุพพลภาพสิ้นเชิงถาวร (คุ้มครองการจ่ายเงินชดเชย),AKN,Life,1,ประเภทสามัญ,อนุสัญญา,Rider,Main,,,,,,,,,,,,,,,,,,,,,,,,,,,,,,,,,,,,,,,
315,CMAKN0060001,2000-01-01 00:00:00,9999-01-01 00:00:00,PDAKN0060,คุ้มครองโรคร้ายแรง,AKN,Life,1,ประเภทสามัญ,อนุสัญญา,Rider,Main,,,,,,,,,,,,,,,,,,,,,,,,,,,,,,,,,,,,,,,
316,CMAKN0061001,2000-01-01 00:00:00,9999-01-01 00:00:00,PDAKN0061,คุ้มครองผู้ชำระเบี้ยประกันภัย,AKN,Life,1,ประเภทสามัญ,อนุสัญญา,Rider,Main,,,,,,,,,,,,,,,,,,,,,,,,,,,,,,,,,,,,,,,
317,CMAKN0062001,2000-01-01 00:00:00,9999-01-01 00:00:00,PDAKN0062,คุ้มครองจำกัดเวลา (ผู้เอาประกันภัย),AKN,Life,1,ประเภทสามัญ,อนุสัญญา,Rider,Main,,,,,,,,,,,,,,,,,,,,,,,,,,,,,,,,,,,,,,,
318,CMAKN0063001,2000-01-01 00:00:00,9999-01-01 00:00:00,PDAKN0063,คุ้มครองผู้ปกครอง,AKN,Life,1,ประเภทสามัญ,อนุสัญญา,Rider,Main,,,,,,,,,,,,,,,,,,,,,,,,,,,,,,,,,,,,,,,
806,CMAKN0064001,2000-01-01 00:00:00,9999-01-01 00:00:00,PDAKN0064,ประกันชีวิตกลุ่ม แบบคุ้มครองสินเชื่อ (อาคเนย์ประกันชีวิต),AKN,Life,1,ประกันกลุ่ม,ประกันกลุ่ม,Group,Main,,,,,,,,,,,,,,,,,,,,,,,,,,,,,,,,,,,,,,,
18,CMAKP0001001,2000-01-01 00:00:00,9999-01-01 00:00:00,PDAKP0001,ประกันรถยนต์ชั้น 1 (อาคเนย์ประกันภัย),AKP,Non-Life,2,การประกันรถโดยความสมัครใจ,,Motor,Main,,,,,,,,,,,,,,,,,,0,,,,,,,,,,,0,,,,,,,,,,
19,CMAKP0002001,2000-01-01 00:00:00,9999-01-01 00:00:00,PDAKP0002,ประกันรถยนต์ชั้น 2  (อาคเนย์ประกันภัย),AKP,Non-Life,2,การประกันรถโดยความสมัครใจ,,Motor,Main,,,,,,,,,,,,,,,,,,0,,,,,,,,,,,0,,,,,,,,,,
20,CMAKP0003001,2000-01-01 00:00:00,9999-01-01 00:00:00,PDAKP0003,ประกันรถยนต์ชั้น 3  (อาคเนย์ประกันภัย),AKP,Non-Life,2,การประกันรถโดยความสมัครใจ,,Motor,Main,,,,,,,,,,,,,,,,,,0,,,,,,,,,,,0,,,,,,,,,,
21,CMAKP0004001,2000-01-01 00:00:00,9999-01-01 00:00:00,PDAKP0004,ประกันรถยนต์ชั้น 2+ (อาคเนย์ประกันภัย),AKP,Non-Life,2,การประกันรถโดยความสมัครใจ,,Motor,Main,,,,,,,,,,,,,,,,,,0,,,,,,,,,,,0,,,,,,,,,,
22,CMAKP0005001,2000-01-01 00:00:00,9999-01-01 00:00:00,PDAKP0005,ประกันรถยนต์ชั้น 3+ (อาคเนย์ประกันภัย),AKP,Non-Life,2,การประกันรถโดยความสมัครใจ,,Motor,Main,,,,,,,,,,,,,,,,,,0,,,,,,,,,,,0,,,,,,,,,,
23,CMAKP0006001,2000-01-01 00:00:00,9999-01-01 00:00:00,PDAKP0006,พรบ รถยนต์ (อาคเนย์ประกันภัย),AKP,Non-Life,2,การประกันรถโดยข้อบังคับแห่งกฏหมาย,,Motor,Main,,,,,,,,,,,,,,,,,,0,,,,,,,,,,,0,,,,,,,,,,
24,CMAKP0007001,2000-01-01 00:00:00,9999-01-01 00:00:00,PDAKP0007,PA+COVID19 (อาคเนย์),AKP,Non-Life,2,การประกันภัยเบ็ดเตล็ด,ประกันอุบัติเหตุส่วนบุคคล,Non-Motor,Main,,,,,,,,,,,,,,,,,,0,,,,,,,,,,,0,,,,,,,,,,
25,CMALI0001001,2000-01-01 00:00:00,9999-01-01 00:00:00,PDALI0001,ประกันรถยนต์ชั้น 1 (ALI),ALI,Non-Life,2,การประกันรถโดยความสมัครใจ,,Motor,Main,,,,,,,0.18,,,,,,,,,,,0.12,,,,,,,,,,,0.12,,,,,,,,,,
26,CMALI0002001,2000-01-01 00:00:00,9999-01-01 00:00:00,PDALI0002,ประกันรถยนต์ชั้น 2 (ALI),ALI,Non-Life,2,การประกันรถโดยความสมัครใจ,,Motor,Main,,,,,,,,,,,,,,,,,,0,,,,,,,,,,,0,,,,,,,,,,
27,CMALI0003001,2000-01-01 00:00:00,9999-01-01 00:00:00,PDALI0003,ประกันรถยนต์ชั้น 3 (ALI),ALI,Non-Life,2,การประกันรถโดยความสมัครใจ,,Motor,Main,,,,,,,0.18,,,,,,,,,,,0.12,,,,,,,,,,,0.12,,,,,,,,,,
28,CMALI0004001,2000-01-01 00:00:00,9999-01-01 00:00:00,PDALI0004,ประกันรถยนต์ชั้น 2+ (ALI),ALI,Non-Life,2,การประกันรถโดยความสมัครใจ,,Motor,Main,,,,,,,0.18,,,,,,,,,,,0.12,,,,,,,,,,,0.12,,,,,,,,,,
29,CMALI0005001,2000-01-01 00:00:00,9999-01-01 00:00:00,PDALI0005,ประกันรถยนต์ชั้น 3+ (ALI),ALI,Non-Life,2,การประกันรถโดยความสมัครใจ,,Motor,Main,,,,,,,0.18,,,,,,,,,,,0.12,,,,,,,,,,,0.12,,,,,,,,,,
30,CMALI0006001,2000-01-01 00:00:00,9999-01-01 00:00:00,PDALI0006,พรบ รถยนต์ (ALI),ALI,Non-Life,2,การประกันรถโดยข้อบังคับแห่งกฏหมาย,,Motor,Main,,,,,,,0.12,,,,,,,,,,,0.07,,,,,,,,,,,0.07,,,,,,,,,,
31,CMALI0007001,2000-01-01 00:00:00,9999-01-01 00:00:00,PDALI0007,ประกันอัคคีภัย (ALI),ALI,Non-Life,2,การประกันอัคคีภัย,อัคคีภัย,Non-Motor,Main,,,,,,,0.18,,,,,,,,,,,0.12,,,,,,,,,,,0.12,,,,,,,,,,
32,CMALI0008001,2000-01-01 00:00:00,9999-01-01 00:00:00,PDALI0008,ประกันอัคคีภัยแบบแผนสำเร็จรูป (ALI),ALI,Non-Life,2,การประกันอัคคีภัย,อัคคีภัย,Non-Motor,Main,,,,,,,0.18,,,,,,,,,,,0.12,,,,,,,,,,,0.12,,,,,,,,,,
33,CMALI0009001,2000-01-01 00:00:00,9999-01-01 00:00:00,PDALI0009,ประกันอุบัติเหตุส่วนบุคคล PA (ALI),ALI,Non-Life,2,การประกันภัยเบ็ดเตล็ด,ประกันอุบัติเหตุส่วนบุคคล,Non-Motor,Main,,,,,,,,,,,,,,,,,,0,,,,,,,,,,,0,,,,,,,,,,
34,CMALI0010001,2000-01-01 00:00:00,9999-01-01 00:00:00,PDALI0010,ประกันการเดินทาง (ALI),ALI,Non-Life,2,การประกันภัยเบ็ดเตล็ด,ประกันการเดินทาง,Non-Motor,Main,,,,,,,0.18,,,,,,,,,,,0.12,,,,,,,,,,,0.12,,,,,,,,,,
35,CMALI0011001,2000-01-01 00:00:00,9999-01-01 00:00:00,PDALI0011,ประกันสุขภาพ (ALI),ALI,Non-Life,2,การประกันภัยเบ็ดเตล็ด,สุขภาพ,Non-Motor,Main,,,,,,,0.12,,,,,,,,,,,0.07,,,,,,,,,,,0.07,,,,,,,,,,
36,CMALI0012001,2000-01-01 00:00:00,9999-01-01 00:00:00,PDALI0012,PA (ALI),ALI,Non-Life,2,การประกันภัยเบ็ดเตล็ด,ประกันอุบัติเหตุส่วนบุคคล,Non-Motor,Main,,,,,,,0.18,,,,,,,,,,,0.12,,,,,,,,,,,0.12,,,,,,,,,,
37,CMALI0013001,2000-01-01 00:00:00,9999-01-01 00:00:00,PDALI0013,ประกันการเดินทาง (ALI),ALI,Non-Life,2,การประกันภัยเบ็ดเตล็ด,ประกันการเดินทาง,Non-Motor,Main,,,,,,,0.18,,,,,,,,,,,0.12,,,,,,,,,,,0.12,,,,,,,,,,
38,CMALI0014001,2000-01-01 00:00:00,9999-01-01 00:00:00,PDALI0014,Happy SME Plus (ALI),ALI,Non-Life,2,การประกันอัคคีภัย,อัคคีภัย,Non-Motor,Main,,,,,,,0.18,,,,,,,,,,,0.12,,,,,,,,,,,0.12,,,,,,,,,,
39,CMALI0015001,2000-01-01 00:00:00,9999-01-01 00:00:00,PDALI0015,My Happy Home Plus (ALI),ALI,Non-Life,2,การประกันอัคคีภัย,อัคคีภัย,Non-Motor,Main,,,,,,,,,,,,,,,,,,0,,,,,,,,,,,0,,,,,,,,,,
40,CMALI0016001,2000-01-01 00:00:00,9999-01-01 00:00:00,PDALI0016,My Luxury Home Plus (ALI),ALI,Non-Life,2,การประกันอัคคีภัย,อัคคีภัย,Non-Motor,Main,,,,,,,,,,,,,,,,,,0,,,,,,,,,,,0,,,,,,,,,,
734,CMALI0017001,2000-01-01 00:00:00,1999-01-01 00:00:00,PDALI0017,ประกันความเสี่ยงภัย IAR (ALI),ALI,Non-Life,2,การประกันอัคคีภัย,อัคคีภัย,Non-Motor,Main,,,,,,,0.18,,,,,,,,,,,0.12,,,,,,,,,,,,,,,,,,,,,
735,CMALI0018001,2000-01-01 00:00:00,1999-01-01 00:00:00,PDALI0018,ความรับผิดตามกฏหมายต่อบุคคลภายนอก PL (ALI),ALI,Non-Life,2,การประกันอัคคีภัย,อัคคีภัย,Non-Motor,Main,,,,,,,,,,,,,,,,,,,,,,,,,,,,,,,,,,,,,,,
834,CMALI0019001,2025-07-03 00:00:00,9999-01-01 00:00:00,PDALI0019,ประกันความรับผิดของผู้ขนส่ง [Carrier Liability Insurance],ALI,Non-Life,2,การประกันภัยเบ็ดเตล็ด,,Non-Motor,Main,,,,,,,,,,,,,,,,,,,,,,,,,,,,,,,,,,,,,,,
886,CMALI0020001,2026-03-05 00:00:00,9999-01-01 00:00:00,PDALI0020,ประกันภัยความรับผิดต่อผลิตภัณฑ์ (ALI),ALI,Non-Life,2,การประกันภัยเบ็ดเตล็ด,เบ็ดเตล็ด,Non-Motor,Main,,,,,,,,,,,,,,,,,,,,,,,,,,,,,,,,,,,,,,,
41,CMAPR0001001,2000-01-01 00:00:00,9999-01-01 00:00:00,PDAPR0001,ประกันสุขภาพ (April),APR,Non-Life,2,การประกันภัยเบ็ดเตล็ด,สุขภาพ,Non-Motor,Main,,,,,,,0.18,,,,,,,,,,,0.12,,,,,,,,,,,0.12,,,,,,,,,,
42,CMASA0001001,2000-01-01 00:00:00,9999-01-01 00:00:00,PDASA0001,ประกันรถยนต์ชั้น 1 (ASIA),ASA,Non-Life,2,การประกันรถโดยความสมัครใจ,,Motor,Main,,,,,,,,,,,,,,,,,,0,,,,,,,,,,,0,,,,,,,,,,
43,CMASA0002001,2000-01-01 00:00:00,9999-01-01 00:00:00,PDASA0002,ประกันรถยนต์ชั้น 2 (ASIA),ASA,Non-Life,2,การประกันรถโดยความสมัครใจ,,Motor,Main,,,,,,,,,,,,,,,,,,0,,,,,,,,,,,0,,,,,,,,,,
44,CMASA0003001,2000-01-01 00:00:00,9999-01-01 00:00:00,PDASA0003,ประกันรถยนต์ชั้น 2 Package (ASIA),ASA,Non-Life,2,การประกันรถโดยความสมัครใจ,,Motor,Main,,,,,,,,,,,,,,,,,,0,,,,,,,,,,,0,,,,,,,,,,
45,CMASA0004001,2000-01-01 00:00:00,9999-01-01 00:00:00,PDASA0004,"ประกันรถยนต์ชั้น 3 [เก๋ง,ตู้,กระบะ] (ASIA)",ASA,Non-Life,2,การประกันรถโดยความสมัครใจ,,Motor,Main,,,,,,,,,,,,,,,,,,0,,,,,,,,,,,0,,,,,,,,,,
46,CMASA0005001,2000-01-01 00:00:00,9999-01-01 00:00:00,PDASA0005,ประกันรถยนต์ชั้น 3 Package (ASIA),ASA,Non-Life,2,การประกันรถโดยความสมัครใจ,,Motor,Main,,,,,,,,,,,,,,,,,,0,,,,,,,,,,,0,,,,,,,,,,
47,CMASA0006001,2000-01-01 00:00:00,9999-01-01 00:00:00,PDASA0006,"ประกันรถยนต์ชั้น 3 [แทกซี่, อื่นๆ] (ASIA)",ASA,Non-Life,2,การประกันรถโดยความสมัครใจ,,Motor,Main,,,,,,,,,,,,,,,,,,0,,,,,,,,,,,0,,,,,,,,,,
48,CMASA0007001,2000-01-01 00:00:00,9999-01-01 00:00:00,PDASA0007,"ประกันรถยนต์ชั้น 2+ [เก๋ง,ตู้,กระบะ] (ASIA)",ASA,Non-Life,2,การประกันรถโดยความสมัครใจ,,Motor,Main,,,,,,,,,,,,,,,,,,0,,,,,,,,,,,0,,,,,,,,,,
49,CMASA0008001,2000-01-01 00:00:00,9999-01-01 00:00:00,PDASA0008,"ประกันรถยนต์ชั้น 2+ [ทุน100K, 35Up] (ASIA)",ASA,Non-Life,2,การประกันรถโดยความสมัครใจ,,Motor,Main,,,,,,,,,,,,,,,,,,0,,,,,,,,,,,0,,,,,,,,,,
50,CMASA0009001,2000-01-01 00:00:00,9999-01-01 00:00:00,PDASA0009,ประกันรถยนต์ชั้น 2+ [จักรยานยนต์] (ASIA),ASA,Non-Life,2,การประกันรถโดยความสมัครใจ,,Motor,Main,,,,,,,,,,,,,,,,,,0,,,,,,,,,,,0,,,,,,,,,,
51,CMASA0010001,2000-01-01 00:00:00,9999-01-01 00:00:00,PDASA0010,"ประกันรถยนต์ชั้น 3+ [เก๋ง,ตู้,กระบะ] (ASIA)",ASA,Non-Life,2,การประกันรถโดยความสมัครใจ,,Motor,Main,,,,,,,,,,,,,,,,,,0,,,,,,,,,,,0,,,,,,,,,,
52,CMASA0011001,2000-01-01 00:00:00,9999-01-01 00:00:00,PDASA0011,ประกันรถยนต์ชั้น 3+ รถตู้รับจ้าง (ASIA),ASA,Non-Life,2,การประกันรถโดยความสมัครใจ,,Motor,Main,,,,,,,,,,,,,,,,,,0,,,,,,,,,,,0,,,,,,,,,,
53,CMASA0012001,2000-01-01 00:00:00,9999-01-01 00:00:00,PDASA0012,ประกันรถยนต์ชั้น 3+ ระยะสั้น1เดือน (ASIA),ASA,Non-Life,2,การประกันรถโดยความสมัครใจ,,Motor,Main,,,,,,,,,,,,,,,,,,0,,,,,,,,,,,0,,,,,,,,,,
54,CMASA0013001,2000-01-01 00:00:00,9999-01-01 00:00:00,PDASA0013,พรบ รถยนต์ (ASIA),ASA,Non-Life,2,การประกันรถโดยข้อบังคับแห่งกฏหมาย,,Motor,Main,,,,,,,,,,,,,,,,,,0,,,,,,,,,,,0,,,,,,,,,,
55,CMASA0014001,2000-01-01 00:00:00,9999-01-01 00:00:00,PDASA0014,พรบ รถยนต์ ประเภทอื่นๆ (ASIA),ASA,Non-Life,2,การประกันรถโดยข้อบังคับแห่งกฏหมาย,,Motor,Main,,,,,,,,,,,,,,,,,,0,,,,,,,,,,,0,,,,,,,,,,
56,CMASA0015001,2000-01-01 00:00:00,9999-01-01 00:00:00,PDASA0015,ประกันอัคคีภัย (ASIA),ASA,Non-Life,2,การประกันอัคคีภัย,อัคคีภัย,Non-Motor,Main,,,,,,,,,,,,,,,,,,0,,,,,,,,,,,0,,,,,,,,,,
57,CMASA0016001,2000-01-01 00:00:00,9999-01-01 00:00:00,PDASA0016,ประกันอุบัติเหตุส่วนบุคคล PA [นักเรียน] (ASIA),ASA,Non-Life,2,การประกันภัยเบ็ดเตล็ด,ประกันอุบัติเหตุส่วนบุคคล,Non-Motor,Main,,,,,,,,,,,,,,,,,,0,,,,,,,,,,,0,,,,,,,,,,
58,CMASA0017001,2000-01-01 00:00:00,9999-01-01 00:00:00,PDASA0017,ประกันอุบัติเหตุส่วนบุคคล PA (ASIA),ASA,Non-Life,2,การประกันภัยเบ็ดเตล็ด,ประกันอุบัติเหตุส่วนบุคคล,Non-Motor,Main,,,,,,,,,,,,,,,,,,0,,,,,,,,,,,0,,,,,,,,,,
59,CMASA0018001,2000-01-01 00:00:00,9999-01-01 00:00:00,PDASA0018,PA Cover / Value (ASIA),ASA,Non-Life,2,การประกันภัยเบ็ดเตล็ด,ประกันอุบัติเหตุส่วนบุคคล,Non-Motor,Main,,,,,,,,,,,,,,,,,,0,,,,,,,,,,,0,,,,,,,,,,
60,CMASA0019001,2000-01-01 00:00:00,9999-01-01 00:00:00,PDASA0019,ประกันการเดินทาง (ASIA),ASA,Non-Life,2,การประกันภัยเบ็ดเตล็ด,ประกันการเดินทาง,Non-Motor,Main,,,,,,,,,,,,,,,,,,0,,,,,,,,,,,0,,,,,,,,,,
61,CMASA0020001,2000-01-01 00:00:00,9999-01-01 00:00:00,PDASA0020,ประกันสุขภาพ (ASIA),ASA,Non-Life,2,การประกันภัยเบ็ดเตล็ด,สุขภาพ,Non-Motor,Main,,,,,,,,,,,,,,,,,,0,,,,,,,,,,,0,,,,,,,,,,
62,CMASA0021001,2000-01-01 00:00:00,9999-01-01 00:00:00,PDASA0021,Home+ (ASIA),ASA,Non-Life,2,การประกันอัคคีภัย,อัคคีภัย,Non-Motor,Main,,,,,,,,,,,,,,,,,,0,,,,,,,,,,,0,,,,,,,,,,
63,CMASA0022001,2000-01-01 00:00:00,9999-01-01 00:00:00,PDASA0022,SME+ (ASIA),ASA,Non-Life,2,การประกันอัคคีภัย,อัคคีภัย,Non-Motor,Main,,,,,,,,,,,,,,,,,,0,,,,,,,,,,,0,,,,,,,,,,
64,CMASA0023001,2000-01-01 00:00:00,9999-01-01 00:00:00,PDASA0023,Cancer (ASIA),ASA,Non-Life,2,การประกันภัยเบ็ดเตล็ด,ประกันอุบัติเหตุส่วนบุคคล,Non-Motor,Main,,,,,,,,,,,,,,,,,,0,,,,,,,,,,,0,,,,,,,,,,
65,CMASA0024001,2000-01-01 00:00:00,9999-01-01 00:00:00,PDASA0024,PA+COVID19 (ASIA),ASA,Non-Life,2,การประกันภัยเบ็ดเตล็ด,ประกันอุบัติเหตุส่วนบุคคล,Non-Motor,Main,,,,,,,,,,,,,,,,,,0,,,,,,,,,,,0,,,,,,,,,,
66,CMASA0025001,2000-01-01 00:00:00,9999-01-01 00:00:00,PDASA0025,COVID (ASIA),ASA,Non-Life,2,การประกันภัยเบ็ดเตล็ด,ประกันอุบัติเหตุส่วนบุคคล,Non-Motor,Main,,,,,,,,,,,,,,,,,,0,,,,,,,,,,,0,,,,,,,,,,
67,CMASA0026001,2000-01-01 00:00:00,9999-01-01 00:00:00,PDASA0026,ประกันรถยนต์ชั้น 2+ 90วัน (ASIA),ASA,Non-Life,2,การประกันรถโดยความสมัครใจ,,Motor,Main,,,,,,,,,,,,,,,,,,0,,,,,,,,,,,0,,,,,,,,,,
68,CMASE0001001,2000-01-01 00:00:00,9999-01-01 00:00:00,PDASE0001,ประกันรถยนต์ชั้น 1 (สินทรัพย์),ASE,Non-Life,2,การประกันรถโดยความสมัครใจ,,Motor,Main,,,,,,,,,,,,,,,,,,0,,,,,,,,,,,0,,,,,,,,,,
69,CMASE0002001,2000-01-01 00:00:00,9999-01-01 00:00:00,PDASE0002,ประกันรถยนต์ชั้น 2 (สินทรัพย์),ASE,Non-Life,2,การประกันรถโดยความสมัครใจ,,Motor,Main,,,,,,,,,,,,,,,,,,0,,,,,,,,,,,0,,,,,,,,,,
70,CMASE0003001,2000-01-01 00:00:00,9999-01-01 00:00:00,PDASE0003,ประกันรถยนต์ชั้น 3 (สินทรัพย์),ASE,Non-Life,2,การประกันรถโดยความสมัครใจ,,Motor,Main,,,,,,,,,,,,,,,,,,0,,,,,,,,,,,0,,,,,,,,,,
71,CMASE0004001,2000-01-01 00:00:00,9999-01-01 00:00:00,PDASE0004,ประกันรถยนต์ชั้น 2+ (สินทรัพย์),ASE,Non-Life,2,การประกันรถโดยความสมัครใจ,,Motor,Main,,,,,,,,,,,,,,,,,,0,,,,,,,,,,,0,,,,,,,,,,
72,CMASE0005001,2000-01-01 00:00:00,9999-01-01 00:00:00,PDASE0005,ประกันรถยนต์ชั้น 3+ (สินทรัพย์),ASE,Non-Life,2,การประกันรถโดยความสมัครใจ,,Motor,Main,,,,,,,,,,,,,,,,,,0,,,,,,,,,,,0,,,,,,,,,,
73,CMASE0006001,2000-01-01 00:00:00,9999-01-01 00:00:00,PDASE0006,พรบ รถยนต์ (สินทรัพย์),ASE,Non-Life,2,การประกันรถโดยข้อบังคับแห่งกฏหมาย,,Motor,Main,,,,,,,,,,,,,,,,,,0,,,,,,,,,,,0,,,,,,,,,,
74,CMASE0007001,2000-01-01 00:00:00,9999-01-01 00:00:00,PDASE0007,COVID (สินทรัพย์),ASE,Non-Life,2,การประกันภัยเบ็ดเตล็ด,ประกันอุบัติเหตุส่วนบุคคล,Non-Motor,Main,,,,,,,,,,,,,,,,,,0,,,,,,,,,,,0,,,,,,,,,,
75,CMASE0008001,2000-01-01 00:00:00,9999-01-01 00:00:00,PDASE0008,ประกันอัคคีภัย-บ้านที่อยู่อาศัย (สินทรัพย์),ASE,Non-Life,2,การประกันอัคคีภัย,อัคคีภัย,Non-Motor,Main,,,,,,,0.18,,,,,,,,,,,0.08,,,,,,,,,,,0.08,,,,,,,,,,
76,CMAXA0001001,2000-01-01 00:00:00,9999-01-01 00:00:00,PDAXA0001,ประกันอัคคีภัย (AXA),AXA,Non-Life,2,การประกันอัคคีภัย,อัคคีภัย,Non-Motor,Main,,,,,,,0.23,,,,,,,,,,,0.12,,,,,,,,,,,0.12,,,,,,,,,,
77,CMAXA0002001,2000-01-01 00:00:00,9999-01-01 00:00:00,PDAXA0002,ประกันอุบัติเหตุส่วนบุคคล PA กลุ่ม (AXA),AXA,Non-Life,2,การประกันภัยเบ็ดเตล็ด,ประกันกลุ่ม,Non-Motor,Main,,,,,,,0.18,,,,,,,,,,,0.11,,,,,,,,,,,0.11,,,,,,,,,,
78,CMAXA0003001,2000-01-01 00:00:00,9999-01-01 00:00:00,PDAXA0003,ประกันรถยนต์ชั้น 3+ (AXA),AXA,Non-Life,2,การประกันรถโดยความสมัครใจ,,Motor,Main,,,,,,,0.18,,,,,,,,,,,0.12,,,,,,,,,,,0.12,,,,,,,,,,
79,CMAXA0004001,2000-01-01 00:00:00,9999-01-01 00:00:00,PDAXA0004,ประกันรถยนต์ชั้น 1 (AXA),AXA,Non-Life,2,การประกันรถโดยความสมัครใจ,,Motor,Main,,,,,,,0.18,,,,,,,,,,,0.12,,,,,,,,,,,0.12,,,,,,,,,,
80,CMAXA0005001,2000-01-01 00:00:00,9999-01-01 00:00:00,PDAXA0005,พรบ รถยนต์ (AXA),AXA,Non-Life,2,การประกันรถโดยข้อบังคับแห่งกฏหมาย,,Motor,Main,,,,,,,0.12,,,,,,,,,,,0.07,,,,,,,,,,,0.07,,,,,,,,,,
81,CMAXA0006001,2000-01-01 00:00:00,9999-01-01 00:00:00,PDAXA0006,ประกันการเดินทาง (AXA),AXA,Non-Life,2,การประกันภัยเบ็ดเตล็ด,ประกันการเดินทาง,Non-Motor,Main,,,,,,,0.18,,,,,,,,,,,0.11,,,,,,,,,,,0.11,,,,,,,,,,
82,CMAXA0007001,2000-01-01 00:00:00,9999-01-01 00:00:00,PDAXA0007,ประกันรถยนต์ชั้น 2+ (AXA),AXA,Non-Life,2,การประกันรถโดยความสมัครใจ,,Motor,Main,,,,,,,0.18,,,,,,,,,,,0.12,,,,,,,,,,,0.12,,,,,,,,,,
83,CMAXA0008001,2000-01-01 00:00:00,9999-01-01 00:00:00,PDAXA0008,ประกันภัยความรับผิดผู้ขนส่ง Carrier's Liability(AXA),AXA,Non-Life,2,การประกันภัยเบ็ดเตล็ด,ขนส่ง,Non-Motor,Main,,,,,,,0.18,,,,,,,,,,,0.11,,,,,,,,,,,0.11,,,,,,,,,,
84,CMAXA0009001,2000-01-01 00:00:00,9999-01-01 00:00:00,PDAXA0009,ประกันธุรกิจนำเที่ยวและมัคคุเทศก์ (AXA),AXA,Non-Life,2,การประกันภัยเบ็ดเตล็ด,เบ็ดเตล็ด,Non-Motor,Main,,,,,,,0.18,,,,,,,,,,,0.11,,,,,,,,,,,0.11,,,,,,,,,,
741,CMAXA0038001,2000-01-01 00:00:00,9999-01-01 00:00:00,PDAXA0038,ประกันอุบัติเหตุส่วนบุคคล PA (AXA),AXA,Non-Life,2,การประกันภัยเบ็ดเตล็ด,ประกันอุบัติเหตุส่วนบุคคล,Non-Motor,Main,,,,,,,,,,,,,,,,,,,,,,,,,,,,,,,,,,,,,,,
851,CMAXA0039001,2025-09-10 00:00:00,9999-01-01 00:00:00,PDAXA0039,ประกันสุขภาพ (AXA),AXA,Non-Life,2,การประกันภัยเบ็ดเตล็ด,สุขภาพ,Non-Motor,Main,,,,,,,0.18,0.18,0.18,0.18,0.18,0.18,0.18,0.18,0.18,0.18,0.18,0.12,0.12,0.12,0.12,0.12,0.12,0.12,0.12,0.12,0.12,0.12,0.12,0.12,0.12,0.12,0.12,0.12,0.12,0.12,0.12,0.12,0.12
859,CMAXA0040001,2025-11-12 00:00:00,9999-01-01 00:00:00,PDAXA0040,ประกันทรัพย์สิน IAR (AXA),AXA,Non-Life,2,การประกันอัคคีภัย,อัคคีภัย,Non-Motor,Main,,,,,,,,,,,,,,,,,,,,,,,,,,,,,,,,,,,,,,,
860,CMAXA0041001,2025-11-12 00:00:00,9999-01-01 00:00:00,PDAXA0041,ความรับผิดตามกฏหมายต่อบุคคลภายนอก PL (AXA),AXA,Non-Life,2,การประกันภัยเบ็ดเตล็ด,เบ็ดเตล็ด,Non-Motor,Main,,,,,,,,,,,,,,,,,,,,,,,,,,,,,,,,,,,,,,,
875,CMAXA0042001,2026-01-14 00:00:00,9999-01-01 00:00:00,PDAXA0042,ประกันรถยนต์ชั้น 3  (AXA),AXA,Non-Life,2,การประกันรถโดยความสมัครใจ,,Motor,Main,,,,,,,,,,,,,,,,,,,,,,,,,,,,,,,,,,,,,,,
85,CMBKI0001001,2000-01-01 00:00:00,9999-01-01 00:00:00,PDBKI0001,ประกันรถยนต์ชั้น 1 (BKI),BKI,Non-Life,2,การประกันรถโดยความสมัครใจ,,Motor,Main,,,,,,,0.18,,,,,,,,,,,0.1,,,,,,,,,,,0.1,,,,,,,,,,
86,CMBKI0002001,2000-01-01 00:00:00,9999-01-01 00:00:00,PDBKI0002,ประกันรถยนต์ชั้น 2  (BKI),BKI,Non-Life,2,การประกันรถโดยความสมัครใจ,,Motor,Main,,,,,,,0.18,,,,,,,,,,,0.12,,,,,,,,,,,0.12,,,,,,,,,,
87,CMBKI0003001,2000-01-01 00:00:00,9999-01-01 00:00:00,PDBKI0003,ประกันรถยนต์ชั้น 3 (BKI),BKI,Non-Life,2,การประกันรถโดยความสมัครใจ,,Motor,Main,,,,,,,0.18,,,,,,,,,,,0.1,,,,,,,,,,,0.1,,,,,,,,,,
88,CMBKI0004001,2000-01-01 00:00:00,9999-01-01 00:00:00,PDBKI0004,ประกันรถยนต์ชั้น 2+ (BKI),BKI,Non-Life,2,การประกันรถโดยความสมัครใจ,,Motor,Main,,,,,,,0.18,,,,,,,,,,,0.1,,,,,,,,,,,0.1,,,,,,,,,,
89,CMBKI0005001,2000-01-01 00:00:00,9999-01-01 00:00:00,PDBKI0005,ประกันรถยนต์ชั้น 3+ (BKI),BKI,Non-Life,2,การประกันรถโดยความสมัครใจ,,Motor,Main,,,,,,,0.18,,,,,,,,,,,0.1,,,,,,,,,,,0.1,,,,,,,,,,
90,CMBKI0006001,2000-01-01 00:00:00,9999-01-01 00:00:00,PDBKI0006,พรบ รถยนต์ (BKI),BKI,Non-Life,2,การประกันรถโดยข้อบังคับแห่งกฏหมาย,,Motor,Main,,,,,,,0.12,,,,,,,,,,,0.07,,,,,,,,,,,0.07,,,,,,,,,,
91,CMBKI0007001,2000-01-01 00:00:00,9999-01-01 00:00:00,PDBKI0007,ประกันอัคคีภัย (BKI),BKI,Non-Life,2,การประกันอัคคีภัย,อัคคีภัย,Non-Motor,Main,,,,,,,0.23,,,,,,,,,,,0.12,,,,,,,,,,,0.12,,,,,,,,,,
92,CMBKI0008001,2000-01-01 00:00:00,9999-01-01 00:00:00,PDBKI0008,COVID (BKI),BKI,Non-Life,2,การประกันภัยเบ็ดเตล็ด,ประกันอุบัติเหตุส่วนบุคคล,Non-Motor,Main,,,,,,,,,,,,,,,,,,0,,,,,,,,,,,0,,,,,,,,,,
93,CMBKI0009001,2000-01-01 00:00:00,9999-01-01 00:00:00,PDBKI0009,ประกันสุขภาพ (BKI),BKI,Non-Life,2,การประกันภัยเบ็ดเตล็ด,สุขภาพ,Non-Motor,Main,,,,,,,0.18,,,,,,,,,,,0.1,,,,,,,,,,,0.1,,,,,,,,,,
94,CMBKI0010001,2000-01-01 00:00:00,9999-01-01 00:00:00,PDBKI0010,ประกันโรคร้ายแรง (BKI),BKI,Non-Life,2,การประกันภัยเบ็ดเตล็ด,สุขภาพ,Non-Motor,Main,,,,,,,0.18,,,,,,,,,,,0.11,,,,,,,,,,,0.11,,,,,,,,,,
95,CMBKI0011001,2000-01-01 00:00:00,9999-01-01 00:00:00,PDBKI0011,ประกันอุบัติเหตุส่วนบุคคล PA (BKI),BKI,Non-Life,2,การประกันภัยเบ็ดเตล็ด,ประกันอุบัติเหตุส่วนบุคคล,Non-Motor,Main,,,,,,,0.18,,,,,,,,,,,0.12,,,,,,,,,,,0.12,,,,,,,,,,
96,CMBKI0012001,2000-01-01 00:00:00,9999-01-01 00:00:00,PDBKI0012,ประกันวิชาชีพ (BKI),BKI,Non-Life,2,การประกันภัยเบ็ดเตล็ด,วิชาชีพ,Non-Motor,Main,,,,,,,0.18,,,,,,,,,,,0.12,,,,,,,,,,,0.12,,,,,,,,,,
780,CMBKI0013001,2000-01-01 00:00:00,9999-01-01 00:00:00,PDBKI0013,ประกันภัยสำหรับธุรกิจขนาดกลางและขนาดย่อม SME (BKI),BKI,Non-Life,2,การประกันอัคคีภัย,อัคคีภัย,Non-Motor,Main,,,,,,,,,,,,,,,,,,,,,,,,,,,,,,,,,,,,,,,
788,CMBKI0014001,2000-01-01 00:00:00,9999-01-01 00:00:00,PDBKI0014,ประกันภัยความรับผิดผู้ขนส่ง Carrier's Liability (BKI),BKI,Non-Life,2,การประกันภัยเบ็ดเตล็ด,ขนส่ง,Non-Motor,Main,,,,,,,,,,,,,,,,,,,,,,,,,,,,,,,,,,,,,,,
823,CMBKI0015001,2000-01-01 00:00:00,9999-01-01 00:00:00,PDBKI0015,ประกันภัยดำน้ำ (BKI),BKI,Non-Life,2,การประกันภัยเบ็ดเตล็ด,เบ็ดเตล็ด,Non-Motor,Main,,,,,,,,,,,,,,,,,,,,,,,,,,,,,,,,,,,,,,,
855,CMBKI0016001,2025-10-17 00:00:00,9999-01-01 00:00:00,PDBKI0016,ประกันการเดินทาง TA (BKI),BKI,Non-Life,2,การประกันภัยเบ็ดเตล็ด,ประกันการเดินทาง,Non-Motor,Main,,,,,,,,,,,,,,,,,,,,,,,,,,,,,,,,,,,,,,,
858,CMBKI0017001,2025-10-30 00:00:00,9999-01-01 00:00:00,PDBKI0017,ประกันภัยการก่อสร้าง CAR [กรุงเทพประกันภัย] (BKI),BKI,Non-Life,2,การประกันภัยเบ็ดเตล็ด,เบ็ดเตล็ด,Non-Motor,Main,,,,,,,,,,,,,,,,,,,,,,,,,,,,,,,,,,,,,,,
867,CMBKI0018001,2025-12-17 00:00:00,9999-01-01 00:00:00,PDBKI0018,ประกันความเสี่ยงภัยททรัพย์สิน IAR (BKI),BKI,Non-Life,2,การประกันอัคคีภัย,อัคคีภัย,Non-Motor,Main,,,,,,,,,,,,,,,,,,,,,,,,,,,,,,,,,,,,,,,
868,CMBKI0019001,2025-12-17 00:00:00,9999-01-01 00:00:00,PDBKI0019,ประกันภัยความรับผิดต่อบุคคลภายนอก (BKI),BKI,Non-Life,2,การประกันภัยเบ็ดเตล็ด,เบ็ดเตล็ด,Non-Motor,Main,,,,,,,,,,,,,,,,,,,,,,,,,,,,,,,,,,,,,,,
319,CMBLA00010001,2000-01-01 00:00:00,9999-01-01 00:00:00,PDBLA0001,ห่วงรัก พรีเมียร์,BLA,Life,1,ประเภทสามัญ,ประกันตลอดชีพ,Life,Main,0,60,100000,199999,,,0.3,0.16,0.1,0.04,0.04,0.04,0.015,0.015,0.015,0.015,0.015,0.24,0.112,0.07,0.028,0.028,0.028,0.0105,0.0105,0.0105,0.0105,0.0105,0.24,0.112,0.07,0.028,0.028,,,,,,
320,CMBLA00020001,2000-01-01 00:00:00,9999-01-01 00:00:00,PDBLA0002,ห่วงรัก พรีเมียร์ (มีเงินปันผล)ชำระเบี้ย 5 ปี,BLA,Life,1,ประเภทสามัญ,ประกันตลอดชีพ,Life,Main,0,60,100000,299999,,,0.1,0.05,0.03,0.03,0.03,,,,,,,0.08,0.035,0.021,0.021,0.021,0,0,0,0,0,0,0.08,0.035,0.021,0.021,0.021,,,,,,
321,CMBLA00030001,2000-01-01 00:00:00,9999-01-01 00:00:00,PDBLA0003,ห่วงรัก พรีเมียร์ (มีเงินปันผล)ชำระเบี้ย 10 ปี,BLA,Life,1,ประเภทสามัญ,ประกันตลอดชีพ,Life,Main,0,60,100000,299999,,,0.2,0.1,0.05,0.02,0.02,0.02,0.02,,,,,0.16,0.07,0.035,0.014,0.014,0.014,0.014,0,0,0,0.014,0.16,0.07,0.035,0.014,0.014,,,,,,
322,CMBLA00040001,2000-01-01 00:00:00,9999-01-01 00:00:00,PDBLA0004,ห่วงรัก พรีเมียร์ (มีเงินปันผล)ชำระเบี้ย 15 ปี,BLA,Life,1,ประเภทสามัญ,ประกันตลอดชีพ,Life,Main,0,60,100000,299999,,,0.25,0.13,0.07,0.02,0.02,0.02,0.02,0.02,0.02,0.02,0.02,0.2,0.091,0.049,0.014,0.014,0.014,0.014,0.014,0.014,0.014,0.014,0.2,0.091,0.049,0.014,0.014,,,,,,
323,CMBLA00050001,2000-01-01 00:00:00,9999-01-01 00:00:00,PDBLA0005,ห่วงรัก พรีเมียร์ (มีเงินปันผล)ชำระเบี้ย 20 ปี,BLA,Life,1,ประเภทสามัญ,ประกันตลอดชีพ,Life,Main,0,60,100000,299999,,,0.3,0.15,0.08,0.05,0.02,0.02,0.02,0.02,0.02,0.02,0.02,0.24,0.105,0.056,0.035,0.014,0.014,0.014,0.014,0.014,0.014,0.014,0.24,0.105,0.056,0.035,0.014,,,,,,
324,CMBLA00060001,2000-01-01 00:00:00,9999-01-01 00:00:00,PDBLA0006,ห่วงรั พรีเมียร์ 9901 (มีเงินปัญผล),BLA,Life,1,ประเภทสามัญ,ประกันตลอดชีพ,Life,Main,0,60,,,,,0.01,,,,,,,,,,,0.008,0,0,0,0,0,0,0,0,0,0,0.008,0,0,0,0,,,,,,
325,CMBLA00070001,2000-01-01 00:00:00,9999-01-01 00:00:00,PDBLA0007,บีแอลเอ เพรสทีจ ไลฟ์ 9901,BLA,Life,1,ประเภทสามัญ,ประกันตลอดชีพ,Life,Main,0,60,,,,,0.01,,,,,,,,,,,0.008,0,0,0,0,0,0,0,0,0,0,0.008,0,0,0,0,,,,,,
326,CMBLA00080001,2000-01-01 00:00:00,9999-01-01 00:00:00,PDBLA0008,ห่วงรักสมาร์ท,BLA,Life,1,ประเภทสามัญ,ประกันตลอดชีพ,Life,Main,0,60,50000,149999,,,0.3,0.12,0.08,0.04,0.04,0.04,0.01,0.01,0.01,0.01,0.01,0.24,0.084,0.056,0.028,0.028,0.028,0.007,0.007,0.007,0.007,0.007,0.24,0.084,0.056,0.028,0.028,,,,,,
327,CMBLA0009001,2000-01-01 00:00:00,9999-01-01 00:00:00,PDBLA0009,บีแอลเอ เพรสทีจ ไลฟ์ ชำระเบี้ย 5 ปี (มีเงินปันผล),BLA,Life,1,ประเภทสามัญ,ประกันตลอดชีพ,Life,Main,,,,,,,0.1,0.05,0.03,0.03,0.03,,,,,,,0.08,0.035,0.021,0.021,0.021,0,0,0,0,0,0,0.08,0.035,0.021,0.021,0.021,,,,,,
328,CMBLA0010001,2000-01-01 00:00:00,9999-01-01 00:00:00,PDBLA0010,บีแอลเอ เพรสทีจ ไลฟ์ ชำระเบี้ย 10 ปี (มีเงินปันผล),BLA,Life,1,ประเภทสามัญ,ประกันตลอดชีพ,Life,Main,,,,,,,0.3,0.15,0.08,0.01,0.01,0.01,0.01,,,,,0.24,0.105,0.056,0.007,0.007,0.007,0.007,0,0,0,0.007,0.24,0.105,0.056,0.007,0.007,,,,,,
329,CMBLA0011001,2000-01-01 00:00:00,9999-01-01 00:00:00,PDBLA0011,บีแอลเอ เพรสทีจ ไลฟ์ ชำระเบี้ย 15 ปี (มีเงินปันผล),BLA,Life,1,ประเภทสามัญ,ประกันตลอดชีพ,Life,Main,,,,,,,0.4,0.18,0.1,0.01,0.01,0.01,0.01,0.01,0.01,0.01,0.01,0.32,0.126,0.07,0.007,0.007,0.007,0.007,0.007,0.007,0.007,0.007,0.32,0.126,0.07,0.007,0.007,,,,,,
330,CMBLA00120001,2000-01-01 00:00:00,9999-01-01 00:00:00,PDBLA0012,กรุงเทพ 188 ชำระเบี้ย 12 ปี,BLA,Life,1,ประเภทสามัญ,ประกันสะสมทรัพย์,Life,Main,0,45,0,299999,,,0.2,0.08,0.05,0.02,0.02,0.02,0.02,0.02,0.02,0.02,0.02,0.16,0.056,0.035,0.014,0.014,0.014,0.014,0.014,0.014,0.014,0.014,0.16,0.056,0.035,0.014,0.014,,,,,,
331,CMBLA0013001,2000-01-01 00:00:00,9999-01-01 00:00:00,PDBLA0013,บีแอลเอ ตลอดชีพ 99,BLA,Life,1,ประเภทสามัญ,ประกันตลอดชีพ,Life,Main,11,80,,,,,0.1,0.05,0.05,0.05,0.05,0.05,0.05,0.05,0.05,0.05,0.05,0.08,0.035,0.035,0.035,0.035,0.035,0.035,0.035,0.035,0.035,0.035,0.08,0.035,0.035,0.035,0.035,,,,,,
332,CMBLA00140001,2000-01-01 00:00:00,9999-01-01 00:00:00,PDBLA0014,บีแอลเอ แฮปปี้เซฟวิ่ง 126,BLA,Life,1,ประเภทสามัญ,ประกันสะสมทรัพย์,Life,Main,0,60,,,,,0.0275,0.011,0.007,0.0035,0.0035,0.0035,,,,,,0.022,0.0077,0.0049,0.0025,0.0025,0.0025,0,0,0,0,0,0.022,0.0077,0.0049,0.0025,0.0025,,,,,,
333,CMBLA0015001,2000-01-01 00:00:00,9999-01-01 00:00:00,PDBLA0015,บีแอลเอ แฮปปี้เซฟวิ่ง 10/5 (มีเงินปันผล),BLA,Life,1,ประเภทสามัญ,ประกันสะสมทรัพย์,Life,Main,0,80,,,,,0.02,0.008,0.005,0.0025,,,,,,,,0.016,0.0056,0.0035,0.0018,0,0,0,0,0,0,,0.016,0.0056,0.0035,0.0018,0,,,,,,
334,CMBLA00160001,2000-01-01 00:00:00,9999-01-01 00:00:00,PDBLA0016,บีแอลเอ แฮปปี้เซฟวิ่ง 14/7 (มีเงินปันผล),BLA,Life,1,ประเภทสามัญ,ประกันสะสมทรัพย์,Life,Main,0,50,,,,,0.05,0.02,0.0125,0.01,0.01,0.01,0.01,0.01,0.01,0.01,0.01,0.04,0.014,0.0087,0.007,0.007,0.007,0.007,0.007,0.007,0.007,0.007,0.04,0.014,0.0087,0.007,0.007,,,,,,
335,CMBLA00170001,2000-01-01 00:00:00,9999-01-01 00:00:00,PDBLA0017,บีแอลเอ แฮปปี้เซฟวิ่ง 18/10 (มีเงินปันผล),BLA,Life,1,ประเภทสามัญ,ประกันสะสมทรัพย์,Life,Main,0,50,,,,,0.1,0.05,0.03,0.015,0.015,0.015,0.015,0.015,0.015,0.015,0.015,0.08,0.035,0.021,0.0105,0.0105,0.0105,0.0105,0.0105,0.0105,0.0105,0.0105,0.08,0.035,0.021,0.0105,0.0105,,,,,,
336,CMBLA00180001,2000-01-01 00:00:00,9999-01-01 00:00:00,PDBLA0018,บีแอลเอ แฮปปี้เซฟวิ่ง 2515 (มีเงินปันผล),BLA,Life,1,ประเภทสามัญ,ประกันสะสมทรัพย์,Life,Main,0,50,100000,199999,,,0.3,0.12,0.09,0.05,0.03,0.02,0.02,0.02,0.02,0.02,0.02,0.24,0.084,0.063,0.035,0.021,0.014,0.014,0.014,0.014,0.014,0.014,0.24,0.084,0.063,0.035,0.021,,,,,,
337,CMBLA00190001,2000-01-01 00:00:00,9999-01-01 00:00:00,PDBLA0019,บีแอลเอ ปันสุข 80/20,BLA,Life,1,ประเภทสามัญ,ประกันสะสมทรัพย์,Life,Main,0,50,,,,,0.4,0.2,0.1,0.03,0.03,0.03,0.02,0.02,0.02,0.02,0.02,0.32,0.14,0.07,0.021,0.021,0.021,0.014,0.014,0.014,0.014,0.014,0.32,0.14,0.07,0.021,0.021,,,,,,
338,CMBLA00200001,2000-01-01 00:00:00,9999-01-01 00:00:00,PDBLA0020,บีแอลเอ แฮปปี้เซฟวิ่ง 208,BLA,Life,1,ประเภทสามัญ,ประกันสะสมทรัพย์,Life,Main,,,,,,,0.05,0.025,0.0125,0.01,0.01,0.01,0.01,0.01,0.01,0.01,0.01,0.04,0.0175,0.0087,0.007,0.007,0.007,0.007,0.007,0.007,0.007,0.007,0.04,0.0175,0.0087,0.007,0.007,,,,,,
339,CMBLA00210001,2000-01-01 00:00:00,9999-01-01 00:00:00,PDBLA0021,กรุงเทพ 200,BLA,Life,1,ประเภทสามัญ,ประกันสะสมทรัพย์,Life,Main,,,,,,,0.225,0.12,0.09,0.05,0.03,0.02,,,,,,0.18,0.084,0.063,0.035,0.021,0.014,0,0,0,0,0,0.18,0.084,0.063,0.035,0.021,,,,,,
340,CMBLA00220001,2000-01-01 00:00:00,9999-01-01 00:00:00,PDBLA0022,บีแอลเอ ซีเนียร์สุขใจ (เพื่อผู้สูงอายุ),BLA,Life,1,ประเภทสามัญ,,Life,Main,,,,,,,0.2,0.1,0.07,0.05,0.04,0.02,0.02,0.02,0.02,0.02,0.02,0.16,0.07,0.049,0.035,0.028,0.014,0.014,0.014,0.014,0.014,0.014,0.16,0.07,0.049,0.035,0.028,,,,,,
341,CMBLA00230001,2000-01-01 00:00:00,9999-01-01 00:00:00,PDBLA0023,"โครงการ บีแอลเอ อุ่นใจ โรคร้าย (แผน1,2)",BLA,Life,1,ประเภทสามัญ,อนุสัญญา,Rider,Main,20,65,,,,,0.2,0.1,0.07,0.05,0.04,0.02,0.02,0.02,0.02,0.02,0.02,0.16,0.07,0.049,0.035,0.028,0.014,0.014,0.014,0.014,0.014,0.014,0.16,0.07,0.049,0.035,0.028,,,,,,
342,CMBLA00240001,2000-01-01 00:00:00,9999-01-01 00:00:00,PDBLA0024,"โครงการ บีแอลเอ อุ่นใจ โรคร้าย (แผน3,4,5,6,7)",BLA,Life,1,ประเภทสามัญ,อนุสัญญา,Rider,Main,20,65,,,,,0.25,0.12,0.09,0.05,0.04,0.02,0.02,0.02,0.02,0.02,0.02,0.2,0.084,0.063,0.035,0.028,0.014,0.014,0.014,0.014,0.014,0.014,0.2,0.084,0.063,0.035,0.028,,,,,,
343,CMBLA0025001,2000-01-01 00:00:00,9999-01-01 00:00:00,PDBLA0025,บีแอลเอ คุ้มครอง 2 พลัส (แบบคุ้มครองสูง2),BLA,Life,1,ประเภทสามัญ,อนุสัญญา,Rider,Main,,,,,,,0.4,0.18,0.12,0.05,0.04,0.02,0.02,0.02,0.02,0.02,0.02,0.32,0.126,0.084,0.035,0.028,0.014,0.014,0.014,0.014,0.014,0.014,0.32,0.126,0.084,0.035,0.028,,,,,,
344,CMBLA0026001,2000-01-01 00:00:00,9999-01-01 00:00:00,PDBLA0026,บีแอลเอ คุ้มครอง 2 พลัส (คุ้มครองทุพพลภาพ2),BLA,Life,1,ประเภทสามัญ,อนุสัญญา,Rider,Main,,,,,,,0.4,0.18,0.12,0.05,0.04,0.02,0.02,0.02,0.02,0.02,0.02,0.32,0.126,0.084,0.035,0.028,0.014,0.014,0.014,0.014,0.014,0.014,0.32,0.126,0.084,0.035,0.028,,,,,,
345,CMBLA00270001,2000-01-01 00:00:00,9999-01-01 00:00:00,PDBLA0027,บีแอลเอ แคนเซอร์ แม๊กซ์,BLA,Life,1,ประเภทสามัญ,อนุสัญญา,Rider,Main,0,50,,,,,0.4,0.16,0.1,0.05,0.03,0.03,0.03,0.03,0.03,0.03,0.03,0.32,0.112,0.07,0.035,0.021,0.021,0.021,0.021,0.021,0.021,0.021,0.32,0.112,0.07,0.035,0.021,,,,,,
346,CMBLA00280001,2000-01-01 00:00:00,9999-01-01 00:00:00,PDBLA0028,โครงการบีแอลเอ สมาร์ท ซีไอ,BLA,Life,1,ประเภทสามัญ,อนุสัญญา,Rider,Main,20,60,,,,,0.4,0.35,0.1,0.05,0.05,0.05,0.05,0.015,0.015,0.015,0.015,0.32,0.245,0.07,0.035,0.035,0.035,0.035,0.0105,0.0105,0.0105,0.035,0.32,0.245,0.07,0.035,0.035,,,,,,
347,CMBLA00290001,2000-01-01 00:00:00,9999-01-01 00:00:00,PDBLA0029,บีแอลเอ บำนาญ 99 ชำระเบี้ย 5 ปี,BLA,Life,1,ประเภทสามัญ,ประกันบำนาญ,Life,Main,,,,,,,0.05,0.02,0.015,0.01,0.01,,,,,,,0.04,0.014,0.0105,0.007,0.007,0,0,0,0,0,0,0.04,0.014,0.0105,0.007,0.007,,,,,,
348,CMBLA00300001,2000-01-01 00:00:00,9999-01-01 00:00:00,PDBLA0030,บีแอลเอ บำนาญ 99 ชำระเบี้ย 10 ปี,BLA,Life,1,ประเภทสามัญ,ประกันบำนาญ,Life,Main,,,,,,,0.075,0.04,0.02,0.01,0.01,,,,,,,0.06,0.028,0.014,0.007,0.007,0,0,0,0,0,0,0.06,0.028,0.014,0.007,0.007,,,,,,
349,CMBLA00310001,2000-01-01 00:00:00,9999-01-01 00:00:00,PDBLA0031,บีแอลเอ บำนาญ 99 ชำระเบี้ยถึงอายุ 60 ปี,BLA,Life,1,ประเภทสามัญ,ประกันบำนาญ,Life,Main,20,30,,,,,0.2,0.08,0.05,0.03,0.01,0.01,0.01,0.01,0.01,0.01,0.01,0.16,0.056,0.035,0.021,0.007,0.007,0.007,0.007,0.007,0.007,0.007,0.16,0.056,0.035,0.021,0.007,,,,,,
350,CMBLA00320001,2000-01-01 00:00:00,9999-01-01 00:00:00,PDBLA0032,บีแอลเอ เฮลธ์ พลัส,BLA,Life,1,ประเภทสามัญ,อนุสัญญา,Rider,Rider,0,5,,,,,0.1,0.1,0.1,0.1,0.1,0.1,0.1,0.1,1,1,1,0.08,0.07,0.07,0.07,0.07,0.07,0.07,0.07,0.7,0.7,0.07,0.08,0.07,0.07,0.07,0.07,,,,,,
351,CMBLA00330001,2000-01-01 00:00:00,9999-01-01 00:00:00,PDBLA0033,บีแอลเอ ซุเปอร์แคร์,BLA,Life,1,ประเภทสามัญ,อนุสัญญา,Rider,Rider,1,60,,,,,0.4,0.35,0.1,0.05,0.05,0.05,0.05,0.0115,0.0115,0.0115,0.0115,0.32,0.245,0.07,0.035,0.035,0.035,0.035,0.008,0.008,0.008,0.035,0.32,0.245,0.07,0.035,0.035,,,,,,
352,CMBLA0034001,2000-01-01 00:00:00,9999-01-01 00:00:00,PDBLA0034,บีแอลเอ แฮปปี้ เฮลธ์,BLA,Life,1,ประเภทสามัญ,อนุสัญญา,Rider,Rider,11,80,,,,,0.25,0.15,0.1,0.05,0.05,0.05,0.05,0.05,0.05,0.05,0.05,0.2,0.105,0.07,0.035,0.035,0.035,0.035,0.035,0.035,0.035,,0.2,0.105,0.07,0.035,0.035,,,,,,
353,CMBLA0035001,2000-01-01 00:00:00,9999-01-01 00:00:00,PDBLA0035,พี่เอ อุ่นใจรัก,BLA,Life,1,ประเภทสามัญ,,PA,Main,0,70,,,,,0.18,0.18,0.18,0.18,0.18,0.18,0.18,0.18,0.18,0.18,0.18,0.144,0.126,0.126,0.126,0.126,0.126,0.126,0.126,0.126,0.126,0.126,0.144,0.126,0.126,0.126,0.126,,,,,,
354,CMBLA00360001,2000-01-01 00:00:00,9999-01-01 00:00:00,PDBLA0036,การประกันภัยอุบัติเหตุแบบ อบ.1,BLA,Life,1,ประเภทสามัญ,อนุสัญญา,Rider,Rider,0,60,,,,,,,,,,,,,,,,,,,,,,,,,,,,,,,,,,,,,
355,CMBLA00370001,2000-01-01 00:00:00,9999-01-01 00:00:00,PDBLA0037,การประกันภัยอุบัติเหตุแบบ อบ.2,BLA,Life,1,ประเภทสามัญ,อนุสัญญา,Rider,Rider,0,60,,,,,,,,,,,,,,,,,,,,,,,,,,,,,,,,,,,,,
356,CMBLA0038001,2000-01-01 00:00:00,9999-01-01 00:00:00,PDBLA0038,การประกันภัยอุบัติเหตุแบบ อบ.3,BLA,Life,1,ประเภทสามัญ,อนุสัญญา,Rider,Rider,0,60,,,,,,,,,,,,,,,,,,,,,,,,,,,,,,,,,,,,,
357,CMBLA00390001,2000-01-01 00:00:00,9999-01-01 00:00:00,PDBLA0039,คุ้มครองการชำระเบี้ย,BLA,Life,1,ประเภทสามัญ,อนุสัญญา,Rider,Rider,20,50,,,,,,,,,,,,,,,,,,,,,,,,,,,,,,,,,,,,,
358,CMBLA00400001,2000-01-01 00:00:00,9999-01-01 00:00:00,PDBLA0040,ยกเว้นการชำระเบี้ยประกันภัยกรณีทุพพลภาพถาวรสิ้นเชิง,BLA,Life,1,ประเภทสามัญ,อนุสัญญา,Rider,Rider,,,,,,,0.1,0.05,0.05,0.05,0.05,0.05,0.02,,,,,0.08,0.035,0.035,0.035,0.035,0.035,0.014,0,0,0,0.014,0.08,0.035,0.035,0.035,0.035,,,,,,
359,CMBLA00410001,2000-01-01 00:00:00,9999-01-01 00:00:00,PDBLA0041,สัญญาเพิ่มเติมเฉพาะกาล,BLA,Life,1,ประเภทสามัญ,อนุสัญญา,Rider,Rider,,,,,,,0.1,0.04,0.03,0.03,0.03,0.03,0.02,,,,,0.08,0.028,0.021,0.021,0.021,0.021,0.014,0,0,0,0.014,0.08,0.028,0.021,0.021,0.021,,,,,,
360,CMBLA00420001,2000-01-01 00:00:00,9999-01-01 00:00:00,PDBLA0042,สัญญาเพิ่มเติมเฉพาะกาลผู้ปกครอง,BLA,Life,1,ประเภทสามัญ,อนุสัญญา,Rider,Rider,,,,,,,0.1,0.04,0.03,0.03,0.03,0.03,0.02,,,,,0.08,0.028,0.021,0.021,0.021,0.021,0.014,0,0,0,0.014,0.08,0.028,0.021,0.021,0.021,,,,,,
361,CMBLA0043001,2000-01-01 00:00:00,9999-01-01 00:00:00,PDBLA0043,บีแอลเอ ทุพพลภาพ โพรเทค,BLA,Life,1,ประเภทสามัญ,อนุสัญญา,Rider,Rider,,,,,,,,,,,,,,,,,,,,,,,,,,,,,,,,,,,,,,,
362,CMBLA00440001,2000-01-01 00:00:00,9999-01-01 00:00:00,PDBLA0044,สุขภาพ 2011 และ สุขภาพ 2011 (มีความรับผิดส่วนแรก),BLA,Life,1,ประเภทสามัญ,อนุสัญญา,Rider,Rider,0,5,,,,,0.1,0.1,0.1,0.1,0.1,0.1,0.1,0.1,1,1,1,0.08,0.07,0.07,0.07,0.07,0.07,0.07,0.07,0.7,0.7,0.07,0.08,0.07,0.07,0.07,0.07,,,,,,
363,CMBLA0045001,2000-01-01 00:00:00,9999-01-01 00:00:00,PDBLA0045,ค่ารักษาพยาบาลรายวัน แบบปัญจรักษ์,BLA,Life,1,ประเภทสามัญ,อนุสัญญา,Rider,Rider,,,,,,,0.4,0.25,0.1,0.05,0.05,0.05,0.05,0.05,0.05,0.05,0.05,0.32,0.175,0.07,0.035,0.035,0.035,0.035,0.035,0.035,0.035,0.035,0.32,0.175,0.07,0.035,0.035,,,,,,
364,CMBLA0046001,2000-01-01 00:00:00,9999-01-01 00:00:00,PDBLA0046,คุ้มครองโรคร้ายแรงและมรณกรรม,BLA,Life,1,ประเภทสามัญ,อนุสัญญา,Rider,Rider,,,,,,,0.4,0.25,0.1,0.05,0.05,0.05,0.05,0.05,0.05,0.05,0.05,0.32,0.175,0.07,0.035,0.035,0.035,0.035,0.035,0.035,0.035,0.035,0.32,0.175,0.07,0.035,0.035,,,,,,
365,CMBLA0047001,2000-01-01 00:00:00,9999-01-01 00:00:00,PDBLA0047,บีแอลเอ รักษ์สุขภาพ,BLA,Life,1,ประเภทสามัญ,อนุสัญญา,Rider,Rider,,,,,,,0.4,0.25,0.1,0.05,0.05,0.05,0.05,0.05,0.05,0.05,0.05,0.32,0.175,0.07,0.035,0.035,0.035,0.035,0.035,0.035,0.035,0.035,0.32,0.175,0.07,0.035,0.035,,,,,,
366,CMBLA0048001,2000-01-01 00:00:00,9999-01-01 00:00:00,PDBLA0048,บีแอลเอ เพรสทีจ เฮลธ์,BLA,Life,1,ประเภทสามัญ,อนุสัญญา,Rider,Rider,11,80,,,,,0.1,0.05,0.05,0.05,0.05,0.05,0.05,0.05,0.05,0.05,0.05,0.08,0.035,0.035,0.035,0.035,0.035,0.035,0.035,0.035,0.035,0.035,0.08,0.035,0.035,0.035,0.035,,,,,,
367,CMBLA0049001,2000-01-01 00:00:00,9999-01-01 00:00:00,PDBLA0049,โอพีดี สบายใจ,BLA,Life,1,ประเภทสามัญ,อนุสัญญา,Rider,Rider,1,70,,,,,0.1,0.05,0.05,0.05,0.05,0.05,0.05,0.05,0.05,0.05,0.05,0.08,0.035,0.035,0.035,0.035,0.035,0.035,0.035,0.035,0.035,0.035,0.08,0.035,0.035,0.035,0.035,,,,,,
368,CMBLA00500001,2000-01-01 00:00:00,9999-01-01 00:00:00,PDBLA0050,แวลู เฮลธ์,BLA,Life,1,ประเภทสามัญ,อนุสัญญา,Rider,Rider,11,60,,,,,0.35,0.14,0.0875,0.05,0.05,0.05,0.05,0.05,0.05,0.05,0.05,0.28,0.098,0.0612,0.035,0.035,0.035,0.035,0.035,0.035,0.035,0.035,0.28,0.098,0.0612,0.035,0.035,,,,,,
712,CMBLA00510001,2000-01-01 00:00:00,9999-01-01 00:00:00,PDBLA0051,แวลู เฮลธ์ (คิดส์) ไม่มีค่าใช้จ่ายส่วนแรก,BLA,Life,1,ประเภทสามัญ,อนุสัญญา,Rider,Rider,0,5,,,,,0.05,0.05,0.05,0.05,0.05,0.05,0.05,0.05,0.05,0.05,0.05,,,,,,,,,,,,0,0,0,0,0,,,,,,
713,CMBLA00520001,2000-01-01 00:00:00,9999-01-01 00:00:00,PDBLA0052,แวลู เฮลธ์ (คิดส์) มีค่าใช้จ่ายส่วนแรก,BLA,Life,1,ประเภทสามัญ,อนุสัญญา,Rider,Rider,0,5,,,,,0.1,0.05,0.05,0.05,0.05,0.05,0.05,0.05,0.05,0.05,0.05,,,,,,,,,,,,0,0,0,0,0,,,,,,
789,CMBLA0053001,2000-01-01 00:00:00,9999-01-01 00:00:00,PDBLA0053,ประกันชีวิตกลุ่ม (BLA),BLA,Life,1,ประกันกลุ่ม,ประกันกลุ่ม,Group,Main,,,,,,,,,,,,,,,,,,,,,,,,,,,,,,,,,,,,,,,
790,CMBLA0054001,2000-01-01 00:00:00,9999-01-01 00:00:00,PDBLA0054,บีแอลเอ ประกันพนักงานเปลี่ยนแปลงทุนระหว่าสัญญา,BLA,Life,1,ประเภทสามัญ,อนุสัญญา,Rider,Rider,,,,,,,,,,,,,,,,,,,,,,,,,,,,,,,,,,,,,,,
791,CMBLA0055001,2000-01-01 00:00:00,9999-01-01 00:00:00,PDBLA0055,บีแอลเอ ประกันพนักงานเปลี่ยนแปลงทุนแผนสุขภาพ,BLA,Life,1,ประเภทสามัญ,อนุสัญญา,Rider,Rider,,,,,,,,,,,,,,,,,,,,,,,,,,,,,,,,,,,,,,,
792,CMBLA0056001,2000-01-01 00:00:00,9999-01-01 00:00:00,PDBLA0056,บีแอลเอ ประกันพนักงานลาออกระหว่างสัญญา,BLA,Life,1,ประเภทสามัญ,อนุสัญญา,Rider,Rider,,,,,,,,,,,,,,,,,,,,,,,,,,,,,,,,,,,,,,,
807,CMBLA0057001,2000-01-01 00:00:00,9999-01-01 00:00:00,PDBLA0057,บีแอลเอ เพรสทีจ เฮลธ์ ปลดล็อค (ประเทศไทย),BLA,Life,1,ประเภทสามัญ,อนุสัญญา,Rider,Rider,,,,,,,,,,,,,,,,,,,,,,,,,,,,,,,,,,,,,,,
835,CMBLA0058001,2025-07-03 00:00:00,9999-01-01 00:00:00,PDBLA0058,บีแอลเอ แฮปปี้ เฮลธ์ พรีเมียร์,BLA,Life,1,ประเภทสามัญ,ประกันตลอดชีพ,Life,Rider,11,80,,,,,0.25,0.15,0.1,0.05,0.05,0.05,0.05,0.05,0.05,0.05,0.05,0.2,0.12,0.08,0.035,0.035,0.035,0.035,0.035,0.035,0.035,0.035,0.2,0.12,0.08,0.035,0.035,0.035,0.035,0.035,0.035,0.035,0.035
97,CMCEN0001001,2000-01-01 00:00:00,9999-01-01 00:00:00,PDCEN0001,พรบ รถมอเตอร์ไซต์ (บริษัทกลาง),CEN,Non-Life,2,การประกันรถโดยข้อบังคับแห่งกฏหมาย,,Motor,Main,,,,,,,,,,,,,,,,,,0,,,,,,,,,,,0,,,,,,,,,,
703,CMCEN0002001,2000-01-01 00:00:00,9999-01-01 00:00:00,PDCEN0002,พรบ มอเตอร์ไซต์ บริษัทกลาง,CEN,Non-Life,2,การประกันรถโดยข้อบังคับแห่งกฏหมาย,,Motor,Main,,,,,,,0,,,,,,,,,,,0,,,,,,,,,,,0,0,0,0,0,,,,,,
98,CMCHU0001001,2000-01-01 00:00:00,9999-01-01 00:00:00,PDCHU0001,ประกันรถยนต์ชั้น 1 (CHUBB),CHU,Non-Life,2,การประกันรถโดยความสมัครใจ,,Motor,Main,,,,,,,0.18,,,,,,,,,,,0.12,,,,,,,,,,,0.12,,,,,,,,,,
99,CMCHU0002001,2000-01-01 00:00:00,9999-01-01 00:00:00,PDCHU0002,ประกันรถยนต์ชั้น 1 Eco Package (CHUBB),CHU,Non-Life,2,การประกันรถโดยความสมัครใจ,,Motor,Main,,,,,,,0.12,,,,,,,,,,,0.07,,,,,,,,,,,0.07,,,,,,,,,,
100,CMCHU0003001,2000-01-01 00:00:00,9999-01-01 00:00:00,PDCHU0003,ประกันรถยนต์ชั้น 2 (CHUBB),CHU,Non-Life,2,การประกันรถโดยความสมัครใจ,,Motor,Main,,,,,,,0.18,,,,,,,,,,,0.12,,,,,,,,,,,0.12,,,,,,,,,,
101,CMCHU0004001,2000-01-01 00:00:00,9999-01-01 00:00:00,PDCHU0004,ประกันรถยนต์ชั้น 3 (CHUBB),CHU,Non-Life,2,การประกันรถโดยความสมัครใจ,,Motor,Main,,,,,,,0.18,,,,,,,,,,,0.12,,,,,,,,,,,0.12,,,,,,,,,,
102,CMCHU0005001,2000-01-01 00:00:00,9999-01-01 00:00:00,PDCHU0005,ประกันรถยนต์ชั้น 2+ (CHUBB),CHU,Non-Life,2,การประกันรถโดยความสมัครใจ,,Motor,Main,,,,,,,0.18,,,,,,,,,,,0.12,,,,,,,,,,,0.12,,,,,,,,,,
103,CMCHU0006001,2000-01-01 00:00:00,9999-01-01 00:00:00,PDCHU0006,ประกันรถยนต์ชั้น 2+ Eco Package (CHUBB),CHU,Non-Life,2,การประกันรถโดยความสมัครใจ,,Motor,Main,,,,,,,0.18,,,,,,,,,,,0.12,,,,,,,,,,,0.12,,,,,,,,,,
104,CMCHU0007001,2000-01-01 00:00:00,9999-01-01 00:00:00,PDCHU0007,ประกันรถยนต์ชั้น 3+ (CHUBB),CHU,Non-Life,2,การประกันรถโดยความสมัครใจ,,Motor,Main,,,,,,,0.18,,,,,,,,,,,0.12,,,,,,,,,,,0.12,,,,,,,,,,
105,CMCHU0008001,2000-01-01 00:00:00,9999-01-01 00:00:00,PDCHU0008,ประกันรถยนต์ชั้น 3+ Eco Package (CHUBB),CHU,Non-Life,2,การประกันรถโดยความสมัครใจ,,Motor,Main,,,,,,,0.18,,,,,,,,,,,0.12,,,,,,,,,,,0.12,,,,,,,,,,
106,CMCHU0009001,2000-01-01 00:00:00,9999-01-01 00:00:00,PDCHU0009,พรบ รถยนต์ (CHUBB),CHU,Non-Life,2,การประกันรถโดยข้อบังคับแห่งกฏหมาย,,Motor,Main,,,,,,,0.12,,,,,,,,,,,0.08,,,,,,,,,,,0.08,,,,,,,,,,
107,CMCHU0010001,2000-01-01 00:00:00,9999-01-01 00:00:00,PDCHU0010,ประกันอัคคีภัย (CHUBB),CHU,Non-Life,2,การประกันอัคคีภัย,อัคคีภัย,Non-Motor,Main,,,,,,,0.18,,,,,,,,,,,0.12,,,,,,,,,,,0.12,,,,,,,,,,
108,CMCHU0011001,2000-01-01 00:00:00,9999-01-01 00:00:00,PDCHU0011,ประกันอุบัติเหตุส่วนบุคคล PA (CHUBB),CHU,Non-Life,2,การประกันภัยเบ็ดเตล็ด,ประกันอุบัติเหตุส่วนบุคคล,Non-Motor,Main,,,,,,,0.18,,,,,,,,,,,0.12,,,,,,,,,,,0.12,,,,,,,,,,
109,CMCHU0012001,2000-01-01 00:00:00,9999-01-01 00:00:00,PDCHU0012,ประกันการเดินทาง (CHUBB),CHU,Non-Life,2,การประกันภัยเบ็ดเตล็ด,ประกันการเดินทาง,Non-Motor,Main,,,,,,,0.18,,,,,,,,,,,0.12,,,,,,,,,,,0.12,,,,,,,,,,
110,CMCHU0013001,2000-01-01 00:00:00,9999-01-01 00:00:00,PDCHU0013,ประกันทรัพย์สิน Package SME (CHUBB),CHU,Non-Life,2,การประกันอัคคีภัย,อัคคีภัย,Non-Motor,Main,,,,,,,0.18,,,,,,,,,,,0.12,,,,,,,,,,,0.12,,,,,,,,,,
111,CMCHU0014001,2000-01-01 00:00:00,9999-01-01 00:00:00,PDCHU0014,ประกันความเสี่ยงภัย IAR (CHUBB),CHU,Non-Life,2,การประกันอัคคีภัย,อัคคีภัย,Non-Motor,Main,,,,,,,0.18,,,,,,,,,,,0.12,,,,,,,,,,,0.12,,,,,,,,,,
112,CMCHU0015001,2000-01-01 00:00:00,9999-01-01 00:00:00,PDCHU0015,ประกันจอมอนิเตอร์,CHU,Non-Life,2,การประกันภัยเบ็ดเตล็ด,ประกันอุบัติเหตุส่วนบุคคล,Non-Motor,Main,,,,,,,0.5,,,,,,,,,,,0.08,,,,,,,,,,,0.08,,,,,,,,,,
801,CMCHU0017001,2000-01-01 00:00:00,9999-01-01 00:00:00,PDCHU0017,ประกันภัยความรับผิดผู้ขนส่ง Carrier s Liability (CHUBB),CHU,Non-Life,2,การประกันภัยเบ็ดเตล็ด,ขนส่ง,Non-Motor,Main,,,,,,,,,,,,,,,,,,,,,,,,,,,,,,,,,,,,,,,
820,CMCHU0018001,2000-01-01 00:00:00,9999-01-01 00:00:00,PDCHU0018,ประกันธุรกิจนำเที่ยวและมัคคุเทศก์ (CHUBB),CHU,Non-Life,2,การประกันภัยเบ็ดเตล็ด,เบ็ดเตล็ด,Non-Motor,Main,,,,,,,,,,,,,,,,,,,,,,,,,,,,,,,,,,,,,,,
742,CMCHU0039001,2000-01-01 00:00:00,9999-01-01 00:00:00,PDCHU0039,ความรับผิดตามกฏหมายต่อบุคคลภายนอก PL(CHUBB),CHU,Non-Life,2,การประกันอัคคีภัย,อัคคีภัย,Non-Motor,Main,,,,,,,,,,,,,,,,,,,,,,,,,,,,,,,,,,,,,,,
838,CMCHU0040001,2025-07-25 00:00:00,9999-01-01 00:00:00,PDCHU0040,ประกันภัยทางทะเล Marine  (CHU),CHU,Non-Life,2,การประกันภัยเบ็ดเตล็ด,ขนส่ง,Non-Motor,Main,,,,,,,,,,,,,,,,,,,,,,,,,,,,,,,,,,,,,,,
862,CMCHU0041001,2025-11-12 00:00:00,9999-01-01 00:00:00,PDCHU0041,ประกันขนส่งสินค้า Carrier (CHU),CHU,Non-Life,2,การประกันภัยเบ็ดเตล็ด,ขนส่ง,Non-Motor,Main,,,,,,,,,,,,,,,,,,,,,,,,,,,,,,,,,,,,,,,
863,CMCHU0042001,2025-11-18 00:00:00,9999-01-01 00:00:00,PDCHU0042,ประกันภัยการก่อสร้าง CAR [ชับบ์ประกนภัย] (CHU),CHU,Non-Life,2,การประกันภัยเบ็ดเตล็ด,เบ็ดเตล็ด,Non-Motor,Main,,,,,,,,,,,,,,,,,,,,,,,,,,,,,,,,,,,,,,,
866,CMCHU0043001,2025-12-11 00:00:00,9999-01-01 00:00:00,PDCHU0043,ประกันอุบัติเหตุกลุ่ม PA Group  (CHU),CHU,Non-Life,2,ประกันกลุ่ม,ประกันกลุ่ม,Group,Main,,,,,,,,,,,,,,,,,,,,,,,,,,,,,,,,,,,,,,,
832,CMERG0001001,2025-06-24 00:00:00,9999-01-01 00:00:00,PDERG0001,ประกันภัยการก่อสร้าง CAR (ERGO),ERG,Non-Life,2,การประกันภัยเบ็ดเตล็ด,เบ็ดเตล็ด,Non-Motor,Main,,,,,,,0.15,0.15,0.15,0.15,0.15,0.15,0.15,0.15,0.15,0.15,0.15,0.1,0.1,0.1,0.1,0.1,0.1,0.1,0.1,0.1,0.1,0.1,0.1,0.1,0.1,0.1,0.1,0.1,0.1,0.1,0.1,0.1,0.1
852,CMERG0002001,2025-09-19 00:00:00,9999-01-01 00:00:00,PDERG0002,ประกันรถมอเตอร์ไซต์ชั้น 3 [ERGO],ERG,Non-Life,2,การประกันรถโดยความสมัครใจ,,Motor,Main,,,,,,,,,,,,,,,,,,,,,,,,,,,,,,,,,,,,,,,
805,CMFAL0001001,2000-01-01 00:00:00,9999-01-01 00:00:00,PDFAL0001,ประกันภัยโดรน (Drone Insurance) (FAL),FAL,Non-Life,2,,,,Main,,,,,,,,,,,,,,,,,,,,,,,,,,,,,,,,,,,,,,,
846,CMFAL0002001,2025-08-26 00:00:00,9999-01-01 00:00:00,PDFAL0002,ประกันอุบัติเหตุกลุ่ม PA Group (FAL),FAL,Non-Life,2,ประกันกลุ่ม,ประกันกลุ่ม,Group,Main,,,,,,,,,,,,,,,,,,,,,,,,,,,,,,,,,,,,,,,
113,CMIND00010001,2000-01-01 00:00:00,9999-01-01 00:00:00,PDIND0001,ประกันรถยนต์ชั้น 1 (IND),IND,Non-Life,2,การประกันรถโดยความสมัครใจ,,Motor,Main,,,,,,,0.18,,,,,,,,,,,0.12,,,,,,,,,,,0.12,,,,,,,,,,
114,CMIND00020001,2000-01-01 00:00:00,9999-01-01 00:00:00,PDIND0002,ประกันรถยนต์ชั้น 2  (IND),IND,Non-Life,2,การประกันรถโดยความสมัครใจ,,Motor,Main,,,,,,,,,,,,,,,,,,0,,,,,,,,,,,0,,,,,,,,,,
115,CMIND00030001,2000-01-01 00:00:00,9999-01-01 00:00:00,PDIND0003,ประกันรถยนต์ชั้น 3 (IND),IND,Non-Life,2,การประกันรถโดยความสมัครใจ,,Motor,Main,,,,,,,0.18,,,,,,,,,,,0.12,,,,,,,,,,,0.12,,,,,,,,,,
116,CMIND00040001,2000-01-01 00:00:00,9999-01-01 00:00:00,PDIND0004,ประกันรถยนต์ชั้น 2+ (IND),IND,Non-Life,2,การประกันรถโดยความสมัครใจ,,Motor,Main,,,,,,,0.18,,,,,,,,,,,0.12,,,,,,,,,,,0.12,,,,,,,,,,
117,CMIND00050001,2000-01-01 00:00:00,9999-01-01 00:00:00,PDIND0005,ประกันรถยนต์ชั้น 3+ (IND),IND,Non-Life,2,การประกันรถโดยความสมัครใจ,,Motor,Main,,,,,,,0.18,,,,,,,,,,,0.12,,,,,,,,,,,0.12,,,,,,,,,,
118,CMIND00060001,2000-01-01 00:00:00,9999-01-01 00:00:00,PDIND0006,พรบ รถยนต์ (IND),IND,Non-Life,2,การประกันรถโดยข้อบังคับแห่งกฏหมาย,,Motor,Main,,,,,,,0.12,,,,,,,,,,,0.08,,,,,,,,,,,0.08,,,,,,,,,,
810,CMIND0007001,2000-01-01 00:00:00,9999-01-01 00:00:00,PDIND0007,ประกันอุบัติเหตุกลุ่ม (IND),IND,Non-Life,2,การประกันภัยเบ็ดเตล็ด,ประกันกลุ่ม,Non-Motor,Main,,,,,,,,,,,,,,,,,,,,,,,,,,,,,,,,,,,,,,,
829,CMIND0008001,2025-06-11 00:00:00,9999-01-01 00:00:00,PDIND0008,ประกันภัยการก่อสร้าง CAR (IND),IND,Non-Life,2,การประกันภัยเบ็ดเตล็ด,เบ็ดเตล็ด,Non-Motor,Main,,,,,,,,,,,,,,,,,,,,,,,,,,,,,,,,,,,,,,,
836,CMIND0009001,2025-07-07 00:00:00,9999-01-01 00:00:00,PDIND0009,ประกันความเสี่ยงภัยทรัพย์สิน IAR (อินทรประกันภัย),IND,Non-Life,2,การประกันอัคคีภัย,อัคคีภัย,Non-Motor,Main,,,,,,,,,,,,,,,,,,,,,,,,,,,,,,,,,,,,,,,
847,CMIND0010001,2025-08-29 00:00:00,9999-01-01 00:00:00,PDIND0010,ประกันรถจักรยานยนต์ ชั้น 3+ [IND],IND,Non-Life,2,การประกันรถโดยความสมัครใจ,,Motor,Main,,,,,,,,,,,,,,,,,,,,,,,,,,,,,,,,,,,,,,,
878,CMIND0011001,2026-01-16 00:00:00,9999-01-01 00:00:00,PDIND0011,ประกันภัย คุ้มครองสถานีชาร์จแบตเตอรี่ (IND),IND,Non-Life,2,การประกันภัยเบ็ดเตล็ด,เบ็ดเตล็ด,Non-Motor,Main,,,,,,,,,,,,,,,,,,,,,,,,,,,,,,,,,,,,,,,
879,CMIND0012001,2026-02-02 00:00:00,9999-01-01 00:00:00,PDIND0012,ประกันอัคคีภัย (IND),IND,Non-Life,2,การประกันอัคคีภัย,อัคคีภัย,Non-Motor,Main,,,,,,,,,,,,,,,,,,,,,,,,,,,,,,,,,,,,,,,
119,CMKPI0001001,2000-01-01 00:00:00,9999-01-01 00:00:00,PDKPI0001,ประกันรถยนต์ชั้น 2+ (KPI),KPI,Non-Life,2,การประกันรถโดยความสมัครใจ,,Motor,Main,,,,,,,0.18,,,,,,,,,,,0.12,,,,,,,,,,,0.12,,,,,,,,,,
120,CMKPI0002001,2000-01-01 00:00:00,9999-01-01 00:00:00,PDKPI0002,ประกันรถยนต์ชั้น 1 (KPI),KPI,Non-Life,2,การประกันรถโดยความสมัครใจ,,Motor,Main,,,,,,,0.18,,,,,,,,,,,0.12,,,,,,,,,,,0.12,,,,,,,,,,
121,CMKPI0003001,2000-01-01 00:00:00,9999-01-01 00:00:00,PDKPI0003,พรบ รถยนต์ (KPI),KPI,Non-Life,2,การประกันรถโดยข้อบังคับแห่งกฏหมาย,,Motor,Main,,,,,,,0.05,,,,,,,,,,,0,,,,,,,,,,,0,,,,,,,,,,
122,CMKPI0004001,2000-01-01 00:00:00,9999-01-01 00:00:00,PDKPI0004,ประกันรถยนต์ชั้น 3 (KPI),KPI,Non-Life,2,การประกันรถโดยความสมัครใจ,,Motor,Main,,,,,,,0.18,,,,,,,,,,,0.12,,,,,,,,,,,0.12,,,,,,,,,,
123,CMKPI0005001,2000-01-01 00:00:00,9999-01-01 00:00:00,PDKPI0005,ประกันรถยนต์ชั้น 3+ (KPI),KPI,Non-Life,2,การประกันรถโดยความสมัครใจ,,Motor,Main,,,,,,,0.18,,,,,,,,,,,0.12,,,,,,,,,,,0.12,,,,,,,,,,
754,CMKPI0006001,2000-01-01 00:00:00,9999-01-01 00:00:00,PDKPI0006,ประกันอัคคีภัย (KPI),KPI,Non-Life,2,การประกันอัคคีภัย,อัคคีภัย,Non-Motor,Main,,,,,,,,,,,,,,,,,,,,,,,,,,,,,,,,,,,,,,,
781,CMKPI0007001,2000-01-01 00:00:00,9999-01-01 00:00:00,PDKPI0007,ประกันอุบัติเหตุส่วนบุคคล PA (KPI),KPI,Non-Life,2,การประกันภัยเบ็ดเตล็ด,ประกันอุบัติเหตุส่วนบุคคล,Non-Motor,Main,,,,,,,,,,,,,,,,,,,,,,,,,,,,,,,,,,,,,,,
785,CMKPI0007001,2000-01-01 00:00:00,9999-01-01 00:00:00,PDKPI0008,ประกันความเสี่ยงภัย IAR (KPI),KPI,Non-Life,2,การประกันอัคคีภัย,อัคคีภัย,Non-Motor,Main,,,,,,,,,,,,,,,,,,,,,,,,,,,,,,,,,,,,,,,
786,CMKPI0007001,2000-01-01 00:00:00,9999-01-01 00:00:00,PDKPI0009,ความรับผิดตามกฏหมายต่อบุคคลภายนอก PL (KPI),KPI,Non-Life,2,การประกันอัคคีภัย,อัคคีภัย,Non-Motor,Main,,,,,,,,,,,,,,,,,,,,,,,,,,,,,,,,,,,,,,,
124,CMKPP0001001,2000-01-01 00:00:00,9999-01-01 00:00:00,PDKPP0001,ประกันรถยนต์ชั้น 1 (คุ้มภัย),KPP,Non-Life,2,การประกันรถโดยความสมัครใจ,,Motor,Main,,,,,,,0.18,,,,,,,,,,,0.12,,,,,,,,,,,0.12,,,,,,,,,,
125,CMKPP0002001,2000-01-01 00:00:00,9999-01-01 00:00:00,PDKPP0002,ประกันรถยนต์ชั้น 2 (คุ้มภัย),KPP,Non-Life,2,การประกันรถโดยความสมัครใจ,,Motor,Main,,,,,,,0.18,,,,,,,,,,,0.12,,,,,,,,,,,0.12,,,,,,,,,,
126,CMKPP0003001,2000-01-01 00:00:00,9999-01-01 00:00:00,PDKPP0003,ประกันรถยนต์ชั้น 3 (คุ้มภัย),KPP,Non-Life,2,การประกันรถโดยความสมัครใจ,,Motor,Main,,,,,,,0.18,,,,,,,,,,,0.12,,,,,,,,,,,0.12,,,,,,,,,,
127,CMKPP0004001,2000-01-01 00:00:00,9999-01-01 00:00:00,PDKPP0004,ประกันรถยนต์ชั้น 2+ (คุ้มภัย),KPP,Non-Life,2,การประกันรถโดยความสมัครใจ,,Motor,Main,,,,,,,0.18,,,,,,,,,,,0.12,,,,,,,,,,,0.12,,,,,,,,,,
128,CMKPP0005001,2000-01-01 00:00:00,9999-01-01 00:00:00,PDKPP0005,ประกันรถยนต์ชั้น 3+ (คุ้มภัย),KPP,Non-Life,2,การประกันรถโดยความสมัครใจ,,Motor,Main,,,,,,,0.18,,,,,,,,,,,0.12,,,,,,,,,,,0.12,,,,,,,,,,
129,CMKPP0006001,2000-01-01 00:00:00,9999-01-01 00:00:00,PDKPP0006,พรบ รถยนต์ (คุ้มภัย),KPP,Non-Life,2,การประกันรถโดยข้อบังคับแห่งกฏหมาย,,Motor,Main,,,,,,,0.12,,,,,,,,,,,0.08,,,,,,,,,,,0.08,,,,,,,,,,
130,CMKPP0007001,2000-01-01 00:00:00,9999-01-01 00:00:00,PDKPP0007,ประกันอุบัติเหตุส่วนบุคคล PA (คุ้มภัย),KPP,Non-Life,2,การประกันภัยเบ็ดเตล็ด,ประกันอุบัติเหตุส่วนบุคคล,Non-Motor,Main,,,,,,,0.18,,,,,,,,,,,0.12,,,,,,,,,,,0.12,,,,,,,,,,
131,CMKPP0008001,2000-01-01 00:00:00,9999-01-01 00:00:00,PDKPP0008,ประกันอัคคีภัย (คุ้มภัย),KPP,Non-Life,2,การประกันอัคคีภัย,อัคคีภัย,Non-Motor,Main,,,,,,,0.18,,,,,,,,,,,0.12,,,,,,,,,,,0.12,,,,,,,,,,
132,CMKPP0009001,2000-01-01 00:00:00,9999-01-01 00:00:00,PDKPP0009,ประกันเดินทางกลุ่ม (คุ้มภัย),KPP,Non-Life,2,การประกันภัยเบ็ดเตล็ด,ประกันการเดินทาง,Non-Motor,Main,,,,,,,0.18,,,,,,,,,,,0.12,,,,,,,,,,,0.12,,,,,,,,,,
690,CMKPP0010001,2000-01-01 00:00:00,9999-01-01 00:00:00,PDKPP0010,ประกันก่อสร้าง CAR (คุ้มภัย),KPP,Non-Life,2,การประกันภัยเบ็ดเตล็ด,เบ็ดเตล็ด,Non-Motor,Main,,,,,,,0.18,,,,,,,,,,,0.12,,,,,,,,,,,0.12,0,0,0,0,,,,,,
648,CMKTA0001001,2000-01-01 00:00:00,9999-01-01 00:00:00,PDKTA0001,ประกันกลุ่ม - อุบัติเหตุ (KTAXA),KTA,Life,1,ประกันกลุ่ม,ประกันกลุ่ม,Group,Main,,,,,,,0.2,0.2,0.2,0.2,0.2,0.2,0.2,0.2,0.2,0.2,0.2,0.16,0.14,0.14,0.14,0.14,0.14,0.14,0.14,0.14,0.14,,0.16,0.14,0.14,0.14,0.14,,,,,,
649,CMKTA0002001,2000-01-01 00:00:00,9999-01-01 00:00:00,PDKTA0002,ประกันกลุ่ม - สุขภาพ (KTAXA),KTA,Life,1,ประกันกลุ่ม,ประกันกลุ่ม,Group,Main,,,,,,,0.15,0.15,0.15,0.15,0.15,0.15,0.15,0.15,0.15,0.15,0.15,0.12,0.105,0.105,0.105,0.105,0.105,0.105,0.105,0.105,0.105,,0.12,0.105,0.105,0.105,0.105,,,,,,
650,CMKTA0003001,2000-01-01 00:00:00,9999-01-01 00:00:00,PDKTA0003,12PL (85/12),KTA,Life,1,ประเภทสามัญ,,Life,Main,,,,,,,0.15,0.15,0.1,0.05,0.05,0.05,0.05,0.05,0.05,0.05,0.05,0.12,0.105,0.07,0.035,0.035,0.035,0.035,0.035,0.035,0.035,,0.12,0.105,0.07,0.035,0.035,,,,,,
651,CMKTA0004001,2000-01-01 00:00:00,9999-01-01 00:00:00,PDKTA0004,iProtect 85,KTA,Life,1,ประเภทสามัญ,,Life,Main,,,,,,,0.4,0.3,0.2,0.1,0.05,0.05,,,,,,0.32,0.21,0.14,0.07,0.035,0.035,0,0,0,0,,0.32,0.21,0.14,0.07,0.035,,,,,,
652,CMKTA0005001,2000-01-01 00:00:00,9999-01-01 00:00:00,PDKTA0005,iHealthy,KTA,Life,1,ประเภทสามัญ,,Life,Rider,,,,,,,0.25,0.15,0.1,0.05,0.05,0.05,0.05,0.05,0.05,0.05,0.05,0.2,0.105,0.07,0.035,0.035,0.035,0.035,0.035,0.035,0.035,,0.2,0.105,0.07,0.035,0.035,,,,,,
653,CMKTA0006001,2000-01-01 00:00:00,9999-01-01 00:00:00,PDKTA0006,Krungthai Taweesub [25PG],KTA,Life,1,ประเภทสามัญ,,Life,Main,,,,,,,0.35,0.14,0.0875,0.05,0.05,0.05,,,,,,0.28,0.098,0.0612,0.035,0.035,0.035,0,0,0,0,,0.28,0.098,0.0612,0.035,0.035,,,,,,
654,CMKTA00070001,2000-01-01 00:00:00,9999-01-01 00:00:00,PDKTA0007,LifeProtect 18 (WL88J),KTA,Life,1,ประเภทสามัญ,,Life,Main,1,50,,,,,0.4,0.3,0.2,0.08,0.015,0.015,0.015,0.015,0.015,0.015,0.015,0.32,0.21,0.14,0.056,0.0105,0.0105,0.0105,0.0105,0.0105,0.0105,,0.32,0.21,0.14,0.056,0.0105,,,,,,
655,CMKTA00080001,2000-01-01 00:00:00,9999-01-01 00:00:00,PDKTA0008,แบบประกันคุ้มครองชีวิตสุขภาพ 85 (FWLNP85),KTA,Life,1,ประเภทสามัญ,ประกันตลอดชีพ,Life,Main,0,15,,,,,0,0,0,0,0,0,,,,,,0,0,0,0,0,0,0,0,0,0,,0,0,0,0,0,,,,,,
656,CMKTA00090001,2000-01-01 00:00:00,9999-01-01 00:00:00,PDKTA0009,สัญญาเพิ่มเติมค่ารักษาพยาบาล เฟลคซี่ เฮลท์ (Flexi Health),KTA,Life,1,ประเภทสามัญ,อนุสัญญา,Rider,Rider,0,15,,,,,0.1,0.1,0.1,0.05,0.05,0.05,0.05,0.05,0.05,0.05,0.05,0.08,0.07,0.07,0.035,0.035,0.035,0.035,0.035,0.035,0.035,,0.08,0.07,0.07,0.035,0.035,,,,,,
699,CMKTA0010001,2000-01-01 00:00:00,9999-01-01 00:00:00,PDKTA0010,W99F99H - iHealthy Ultra Package (KTAXA),KTA,Life,1,ประเภทสามัญ,ประกันตลอดชีพ,Life,Main,,,,,,,,,,,,,,,,,,,,,,,,,,,,,0,0,0,0,0,,,,,,
700,CMKTA0011001,2000-01-01 00:00:00,9999-01-01 00:00:00,PDKTA0011,iCare (KTAXA),KTA,Life,1,ประเภทสามัญ,,Life,Main,,,,,,,,,,,,,,,,,,,,,,,,,,,,,0,0,0,0,0,,,,,,
704,CMKTA0012001,2000-01-01 00:00:00,9999-01-01 00:00:00,PDKTA0012,ไลฟ์ เรดดี้ 18/99 (KTAXA),KTA,Life,1,ประเภทสามัญ,ประกันตลอดชีพ,Life,Main,,,,,,,,,,,,,,,,,,,,,,,,,,,,,0,0,0,0,0,,,,,,
799,CMKTA0013001,2000-01-01 00:00:00,9999-01-01 00:00:00,PDKTA0013,สัญญาเพิ่มเติม ค่ารักษา ไอเฮลท์ตี้ อัลตร้า (ซิลเวอร์),KTA,Life,1,ประเภทสามัญ,อนุสัญญา,Rider,Rider,,,,,,,,,,,,,,,,,,,,,,,,0,0,0,0,0,,,,,,,,,,,
725,CMKTA0014001,2000-01-01 00:00:00,9999-01-01 00:00:00,PDKTA0014,ชดเชยรายได้ MEB (KTAXA),KTA,Life,1,ประเภทสามัญ,อนุสัญญา,Rider,Rider,,,,,,,,,,,,,,,,,,,,,,,,,,,,,0,0,0,0,0,,,,,,
800,CMKTA0015001,2000-01-01 00:00:00,9999-01-01 00:00:00,PDKTA0015,ไลฟ์ เรดดี้ W99F99H (KTAXA),KTA,Life,1,ประเภทสามัญ,ประกันตลอดชีพ,Life,Main,,,,,,,,,,,,,,,,,,,0,0,0,0,0,,,,,,,,,,,,,,,,
824,CMKTA0016001,2025-05-27 00:00:00,9999-01-01 00:00:00,PDKTA0016,สัญญาเพิ่มเติมไอแคร์โรคร้ายแรงคุ้มครองเริ่มต้น (ES10WP),KTA,Life,1,ประเภทสามัญ,ประกันตลอดชีพ,Life,Rider,,,,,,,0.3,0.2,0.1,0.05,0.05,0.05,0.05,0.05,0.05,0.05,0.05,0.24,0.14,0.07,0.035,0.035,0.035,0.035,0.035,0.035,0.035,0.035,0.24,0.14,0.07,0.035,0.035,0.035,0.035,0.035,0.035,0.035,0.035
825,CMKTA0017001,2025-05-27 00:00:00,9999-01-01 00:00:00,PDKTA0017,สัญญเพิ่มเติมผลประโยชน์ยกเว้นเบี้ยประกันสัญญาหลัก (WPEIP85),KTA,Life,1,ประเภทสามัญ,ประกันตลอดชีพ,Life,Rider,,,,,,,0.35,0.2,0.1,0.05,0.05,0.05,0.05,0.05,0.05,0.05,0.05,0.28,0.14,0.07,0.035,0.035,0.035,0.035,0.035,0.035,0.035,0.035,0.28,0.14,0.07,0.035,0.035,0.035,0.035,0.035,0.035,0.035,0.035
850,CMKTA0018001,2025-09-08 00:00:00,9999-01-01 00:00:00,PDKTA0018,ไลฟ์เลกาซี่ 99 (WLNP99L),KTA,Life,1,ประเภทสามัญ,ประกันตลอดชีพ,Life,Main,,,,,,,,,,,,,,,,,,,,,,,,,,,,,,,,,,,,,,,
856,CMKTA0019001,2025-10-21 00:00:00,9999-01-01 00:00:00,PDKTA0019,สัญญาเพิ่มเติมผลประโยชน์ยกเว้นการชำระเบี้ยประกันภัยหลักเนื่องจากโรคร้ายแรง 2020 (WPDIP85),KTA,Life,1,ประเภทสามัญ,,Life,Rider,,,,,,,,,,,,,,,,,,,,,,,,,,,,,,,,,,,,,,,
885,CMKTA0020001,2026-03-05 00:00:00,9999-01-01 00:00:00,PDKTA0020,สัญญาเพิ่มเติม ค่ารักษา ไอเฮลท์ตี้ อัลตร้า (บรอนซ์),KTA,Life,1,ประเภทสามัญ,ประกันตลอดชีพ,Life,Rider,,,,,,,,,,,,,,,,,,,,,,,,,,,,,,,,,,,,,,,
631,CMKWI0001001,2000-01-01 00:00:00,9999-01-01 00:00:00,PDKWI0001,สะสมทรัพย์ 3/2 (KWI),KWI,Life,1,ประเภทสามัญ,ประกันตลอดชีพ,Life,Main,,,,,,,0.007,,,,,,,,,,,0.0056,0,0,0,0,0,0,0,0,0,,0.0056,0,0,0,0,,,,,,
632,CMKWI00020001,2000-01-01 00:00:00,9999-01-01 00:00:00,PDKWI0002,พรีเมียร์ โปรเทคชั่น 90/15,KWI,Life,1,ประเภทสามัญ,,Life,Main,,,100000,499000,,,0.175,0.08,0.03,,,,,,,,,0.14,0.056,0.021,0,0,0,0,0,0,0,,0.14,0.056,0.021,0,0,,,,,,
633,CMKWI00030001,2000-01-01 00:00:00,9999-01-01 00:00:00,PDKWI0003,พรีเมียร์ โปรเทคชั่น 90/25 90/90,KWI,Life,1,ประเภทสามัญ,,Life,Main,,,100000,499000,,,0.3,0.12,0.05,0.05,0.05,,,,,,,0.24,0.084,0.035,0.035,0.035,0,0,0,0,0,,0.24,0.084,0.035,0.035,0.035,,,,,,
634,CMKWI00040001,2000-01-01 00:00:00,9999-01-01 00:00:00,PDKWI0004,บำนาญเปี่ยมสุข 85/5,KWI,Life,1,ประเภทสามัญ,ประกันบำนาญ,Life,Main,20,39,,,,,0.07,0.03,0.02,0.02,0.02,,,,,,,0.056,0.021,0.014,0.014,0.014,0,0,0,0,0,,0.056,0.021,0.014,0.014,0.014,,,,,,
635,CMKWI00050001,2000-01-01 00:00:00,9999-01-01 00:00:00,PDKWI0005,บำนาญเปี่ยมสุข 85/10,KWI,Life,1,ประเภทสามัญ,ประกันบำนาญ,Life,Main,20,39,,,,,0.15,0.06,0.04,0.02,0.02,,,,,,,0.12,0.042,0.028,0.014,0.014,0,0,0,0,0,,0.12,0.042,0.028,0.014,0.014,,,,,,
636,CMKWI00060001,2000-01-01 00:00:00,9999-01-01 00:00:00,PDKWI0006,บำนาญเปี่ยมสุข 85/55,KWI,Life,1,ประเภทสามัญ,ประกันบำนาญ,Life,Main,20,39,,,,,0.22,0.09,0.06,0.02,0.02,,,,,,,0.176,0.063,0.042,0.014,0.014,0,0,0,0,0,,0.176,0.063,0.042,0.014,0.014,,,,,,
637,CMKWI00070001,2000-01-01 00:00:00,9999-01-01 00:00:00,PDKWI0007,พรีเมียร์ เซฟวิ่ง 18/8,KWI,Life,1,ประเภทสามัญ,ประกันสะสมทรัพย์,Life,Main,,,100000,399999,,,0.07,0.03,0.02,0.02,0.02,,,,,,,0.056,0.021,0.014,0.014,0.014,0,0,0,0,0,,0.056,0.021,0.014,0.014,0.014,,,,,,
638,CMKWI00080001,2000-01-01 00:00:00,9999-01-01 00:00:00,PDKWI0008,พรีเมียร์ เซฟวิ่ง 18/18,KWI,Life,1,ประเภทสามัญ,ประกันสะสมทรัพย์,Life,Main,,,100000,399999,,,0.1,0.04,0.03,0.02,0.02,,,,,,,0.08,0.028,0.021,0.014,0.014,0,0,0,0,0,,0.08,0.028,0.021,0.014,0.014,,,,,,
639,CMKWI00090001,2000-01-01 00:00:00,9999-01-01 00:00:00,PDKWI0009,สุขภาพเหมาจ่าย/ HS Plus One/ OPD,KWI,Life,1,ประเภทสามัญ,อนุสัญญา,Rider,Rider,0,6,,,,,0.1,0.05,0.03,0.03,0.03,,,,,,,0.08,0.035,0.021,0.021,0.021,0,0,0,0,0,,0.08,0.035,0.021,0.021,0.021,,,,,,
640,CMKWI0010001,2000-01-01 00:00:00,9999-01-01 00:00:00,PDKWI0010,ADB สัญญาเพิ่มเติมการประกันภัยอุบัติเหตุเสียชีวิต,KWI,Life,1,ประเภทสามัญ,อนุสัญญา,Rider,Rider,,,,,,,,,,,,,,,,,,,,,,,0,0,0,0,0,,,,,,,,,,,,
641,CMKWI0011001,2000-01-01 00:00:00,9999-01-01 00:00:00,PDKWI0011,ADD สัญญาเพิ่มเติมการประกันอุบัติเหตุเสียชีวิต และสูญเสียอวัยวะ,KWI,Life,1,ประเภทสามัญ,อนุสัญญา,Rider,Rider,,,,,,,,,,,,,,,,,,,,,,,0,0,0,0,0,,,,,,,,,,,,
642,CMKWI0012001,2000-01-01 00:00:00,9999-01-01 00:00:00,PDKWI0012,AI สัญญาเพิ่มเติมการประกันอุบัติเหตุ และทุพพลภาพ: Accident Indemnity (AI),KWI,Life,1,ประเภทสามัญ,อนุสัญญา,Rider,Rider,,,,,,,,,,,,,,,,,,,,,,,0,0,0,0,0,,,,,,,,,,,,
643,CMKWI0013001,2000-01-01 00:00:00,9999-01-01 00:00:00,PDKWI0013,RCC AI บันทึกสลักหลัง สัญญาเพิ่มเติมการประกันอุบัติเหตุ การจลาจล สงครามกลางเมือง,KWI,Life,1,ประเภทสามัญ,อนุสัญญา,Rider,Rider,,,,,,,,,,,,,,,,,,,,,,,0,0,0,0,0,,,,,,,,,,,,
644,CMKWI0014001,2000-01-01 00:00:00,9999-01-01 00:00:00,PDKWI0014,RCCADD บันทึกสลักหลัง สัญญาเพิ่มเติมการประกันอุบัติเหตุ การจลาจล สงครามกลางเมือง,KWI,Life,1,ประเภทสามัญ,อนุสัญญา,Rider,Rider,,,,,,,,,,,,,,,,,,,,,,,0,0,0,0,0,,,,,,,,,,,,
645,CMKWI0015001,2000-01-01 00:00:00,9999-01-01 00:00:00,PDKWI0015,MC144 สัญญาเพิ่มเติมโรคร้ายแรง : Modern Critical Iiness (MCI 44),KWI,Life,1,ประเภทสามัญ,อนุสัญญา,Rider,Rider,,,,,,,,,,,,,,,,,,,,,,,0,0,0,0,0,,,,,,,,,,,,
646,CMKWI0016001,2000-01-01 00:00:00,9999-01-01 00:00:00,PDKWI0016,WP สัญญาเพิ่มเติมการยกเว้นเบี้ยประกันภัย: Waiver of Premium (WP),KWI,Life,1,ประเภทสามัญ,อนุสัญญา,Rider,Rider,,,,,,,,,,,,,,,,,,,,,,,0,0,0,0,0,,,,,,,,,,,,
647,CMKWI0017001,2000-01-01 00:00:00,9999-01-01 00:00:00,PDKWI0017,PBWP สัญญาเพิ่มเติมผลประโยชน์ผู้ชำระเบี้ยประกันภัย,KWI,Life,1,ประเภทสามัญ,อนุสัญญา,Rider,Rider,,,,,,,,,,,,,,,,,,,,,,,0,0,0,0,0,,,,,,,,,,,,
732,CMKWP0001001,2000-01-01 00:00:00,9999-01-01 00:00:00,PDKWP0001,ประกันอุบัติเหตุกลุ่ม (KWP),KWP,Non-Life,2,การประกันภัยเบ็ดเตล็ด,ประกันกลุ่ม,Non-Motor,Main,,,,,,,0.18,,,,,,,,,,,0.12,,,,,,,,,,,0.12,,,,,,,,,,
817,CMKWP0002001,2000-01-01 00:00:00,9999-01-01 00:00:00,PDKWP0002,ประกันภัยความรับผิดผู้ขนส่ง Carrier's Liability (KWP),KWP,Non-Life,2,การประกันภัยเบ็ดเตล็ด,ขนส่ง,Non-Motor,Main,,,,,,,,,,,,,,,,,,,,,,,,,,,,,,,,,,,,,,,
133,CMLMG0001001,2000-01-01 00:00:00,9999-01-01 00:00:00,PDLMG0001,ประกันรถยนต์ชั้น 1 (LMG),LMG,Non-Life,2,การประกันรถโดยความสมัครใจ,,Motor,Main,,,,,,,0.18,,,,,,,,,,,0.12,,,,,,,,,,,0.12,,,,,,,,,,
134,CMLMG0002001,2000-01-01 00:00:00,9999-01-01 00:00:00,PDLMG0002,ประกันรถยนต์ชั้น 2 (LMG),LMG,Non-Life,2,การประกันรถโดยความสมัครใจ,,Motor,Main,,,,,,,0.18,,,,,,,,,,,0.12,,,,,,,,,,,0.12,,,,,,,,,,
135,CMLMG0003001,2000-01-01 00:00:00,9999-01-01 00:00:00,PDLMG0003,ประกันรถยนต์ชั้น 3 (LMG),LMG,Non-Life,2,การประกันรถโดยความสมัครใจ,,Motor,Main,,,,,,,0.18,,,,,,,,,,,0.12,,,,,,,,,,,0.12,,,,,,,,,,
136,CMLMG0004001,2000-01-01 00:00:00,9999-01-01 00:00:00,PDLMG0004,ประกันรถยนต์ชั้น 2+ (LMG),LMG,Non-Life,2,การประกันรถโดยความสมัครใจ,,Motor,Main,,,,,,,0.18,,,,,,,,,,,0.12,,,,,,,,,,,0.12,,,,,,,,,,
137,CMLMG0005001,2000-01-01 00:00:00,9999-01-01 00:00:00,PDLMG0005,ประกันรถยนต์ชั้น 3+ (LMG),LMG,Non-Life,2,การประกันรถโดยความสมัครใจ,,Motor,Main,,,,,,,0.18,,,,,,,,,,,0.12,,,,,,,,,,,0.12,,,,,,,,,,
138,CMLMG0006001,2000-01-01 00:00:00,9999-01-01 00:00:00,PDLMG0006,พรบ รถยนต์ (LMG),LMG,Non-Life,2,การประกันรถโดยข้อบังคับแห่งกฏหมาย,,Motor,Main,,,,,,,0.12,,,,,,,,,,,0.08,,,,,,,,,,,0.08,,,,,,,,,,
139,CMLMG0007001,2000-01-01 00:00:00,9999-01-01 00:00:00,PDLMG0007,ประกันอัคคีภัย (LMG),LMG,Non-Life,2,การประกันอัคคีภัย,อัคคีภัย,Non-Motor,Main,,,,,,,0.23,,,,,,,,,,,0.12,,,,,,,,,,,0.12,,,,,,,,,,
140,CMLMG0008001,2000-01-01 00:00:00,9999-01-01 00:00:00,PDLMG0008,ประกันอุบัติเหตุส่วนบุคคล PA (LMG),LMG,Non-Life,2,การประกันภัยเบ็ดเตล็ด,ประกันอุบัติเหตุส่วนบุคคล,Non-Motor,Main,,,,,,,0.18,,,,,,,,,,,0.12,,,,,,,,,,,0.12,,,,,,,,,,
141,CMLMG0009001,2000-01-01 00:00:00,9999-01-01 00:00:00,PDLMG0009,ประกันการเดินทาง (LMG),LMG,Non-Life,2,การประกันภัยเบ็ดเตล็ด,ประกันการเดินทาง,Non-Motor,Main,,,,,,,0.18,,,,,,,,,,,0.12,,,,,,,,,,,0.12,,,,,,,,,,
142,CMLMG0010001,2000-01-01 00:00:00,9999-01-01 00:00:00,PDLMG0010,ประกันความเสี่ยงภัยทรัพย์สิน (LMG),LMG,Non-Life,2,การประกันอัคคีภัย,อัคคีภัย,Non-Motor,Main,,,,,,,0.18,,,,,,,,,,,0.12,,,,,,,,,,,0.12,,,,,,,,,,
143,CMLMG0011001,2000-01-01 00:00:00,9999-01-01 00:00:00,PDLMG0011,ประกันสุขภาพ (LMG),LMG,Non-Life,2,การประกันภัยเบ็ดเตล็ด,สุขภาพ,Non-Motor,Main,,,,,,,0.18,,,,,,,,,,,0.11,,,,,,,,,,,0.11,,,,,,,,,,
144,CMLMG0012001,2000-01-01 00:00:00,9999-01-01 00:00:00,PDLMG0012,SME Secure Plus and SME Value (LMG),LMG,Non-Life,2,การประกันอัคคีภัย,อัคคีภัย,Non-Motor,Main,,,,,,,0.18,,,,,,,,,,,0.12,,,,,,,,,,,0.12,,,,,,,,,,
145,CMLMG0013001,2000-01-01 00:00:00,9999-01-01 00:00:00,PDLMG0013,Home Secure Plus and Home Value (LMG),LMG,Non-Life,2,การประกันอัคคีภัย,อัคคีภัย,Non-Motor,Main,,,,,,,0.18,,,,,,,,,,,0.12,,,,,,,,,,,0.12,,,,,,,,,,
146,CMLMG0014001,2000-01-01 00:00:00,9999-01-01 00:00:00,PDLMG0014,ประกันอุบัติเหตุส่วนบุคคล PA - PA Plus (LMG),LMG,Non-Life,2,การประกันภัยเบ็ดเตล็ด,ประกันอุบัติเหตุส่วนบุคคล,Non-Motor,Main,,,,,,,0.18,,,,,,,,,,,0.12,,,,,,,,,,,0.12,,,,,,,,,,
147,CMLMG0015001,2000-01-01 00:00:00,9999-01-01 00:00:00,PDLMG0015,ประกันอุบัติเหตุส่วนบุคคล PA - PA Total Protection (LMG),LMG,Non-Life,2,การประกันภัยเบ็ดเตล็ด,ประกันอุบัติเหตุส่วนบุคคล,Non-Motor,Main,,,,,,,0.18,,,,,,,,,,,0.12,,,,,,,,,,,0.12,,,,,,,,,,
148,CMLMG0016001,2000-01-01 00:00:00,9999-01-01 00:00:00,PDLMG0016,Cancer (LMG),LMG,Non-Life,2,การประกันภัยเบ็ดเตล็ด,ประกันอุบัติเหตุส่วนบุคคล,Non-Motor,Main,,,,,,,0.18,,,,,,,,,,,0.12,,,,,,,,,,,0.12,,,,,,,,,,
149,CMLMG0017001,2000-01-01 00:00:00,9999-01-01 00:00:00,PDLMG0017,"ประกันความเสี่ยงภัยทุกชนิต (IAR, BI, All Risks) (LMG)",LMG,Non-Life,2,การประกันอัคคีภัย,อัคคีภัย,Non-Motor,Main,,,,,,,0.18,,,,,,,,,,,0.12,,,,,,,,,,,0.12,,,,,,,,,,
150,CMLMG0018001,2000-01-01 00:00:00,9999-01-01 00:00:00,PDLMG0018,ความรับผิดตามกฏหมายต่อบุคคลภายนอก PL (LMG),LMG,Non-Life,2,การประกันอัคคีภัย,อัคคีภัย,Non-Motor,Main,,,,,,,0.18,,,,,,,,,,,0.12,,,,,,,,,,,0.12,,,,,,,,,,
151,CMLMG0019001,2000-01-01 00:00:00,9999-01-01 00:00:00,PDLMG0019,ประกันภัยผู้เล่นกอล์ฟ (LMG),LMG,Non-Life,2,การประกันภัยเบ็ดเตล็ด,ประกันอุบัติเหตุส่วนบุคคล,Non-Motor,Main,,,,,,,0.18,,,,,,,,,,,0.12,,,,,,,,,,,0.12,,,,,,,,,,
152,CMLMG00200001,2000-01-01 00:00:00,9999-01-01 00:00:00,PDLMG0020,ประกันสุขภาพกลุ่ม (LMG),LMG,Non-Life,2,การประกันภัยเบ็ดเตล็ด,ประกันกลุ่ม,Non-Motor,Main,,,,,,,0.15,,,,,,,,,,,0.09,,,,,,,,,,,0.09,,,,,,,,,,
153,CMLMG0021001,2000-01-01 00:00:00,9999-01-01 00:00:00,PDLMG0021,พรบ มอเตอร์ไซต์ (LMG),LMG,Non-Life,2,การประกันรถโดยข้อบังคับแห่งกฏหมาย,,Motor,Main,,,,,,,,,,,,,,,,,,0,,,,,,,,,,,0,,,,,,,,,,
154,CMLMG0022001,2000-01-01 00:00:00,9999-01-01 00:00:00,PDLMG0022,ประกันรถมอเตอร์ไซต์ชั้น 3+ (LMG),LMG,Non-Life,2,การประกันรถโดยความสมัครใจ,,Motor,Main,,,,,,,0.18,,,,,,,,,,,0.12,,,,,,,,,,,0.12,,,,,,,,,,
775,CMLMG0023001,2000-01-01 00:00:00,9999-01-01 00:00:00,PDLMG0023,ประกันก่อสร้าง CAR (LMG),LMG,Non-Life,2,การประกันภัยเบ็ดเตล็ด,เบ็ดเตล็ด,Non-Motor,Main,,,,,,,,,,,,,,,,,,,,,,,,,,,,,,,,,,,,,,,
787,CMLMG0024001,2000-01-01 00:00:00,9999-01-01 00:00:00,PDLMG0024,ประกันอุบัติเหตุกลุ่ม (LMG),LMG,Non-Life,2,การประกันภัยเบ็ดเตล็ด,ประกันกลุ่ม,Non-Motor,Main,,,,,,,,,,,,,,,,,,,,,,,,,,,,,,,,,,,,,,,
802,CMLMG00250002,2000-01-01 00:00:00,9999-01-01 00:00:00,PDLMG0025,ประกันสุขภาพกลุ่ม (LMG),LMG,Non-Life,2,การประกันภัยเบ็ดเตล็ด,ประกันกลุ่ม,Non-Motor,Main,,,,,,,,,,,,,,,,,,,,,,,,,,,,,,,,,,,,,,,
853,CMLMG0026001,2025-09-19 00:00:00,9999-01-01 00:00:00,PDLMG0026,ประกันรถมอเตอร์ไซต์ชั้น 3 [LMG],LMG,Non-Life,2,การประกันรถโดยความสมัครใจ,,Motor,Main,,,,,,,,,,,,,,,,,,,,,,,,,,,,,,,,,,,,,,,
731,CMLUM0001001,2000-01-01 00:00:00,9999-01-01 00:00:00,PDLUM0001,ประกันสุขภาพ (ลูม่า),LUM,Non-Life,2,การประกันภัยเบ็ดเตล็ด,สุขภาพ,Non-Motor,Main,,,,,,,0.18,,,,,,,,,,,0.11,,,,,,,,,,,0.11,,,,,,,,,,
155,CMMIT0001001,2000-01-01 00:00:00,9999-01-01 00:00:00,PDMIT0001,ประกันรถยนต์ชั้น 1 (MIT),MIT,Non-Life,2,การประกันรถโดยความสมัครใจ,,Motor,Main,,,,,,,,,,,,,,,,,,0,,,,,,,,,,,0,,,,,,,,,,
761,CMMIT0002001,2000-01-01 00:00:00,9999-01-01 00:00:00,PDMIT0002,ประกันรถยนต์ชั้น 2 (MIT),MIT,Non-Life,2,การประกันรถโดยความสมัครใจ,,Motor,Main,,,,,,,,,,,,,,,,,,,,,,,,,,,,,,,,,,,,,,,
762,CMMIT0003001,2000-01-01 00:00:00,9999-01-01 00:00:00,PDMIT0003,ประกันรถยนต์ชั้น 3 (MIT),MIT,Non-Life,2,การประกันรถโดยความสมัครใจ,,Motor,Main,,,,,,,,,,,,,,,,,,,,,,,,,,,,,,,,,,,,,,,
763,CMMIT0004001,2000-01-01 00:00:00,9999-01-01 00:00:00,PDMIT0004,ประกันรถยนต์ชั้น 2+ (MIT),MIT,Non-Life,2,การประกันรถโดยความสมัครใจ,,Motor,Main,,,,,,,,,,,,,,,,,,,,,,,,,,,,,,,,,,,,,,,
764,CMMIT00050002,2000-01-01 00:00:00,9999-01-01 00:00:00,PDMIT0005,ประกันรถยนต์ชั้น 3+ (MIT),MIT,Non-Life,2,การประกันรถโดยความสมัครใจ,,Motor,Main,,,,,,,,,,,,,,,,,,,,,,,,,,,,,,,,,,,,,,,
765,CMMIT0006001,2000-01-01 00:00:00,9999-01-01 00:00:00,PDMIT0006,พรบ รถยนต์ (MIT),MIT,Non-Life,2,การประกันรถโดยข้อบังคับแห่งกฏหมาย,,Motor,Main,,,,,,,,,,,,,,,,,,,,,,,,,,,,,,,,,,,,,,,
766,CMMIT0007001,2000-01-01 00:00:00,9999-01-01 00:00:00,PDMIT0007,ประกันอัคคีภัย (MIT),MIT,Non-Life,2,การประกันอัคคีภัย,อัคคีภัย,Non-Motor,Main,,,,,,,,,,,,,,,,,,,,,,,,,,,,,,,,,,,,,,,
767,CMMIT0008001,2000-01-01 00:00:00,9999-01-01 00:00:00,PDMIT0008,ประกันอุบัติเหตุส่วนบุคคล PA (MIT),MIT,Non-Life,2,การประกันภัยเบ็ดเตล็ด,ประกันอุบัติเหตุส่วนบุคคล,Non-Motor,Main,,,,,,,,,,,,,,,,,,,,,,,,,,,,,,,,,,,,,,,
768,CMMIT0009001,2000-01-01 00:00:00,9999-01-01 00:00:00,PDMIT0009,ประกันการเดินทาง (MIT),MIT,Non-Life,2,การประกันภัยเบ็ดเตล็ด,ประกันการเดินทาง,Non-Motor,Main,,,,,,,,,,,,,,,,,,,,,,,,,,,,,,,,,,,,,,,
769,CMMIT0010001,2000-01-01 00:00:00,9999-01-01 00:00:00,PDMIT0010,ประกันความเสี่ยงภัยทรัพย์สิน (MIT),MIT,Non-Life,2,การประกันอัคคีภัย,อัคคีภัย,Non-Motor,Main,,,,,,,,,,,,,,,,,,,,,,,,,,,,,,,,,,,,,,,
156,CMMSG0001001,2000-01-01 00:00:00,9999-01-01 00:00:00,PDMSG0001,ประกันรถยนต์ชั้น 1 (MSIG),MSG,Non-Life,2,การประกันรถโดยความสมัครใจ,,Motor,Main,,,,,,,0.18,,,,,,,,,,,0.12,,,,,,,,,,,0.12,,,,,,,,,,
157,CMMSG0002001,2000-01-01 00:00:00,9999-01-01 00:00:00,PDMSG0002,ประกันรถยนต์ชั้น 2 (MSIG),MSG,Non-Life,2,การประกันรถโดยความสมัครใจ,,Motor,Main,,,,,,,,,,,,,,,,,,0,,,,,,,,,,,0,,,,,,,,,,
158,CMMSG0003001,2000-01-01 00:00:00,9999-01-01 00:00:00,PDMSG0003,ประกันรถยนต์ชั้น 3 (MSIG),MSG,Non-Life,2,การประกันรถโดยความสมัครใจ,,Motor,Main,,,,,,,0.18,,,,,,,,,,,0.12,,,,,,,,,,,0.12,,,,,,,,,,
159,CMMSG0004001,2000-01-01 00:00:00,9999-01-01 00:00:00,PDMSG0004,ประกันรถยนต์ชั้น 2+ (MSIG),MSG,Non-Life,2,การประกันรถโดยความสมัครใจ,,Motor,Main,,,,,,,0.18,,,,,,,,,,,0.12,,,,,,,,,,,0.12,,,,,,,,,,
160,CMMSG0005001,2000-01-01 00:00:00,9999-01-01 00:00:00,PDMSG0005,ประกันรถยนต์ชั้น 3+ (MSIG),MSG,Non-Life,2,การประกันรถโดยความสมัครใจ,,Motor,Main,,,,,,,0.18,,,,,,,,,,,0.12,,,,,,,,,,,0.12,,,,,,,,,,
161,CMMSG0006001,2000-01-01 00:00:00,9999-01-01 00:00:00,PDMSG0006,พรบ รถยนต์ (MSIG),MSG,Non-Life,2,การประกันรถโดยข้อบังคับแห่งกฏหมาย,,Motor,Main,,,,,,,,,,,,,,,,,,0,,,,,,,,,,,0,,,,,,,,,,
162,CMMSG0007001,2000-01-01 00:00:00,9999-01-01 00:00:00,PDMSG0007,ประกันอัคคีภัย-บ้านที่อยู่อาศัย (MSIG),MSG,Non-Life,2,การประกันอัคคีภัย,อัคคีภัย,Non-Motor,Main,,,,,,,0.18,,,,,,,,,,,0.12,,,,,,,,,,,0.12,,,,,,,,,,
163,CMMSG0008001,2000-01-01 00:00:00,9999-01-01 00:00:00,PDMSG0008,ประกันอัคคีภัย-ธุรกิจ (MSIG),MSG,Non-Life,2,การประกันอัคคีภัย,อัคคีภัย,Non-Motor,Main,,,,,,,0.18,,,,,,,,,,,0.12,,,,,,,,,,,0.12,,,,,,,,,,
164,CMMSG0009001,2000-01-01 00:00:00,9999-01-01 00:00:00,PDMSG0009,ประกันอุบัติเหตุส่วนบุคคล PA (MSIG),MSG,Non-Life,2,การประกันภัยเบ็ดเตล็ด,ประกันอุบัติเหตุส่วนบุคคล,Non-Motor,Main,,,,,,,0.18,,,,,,,,,,,0.12,,,,,,,,,,,0.12,,,,,,,,,,
165,CMMSG0010001,2000-01-01 00:00:00,9999-01-01 00:00:00,PDMSG0010,ประกันการเดินทาง (MSIG),MSG,Non-Life,2,การประกันภัยเบ็ดเตล็ด,ประกันการเดินทาง,Non-Motor,Main,,,,,,,0.18,,,,,,,,,,,0.12,,,,,,,,,,,0.12,,,,,,,,,,
166,CMMSG0011001,2000-01-01 00:00:00,9999-01-01 00:00:00,PDMSG0011,ประกันสุขภาพ (MSIG),MSG,Non-Life,2,การประกันภัยเบ็ดเตล็ด,สุขภาพ,Non-Motor,Main,,,,,,,,,,,,,,,,,,0,,,,,,,,,,,0,,,,,,,,,,
167,CMMSG0012001,2000-01-01 00:00:00,9999-01-01 00:00:00,PDMSG0012,Home Safe / Home Package (MSIG),MSG,Non-Life,2,การประกันอัคคีภัย,อัคคีภัย,Non-Motor,Main,,,,,,,0.18,,,,,,,,,,,0.12,,,,,,,,,,,0.12,,,,,,,,,,
168,CMMSG0013001,2000-01-01 00:00:00,9999-01-01 00:00:00,PDMSG0013,Shop Insurance / SME Package (MSIG),MSG,Non-Life,2,การประกันอัคคีภัย,อัคคีภัย,Non-Motor,Main,,,,,,,0.18,,,,,,,,,,,0.12,,,,,,,,,,,0.12,,,,,,,,,,
169,CMMSG0014001,2000-01-01 00:00:00,9999-01-01 00:00:00,PDMSG0014,การประกันอัคคีภัย (MSG),MSG,Non-Life,2,การประกันอัคคีภัย,อัคคีภัย,Non-Motor,Main,,,,,,,0.15,,,,,,,,,,,0.09,,,,,,,,,,,0.09,,,,,,,,,,
170,CMMSG0015001,2000-01-01 00:00:00,9999-01-01 00:00:00,PDMSG0015,ความรับผิดตามกฏหมายต่อบุคคลภายนอก PL (MSIG),MSG,Non-Life,2,การประกันอัคคีภัย,อัคคีภัย,Non-Motor,Main,,,,,,,0.18,,,,,,,,,,,0.12,,,,,,,,,,,0.12,,,,,,,,,,
171,CMMSG0016001,2000-01-01 00:00:00,9999-01-01 00:00:00,PDMSG0016,ประกันอุบัติเหตุส่วนบุคคล PA กลุ่ม (MSIG),MSG,Non-Life,2,การประกันภัยเบ็ดเตล็ด,ประกันกลุ่ม,Non-Motor,Main,,,,,,,0.18,,,,,,,,,,,0.12,,,,,,,,,,,0.12,,,,,,,,,,
172,CMMSG0017001,2000-01-01 00:00:00,9999-01-01 00:00:00,PDMSG0017,ประกันโรคร้ายแรงรายเดี่ยว (MSIG),MSG,Non-Life,2,การประกันภัยเบ็ดเตล็ด,สุขภาพ,Non-Motor,Main,,,,,,,0.18,,,,,,,,,,,0.12,,,,,,,,,,,0.12,,,,,,,,,,
173,CMMSG0018001,2000-01-01 00:00:00,9999-01-01 00:00:00,PDMSG0018,ประกันภัยผู้เล่นกอล์ฟ (MSIG),MSG,Non-Life,2,การประกันภัยเบ็ดเตล็ด,ประกันอุบัติเหตุส่วนบุคคล,Non-Motor,Main,,,,,,,0.18,,,,,,,,,,,0.12,,,,,,,,,,,0.12,,,,,,,,,,
818,CMMSG0019001,2000-01-01 00:00:00,9999-01-01 00:00:00,PDMSG0019,ประกันก่อสร้าง CAR (MSIG),MSG,Non-Life,2,การประกันภัยเบ็ดเตล็ด,เบ็ดเตล็ด,Non-Motor,Main,,,,,,,,,,,,,,,,,,,,,,,,,,,,,,,,,,,,,,,
893,CMMSG0020001,2026-05-25 00:00:00,9999-01-01 00:00:00,PDMSG0020,ประกันทรัพย์สิน IAR (MSIG),MSG,Non-Life,2,การประกันอัคคีภัย,อัคคีภัย,Non-Motor,Main,,,,,,,,,,,,,,,,,,,,,,,,,,,,,,,,,,,,,,,
431,CMMTL0001001,2000-01-01 00:00:00,9999-01-01 00:00:00,PDMTL0001,ภายในระยะเวลา 1/1 [TON01F],MTL,Life,1,ประเภทสามัญ,อนุสัญญา,Rider,Rider,,,,,,,0.1,,,,,,,,,,,0.08,0,0,0,0,0,0,0,0,0,,0.08,0,0,0,0,,,,,,
432,CMMTL0002001,2000-01-01 00:00:00,9999-01-01 00:00:00,PDMTL0002,ภายในระยะเวลา 5/5 [TON05M],MTL,Life,1,ประเภทสามัญ,อนุสัญญา,Rider,Rider,,,,,,,0.1,0.1,0.1,0.1,0.1,0,0,0,0,0,0,0.08,0.07,0.07,0.07,0.07,0,0,0,0,0,,0.08,0.07,0.07,0.07,0.07,,,,,,
433,CMMTL0003001,2000-01-01 00:00:00,9999-01-01 00:00:00,PDMTL0003,ภายในระยะเวลา 10/10 [TON10M],MTL,Life,1,ประเภทสามัญ,อนุสัญญา,Rider,Rider,,,,,,,0.1,0.1,0.1,0.1,0.1,0.1,0.1,0.1,0.1,0.1,0.1,0.08,0.07,0.07,0.07,0.07,0.07,0.07,0.07,0.07,0.07,,0.08,0.07,0.07,0.07,0.07,,,,,,
434,CMMTL0004001,2000-01-01 00:00:00,9999-01-01 00:00:00,PDMTL0004,ภายในระยะเวลา 15/15 [TON15O],MTL,Life,1,ประเภทสามัญ,อนุสัญญา,Rider,Rider,,,,,,,0.1,0.1,0.1,0.1,0.1,0.1,0.1,0.1,0.1,0.1,0.1,0.08,0.07,0.07,0.07,0.07,0.07,0.07,0.07,0.07,0.07,,0.08,0.07,0.07,0.07,0.07,,,,,,
435,CMMTL00050001,2000-01-01 00:00:00,9999-01-01 00:00:00,PDMTL0005,เมืองไทย 8560 จี 15 (บำนาญลดหย่อนได้) [AON60C],MTL,Life,1,ประเภทสามัญ,ประกันบำนาญ,Life,Main,20,40,,,,,0.25,0.1,0.08,0.05,0.025,0.005,0.005,0.005,0.005,0.005,0.005,0.2,0.07,0.056,0.035,0.0175,0.0035,0.0035,0.0035,0.0035,0.0035,,0.2,0.07,0.056,0.035,0.0175,,,,,,
436,CMMTL00060001,2000-01-01 00:00:00,9999-01-01 00:00:00,PDMTL0006,เมืองไทย 8555 จี 20 (บำนาญลดหย่อนได้) [AON55C],MTL,Life,1,ประเภทสามัญ,ประกันบำนาญ,Life,Main,20,35,,,,,0.25,0.1,0.08,0.05,0.025,0.005,0.005,0.005,0.005,0.005,0.005,0.2,0.07,0.056,0.035,0.0175,0.0035,0.0035,0.0035,0.0035,0.0035,,0.2,0.07,0.056,0.035,0.0175,,,,,,
437,CMMTL00070001,2000-01-01 00:00:00,9999-01-01 00:00:00,PDMTL0007,"เมืองไทย 9901 (บำนาญลดหย่อนได้) [AON01F],[AON01G],[AON01H],[AON01I],[AON01J]",MTL,Life,1,ประเภทสามัญ,ประกันบำนาญ,Life,Main,,,,,,,0.02,0.02,0.02,0.02,0.02,0.02,0.02,0.02,0.02,0.02,0.02,0.016,0.014,0.014,0.014,0.014,0.014,0.014,0.014,0.014,0.014,,0.016,0.014,0.014,0.014,0.014,,,,,,
438,CMMTL0008001,2000-01-01 00:00:00,9999-01-01 00:00:00,PDMTL0008,เมืองไทย 8501 ดี60 (บำนาญลดหย่อนได้) [AON011],MTL,Life,1,ประเภทสามัญ,ประกันบำนาญ,Life,Main,,,,,,,0.02,0.02,0.02,0.02,0.02,0.02,0.02,0.02,0.02,0.02,0.02,0.016,0.014,0.014,0.014,0.014,0.014,0.014,0.014,0.014,0.014,,0.016,0.014,0.014,0.014,0.014,,,,,,
439,CMMTL00090001,2000-01-01 00:00:00,9999-01-01 00:00:00,PDMTL0009,เมืองไทย 8560 (บำนาญลดหย่อนได้) [AON60A],MTL,Life,1,ประเภทสามัญ,ประกันบำนาญ,Life,Main,20,40,,,,,0.25,0.1,0.08,0.05,0.025,0.005,0.005,0.005,0.005,0.005,0.005,0.2,0.07,0.056,0.035,0.0175,0.0035,0.0035,0.0035,0.0035,0.0035,,0.2,0.07,0.056,0.035,0.0175,,,,,,
440,CMMTL00100001,2000-01-01 00:00:00,9999-01-01 00:00:00,PDMTL0010,เมืองไทย 9960 (บำนาญลดหย่อนได้) [AON60B],MTL,Life,1,ประเภทสามัญ,ประกันบำนาญ,Life,Main,20,40,,,,,0.25,0.1,0.08,0.05,0.025,0.005,0.005,0.005,0.005,0.005,0.005,0.2,0.07,0.056,0.035,0.0175,0.0035,0.0035,0.0035,0.0035,0.0035,,0.2,0.07,0.056,0.035,0.0175,,,,,,
441,CMMTL00110001,2000-01-01 00:00:00,9999-01-01 00:00:00,PDMTL0011,เมืองไทย 8505 (บำนาญลดหย่อนได้) [AON05B],MTL,Life,1,ประเภทสามัญ,ประกันบำนาญ,Life,Main,,,,,,,0.07,0.06,0.04,0.02,0.02,0,0,0,0,0,0,0.056,0.042,,,0.014,0,0,0,0,0,,0.056,0.042,,,0.014,,,,,,
442,CMMTL00120001,2000-01-01 00:00:00,9999-01-01 00:00:00,PDMTL0012,WP ประโยชน์การยกเว้นเบี้ยประกันภัยของผู้เอาประกัน (8505) [RW000F],MTL,Life,1,ประเภทสามัญ,,Life,Main,,,,,,,0.07,0.06,0.04,0.02,0.02,0,0,0,0,0,0,0.056,0.042,0.028,0.014,0.014,0,0,0,0,0,,0.056,0.042,0.028,0.014,0.014,,,,,,
443,CMMTL00130001,2000-01-01 00:00:00,9999-01-01 00:00:00,PDMTL0013,เมืองไทยรีไทร์เมนท์ พลัส 60 [WON59B],MTL,Life,1,ประเภทสามัญ,,Life,Main,30,34,,,,,0.35,0.14,0.09,0.03,0.02,0.005,0.005,0.005,0.005,0.005,0.005,0.28,0.098,0.063,0.021,0.014,0.0035,0.0035,0.0035,0.0035,0.0035,,0.28,0.098,0.063,0.021,0.014,,,,,,
444,CMMTL00140001,2000-01-01 00:00:00,9999-01-01 00:00:00,PDMTL0014,เมืองไทยซุปเปอร์ เซฟเวอร์ 25/16 [EON16E],MTL,Life,1,ประเภทสามัญ,,Life,Main,,,150000,299999,,,0.25,0.1,0.065,0.02,0.01,0.01,0.01,0.01,0.01,0.01,0.01,0.2,0.07,0.0455,0.014,0.007,0.007,0.007,0.007,0.007,0.007,,0.2,0.07,0.0455,0.014,0.007,,,,,,
445,CMMTL0015001,2000-01-01 00:00:00,9999-01-01 00:00:00,PDMTL0015,เมืองไทย แฮปปี้ 14/4,MTL,Life,1,ประเภทสามัญ,,Life,Main,,,,,,,0.12,0.05,0.03,0.03,0,0,0,0,0,0,0,0.096,0.035,0.021,0.021,0,0,0,0,0,0,,0.096,0.035,0.021,0.021,0,,,,,,
446,CMMTL00160001,2000-01-01 00:00:00,9999-01-01 00:00:00,PDMTL0016,ออมทรัพย์ 20/14  [EOP149],MTL,Life,1,ประเภทสามัญ,ประกันสะสมทรัพย์,Life,Main,,,,,,,0.15,0.06,0.04,0.005,0.005,0.005,0.005,0.005,0.005,0.005,0.005,0.12,0.042,0.028,0.0035,0.0035,0.0035,0.0035,0.0035,0.0035,0.0035,,0.12,0.042,0.028,0.0035,0.0035,,,,,,
447,CMMTL00170001,2000-01-01 00:00:00,9999-01-01 00:00:00,PDMTL0017,เมืองไทยแฮปปี้ ไลฟ์ (พลัส) [EON21O],MTL,Life,1,ประเภทสามัญ,,Life,Main,,,150000,299999,,,0.2,0.08,0.05,0.01,0.01,0.005,0.005,0.005,0.005,0.005,0.005,0.16,0.056,0.035,0.007,0.007,0.0035,0.0035,0.0035,0.0035,0.0035,,0.16,0.056,0.035,0.007,0.007,,,,,,
448,CMMTL00180001,2000-01-01 00:00:00,9999-01-01 00:00:00,PDMTL0018,เมืองไทยธนภัทร [EON15S],MTL,Life,1,ประเภทสามัญ,,Life,Main,,,50000,99999,,,0.15,0.1,0.05,0.05,0.05,0.025,0.025,0.025,0.025,0.025,0.025,0.12,0.07,0.035,0.035,0.035,0.0175,0.0175,0.0175,0.0175,0.0175,,0.12,0.07,0.035,0.035,0.035,,,,,,
449,CMMTL0019001,2000-01-01 00:00:00,9999-01-01 00:00:00,PDMTL0019,เมืองไทย แฮปปี้ เซฟเวอร์ พลัส,MTL,Life,1,ประเภทสามัญ,,Life,Main,,,,,,,0.015,0.01,0,0,0,0,0,0,0,0,0,0.012,0.007,0,0,0,0,0,0,0,0,,0.012,0.007,0,0,0,,,,,,
450,CMMTL00200001,2000-01-01 00:00:00,9999-01-01 00:00:00,PDMTL0020,ออมทรัพย์ 10/10 [EOP107],MTL,Life,1,ประเภทสามัญ,ประกันสะสมทรัพย์,Life,Main,,,150000,299999,,,0.1,0.04,0.025,0.01,0.01,0.005,0.005,0.005,0.005,0.005,0.005,0.08,0.028,0.0175,0.007,0.007,0.0035,0.0035,0.0035,0.0035,0.0035,,0.08,0.028,0.0175,0.007,0.007,,,,,,
451,CMMTL00210001,2000-01-01 00:00:00,9999-01-01 00:00:00,PDMTL0021,ออมทรัพย์ 15/15 [EOP158],MTL,Life,1,ประเภทสามัญ,ประกันสะสมทรัพย์,Life,Main,,,150000,299999,,,0.15,0.06,0.04,0.01,0.01,0.005,0.005,0.005,0.005,0.005,0.005,0.12,0.042,0.028,0.007,0.007,0.0035,0.0035,0.0035,0.0035,0.0035,,0.12,0.042,0.028,0.007,0.007,,,,,,
452,CMMTL00220001,2000-01-01 00:00:00,9999-01-01 00:00:00,PDMTL0022,เมืองไทยธนทวี 15/10 [EON10R],MTL,Life,1,ประเภทสามัญ,,Life,Main,,,150000,299999,,,0.08,0.035,0.02,0.005,0.005,0.005,0.005,0.005,0.005,0.005,0.005,0.064,0.0245,0.014,0.0035,0.0035,0.0035,0.0035,0.0035,0.0035,0.0035,,0.064,0.0245,0.014,0.0035,0.0035,,,,,,
453,CMMTL00230001,2000-01-01 00:00:00,9999-01-01 00:00:00,PDMTL0023,ตะกาฟุล เซฟวิ่ง 10/4 [EOP04V],MTL,Life,1,ประเภทสามัญ,ประกันสะสมทรัพย์,Life,Main,,,30000,49999,,,0.01,0.005,0.005,0.005,,,,,,,,0.008,0.0035,0.0035,0.0035,,,,,,,,0.008,0.0035,0.0035,0.0035,,,,,,,
454,CMMTL00240001,2000-01-01 00:00:00,9999-01-01 00:00:00,PDMTL0024,เมืองไทย เอ็กซ์ตร้า เซฟวิ่ง 10/5 [EON05Y],MTL,Life,1,ประเภทสามัญ,ประกันสะสมทรัพย์,Life,Main,,,30000,49999,,,0.01,0.005,0.005,0.005,0.005,0,0,0,0,0,0,0.008,0.0035,0.0035,0.0035,0.0035,0,0,0,0,0,,0.008,0.0035,0.0035,0.0035,0.0035,,,,,,
455,CMMTL00250001,2000-01-01 00:00:00,9999-01-01 00:00:00,PDMTL0025,เมืองไทย เอ็กซ์ตร้า เซฟวิ่ง 15/5 [EON05X],MTL,Life,1,ประเภทสามัญ,ประกันสะสมทรัพย์,Life,Main,,,150000,299999,,,0.08,0.035,0.02,0.01,0.01,0,0,0,0,0,0,0.064,0.0245,0.014,0.007,0.007,0,0,0,0,0,,0.064,0.0245,0.014,0.007,0.007,,,,,,
456,CMMTL00260001,2000-01-01 00:00:00,9999-01-01 00:00:00,PDMTL0026,เมืองไทย สมาร์ท ลิ้งค์ พลัส 10/1 (Global),MTL,Life,1,ประเภทสามัญ,,Life,Main,,,30000,74999,,,0.0075,0,0,0,0,0,0,0,0,0,0,0.006,0,0,0,0,0,0,0,0,0,,0.006,0,0,0,0,,,,,,
457,CMMTL00270001,2000-01-01 00:00:00,9999-01-01 00:00:00,PDMTL0027,เมืองไทย สมาร์ท ลิงค์ 17/7 (Global) [EOP07I],MTL,Life,1,ประเภทสามัญ,,Life,Main,,,20000,29999,,,0.06,0.025,0.015,0.005,0.005,0.005,0.005,0.005,0.005,0.005,0.005,0.048,0.0175,0.0105,0.0035,0.0035,0.0035,0.0035,0.0035,0.0035,0.0035,,0.048,0.0175,0.0105,0.0035,0.0035,,,,,,
458,CMMTL00280001,2000-01-01 00:00:00,9999-01-01 00:00:00,PDMTL0028,ธนภัทร 20/15 [EON15S],MTL,Life,1,ประเภทสามัญ,,Life,Main,,,50000,99999,,,0.15,0.1,0.05,0.05,0.05,0.025,0.025,0.025,0.025,0.025,0.025,0.12,0.07,0.035,0.035,0.035,0.0175,0.0175,0.0175,0.0175,0.0175,,0.12,0.07,0.035,0.035,0.035,,,,,,
459,CMMTL00290001,2000-01-01 00:00:00,9999-01-01 00:00:00,PDMTL0029,เมืองไทย สมาร์ท โพรเทคชั่น 99/20 [WON208],MTL,Life,1,ประเภทสามัญ,ประกันตลอดชีพ,Life,Main,,,200000,499999,,,0.35,0.14,0.09,0.05,0.05,0.025,0.025,0.025,0.025,0.025,0.025,0.28,0.098,0.063,0.035,0.035,0.0175,0.0175,0.0175,0.0175,0.0175,,0.28,0.098,0.063,0.035,0.035,,,,,,
460,CMMTL0030001,2000-01-01 00:00:00,9999-01-01 00:00:00,PDMTL0030,เมืองไทย สมาร์ท โพรเทคชั่น 90/90 [WON903],MTL,Life,1,ประเภทสามัญ,ประกันตลอดชีพ,Life,Main,,,,,,,0.4,0.2,0.1,0.05,0.05,0.03,0.03,0.03,0.03,0.03,0.03,0.32,0.14,0.07,0.035,0.035,0.021,0.021,0.021,0.021,0.021,,0.32,0.14,0.07,0.035,0.035,,,,,,
461,CMMTL00310001,2000-01-01 00:00:00,9999-01-01 00:00:00,PDMTL0031,คุ้มครองตลอดชีพ 99/99,MTL,Life,1,ประเภทสามัญ,ประกันตลอดชีพ,Life,Main,,,50000,199999,,,0.15,0.06,0.04,0.02,0.01,0.01,0.01,0.01,0.01,0.01,0.01,0.12,0.042,0.028,0.014,0.007,0.007,0.007,0.007,0.007,0.007,,0.12,0.042,0.028,0.014,0.007,,,,,,
462,CMMTL0032001,2000-01-01 00:00:00,9999-01-01 00:00:00,PDMTL0032,เมืองไทย สบายใจ 90/90 (เพื่อผู้สูงอายุ) [WON90V],MTL,Life,1,ประเภทสามัญ,,Life,Main,,,,,,,0.25,0.15,0.0625,0.05,0.05,0.025,0.025,0.025,0.025,0.025,0.025,0.2,0.105,0.0438,0.035,0.035,0.0175,0.0175,0.0175,0.0175,0.0175,,0.2,0.105,0.0438,0.035,0.035,,,,,,
463,CMMTL00330001,2000-01-01 00:00:00,9999-01-01 00:00:00,PDMTL0033,เมืองไทย แฮปปี้ รีเทิร์น 99/7 [WON07D],MTL,Life,1,ประเภทสามัญ,,Life,Main,,,150000,299999,,,0.15,0.06,0.04,0.02,0.01,0.01,0.01,0.01,0.01,0.01,0.01,0.12,0.042,0.028,0.014,0.007,0.007,0.007,0.007,0.007,0.007,,0.12,0.042,0.028,0.014,0.007,,,,,,
464,CMMTL00340001,2000-01-01 00:00:00,9999-01-01 00:00:00,PDMTL0034,ซุปเปอร์ โพรเทคชั่น 90/5 [WON05C],MTL,Life,1,ประเภทสามัญ,ประกันตลอดชีพ,Life,Main,,,200000,499999,,,0.1,0.1,0.05,0.03,0.03,0,0,0,0,0,0,0.08,0.07,0.035,0.021,0.021,0,0,0,0,0,,0.08,0.07,0.035,0.021,0.021,,,,,,
465,CMMTL0036001,2000-01-01 00:00:00,9999-01-01 00:00:00,PDMTL0036,ประกันภัยอุบัติเหตุส่วนบุคคล แบบ PA Safety แผน 1 [POC019],MTL,Life,1,ประเภทสามัญ,อนุสัญญา,Rider,Rider,,,,,,,0.1,0.1,0.1,0.1,0.1,0.1,0.1,0.1,0.1,0.1,0.1,0.08,0.07,0.07,0.07,0.07,0.07,0.07,0.07,0.07,0.07,,0.08,0.07,0.07,0.07,0.07,,,,,,
466,CMMTL0037001,2000-01-01 00:00:00,9999-01-01 00:00:00,PDMTL0037,ประกันภัยอุบัติเหตุส่วนบุคคล แบบ PA Safety แผน 2  [POC029],MTL,Life,1,ประเภทสามัญ,อนุสัญญา,Rider,Rider,,,,,,,0.14,0.14,0.14,0.14,0.14,0.14,0.14,0.14,0.14,0.14,0.14,0.112,0.098,0.098,0.098,0.098,0.098,0.098,0.098,0.098,0.098,,0.112,0.098,0.098,0.098,0.098,,,,,,
467,CMMTL0038001,2000-01-01 00:00:00,9999-01-01 00:00:00,PDMTL0038,ประกันภัยอุบัติเหตุส่วนบุคคล แบบ PA Safety แผน 3 [POC039],MTL,Life,1,ประเภทสามัญ,อนุสัญญา,Rider,Rider,,,,,,,0.16,0.16,0.16,0.16,0.16,0.16,0.16,0.16,0.16,0.16,0.16,0.128,0.112,0.112,0.112,0.112,0.112,0.112,0.112,0.112,0.112,,0.128,0.112,0.112,0.112,0.112,,,,,,
468,CMMTL0039001,2000-01-01 00:00:00,9999-01-01 00:00:00,PDMTL0039,ประกันภัยอุบัติเหตุส่วนบุคคล แบบ PA Safety แผน 4 [POC049],MTL,Life,1,ประเภทสามัญ,อนุสัญญา,Rider,Rider,,,,,,,0.16,0.16,0.16,0.16,0.16,0.16,0.16,0.16,0.16,0.16,0.16,0.128,0.112,0.112,0.112,0.112,0.112,0.112,0.112,0.112,0.112,,0.128,0.112,0.112,0.112,0.112,,,,,,
469,CMMTL0040001,2000-01-01 00:00:00,9999-01-01 00:00:00,PDMTL0040,ประกันภัยอุบัติเหตุส่วนบุคคล แบบ PA Safety แผน 5 [POC059],MTL,Life,1,ประเภทสามัญ,อนุสัญญา,Rider,Rider,,,,,,,0.16,0.16,0.16,0.16,0.16,0.16,0.16,0.16,0.16,0.16,0.16,0.128,0.112,0.112,0.112,0.112,0.112,0.112,0.112,0.112,0.112,,0.128,0.112,0.112,0.112,0.112,,,,,,
470,CMMTL0041001,2000-01-01 00:00:00,9999-01-01 00:00:00,PDMTL0041,ประกันภัยอุบัติเหตุส่วนบุคคล แบบ PA Safety แผน 6 [POC069],MTL,Life,1,ประเภทสามัญ,อนุสัญญา,Rider,Rider,,,,,,,0.16,0.16,0.16,0.16,0.16,0.16,0.16,0.16,0.16,0.16,0.16,0.128,0.112,0.112,0.112,0.112,0.112,0.112,0.112,0.112,0.112,,0.128,0.112,0.112,0.112,0.112,,,,,,
471,CMMTL0042001,2000-01-01 00:00:00,9999-01-01 00:00:00,PDMTL0042,ประกันภัยอุบัติเหตุส่วนบุคคล แบบ PA Safety แผน 7 [POC079],MTL,Life,1,ประเภทสามัญ,อนุสัญญา,Rider,Rider,,,,,,,0.16,0.16,0.16,0.16,0.16,0.16,0.16,0.16,0.16,0.16,0.16,0.128,0.112,0.112,0.112,0.112,0.112,0.112,0.112,0.112,0.112,,0.128,0.112,0.112,0.112,0.112,,,,,,
472,CMMTL0043001,2000-01-01 00:00:00,9999-01-01 00:00:00,PDMTL0043,TPD ประกันภัยทุพพลภาพสิ้นเชิงถาวร [RTP  5],MTL,Life,1,ประเภทสามัญ,อนุสัญญา,Rider,Rider,,,,,,,0.35,0.2,0.1,0.05,0.05,0.05,0.05,0.05,0.05,0.05,0.05,0.28,0.14,0.07,0.035,0.035,0.035,0.035,0.035,0.035,0.035,,0.28,0.14,0.07,0.035,0.035,,,,,,
473,CMMTL0044001,2000-01-01 00:00:00,9999-01-01 00:00:00,PDMTL0044,"WP ประโยชน์การยกเว้นเบี้ยประกันภัยของผู้เอาประกัน [RW0051], [RW0101],[RW0151],[RW0201],[RW0251],[RW0301], [RW0351],[RW0401],[RW0451],[RW0991]",MTL,Life,1,ประเภทสามัญ,อนุสัญญา,Rider,Rider,15,59,,,,,,,,,,,,,,,,,,,,,,,,,,,,,,,,,,,,,
474,CMMTL0045001,2000-01-01 00:00:00,9999-01-01 00:00:00,PDMTL0045,PB สัญญาเพิ่มเติมผลประโยชน์ผู้ชำระเบี้ยประกันภัย [RP0051],MTL,Life,1,ประเภทสามัญ,อนุสัญญา,Rider,Rider,20,60,,,,,,,,,,,,,,,,,,,,,,,,,,,,,,,,,,,,,
475,CMMTL0046001,2000-01-01 00:00:00,9999-01-01 00:00:00,PDMTL0046,"HS การประกันภัยสุขภาพแบบแยกค่าใช้จ่าย [RHN042],[RHN062],[RHN082],[RHN102],[RHN152],[RHN202],[RHN252],[RHN302],[RHN402],[RHN502]",MTL,Life,1,ประเภทสามัญ,อนุสัญญา,Rider,Rider,0,10,,,,,0.05,0.05,0.05,0.05,0.05,0.05,0.05,0.05,0.05,0.05,0.05,0.04,0.035,0.035,0.035,0.035,0.035,0.035,0.035,0.035,0.035,,0.04,0.035,0.035,0.035,0.035,,,,,,
476,CMMTL0047001,2000-01-01 00:00:00,9999-01-01 00:00:00,PDMTL0047,"HS การประกันภัยสุขภาพแบบแยกค่าใช้จ่าย [RHN047],[RHN067],[RHN087],[RHN107],[RHN157],[RHN207],[RHN257],[RHN307],[RHN407],[RHN507]",MTL,Life,1,ประเภทสามัญ,อนุสัญญา,Rider,Rider,11,,,,,,0.2,0.1,0.05,0.05,0.05,0.05,0.05,0.05,0.05,0.05,0.05,0.16,0.07,0.035,0.035,0.035,0.035,0.035,0.035,0.035,0.035,,0.16,0.07,0.035,0.035,0.035,,,,,,
477,CMMTL0048001,2000-01-01 00:00:00,9999-01-01 00:00:00,PDMTL0048,"VIP การประกันภัยสุขภาพแบบวีไอพี [RHV081],[RHV101],[RHV151],[RHV201],[RHV251]",MTL,Life,1,ประเภทสามัญ,อนุสัญญา,Rider,Rider,11,,,,,,0.2,0.1,0.05,0.05,0.05,0.05,0.05,0.05,0.05,0.05,0.05,0.16,0.07,0.035,0.035,0.035,0.035,0.035,0.035,0.035,0.035,,0.16,0.07,0.035,0.035,0.035,,,,,,
478,CMMTL00490001,2000-01-01 00:00:00,9999-01-01 00:00:00,PDMTL0049,"HB สุขภาพวงเงินแน่นอน [RBO7],[RBO5]",MTL,Life,1,ประเภทสามัญ,อนุสัญญา,Rider,Rider,6,10,,,,,0.1,0.1,0.1,0.05,0.05,0.05,0.05,0.05,0.05,0.05,0.05,0.08,0.07,0.07,0.035,0.035,0.035,0.035,0.035,0.035,0.035,,0.08,0.07,0.07,0.035,0.035,,,,,,
479,CMMTL0050001,2000-01-01 00:00:00,9999-01-01 00:00:00,PDMTL0050,"OPD สัญญาเพิ่มเติม การรักษาพยาบาลผู้ป่วยนอก  [ROR053],[ROR083],[ROR103],[ROR153],[ROR203],[ROR253],[ROR303]",MTL,Life,1,ประเภทสามัญ,อนุสัญญา,Rider,Rider,6,10,,,,,0.1,0.1,0.1,0.05,0.05,0.05,0.05,0.05,0.05,0.05,0.05,0.08,0.07,0.07,0.035,0.035,0.035,0.035,0.035,0.035,0.035,,0.08,0.07,0.07,0.035,0.035,,,,,,
480,CMMTL0051001,2000-01-01 00:00:00,9999-01-01 00:00:00,PDMTL0051,"OPD สัญญาเพิ่มเติม การรักษาพยาบาลผู้ป่วยนอก  [ROR051],[ROR081],[ROR101],[ROR151],[ROR201],[ROR251],[ROR301]",MTL,Life,1,ประเภทสามัญ,อนุสัญญา,Rider,Rider,11,,,,,,0.3,0.12,0.075,0.05,0.05,0.05,0.05,0.05,0.05,0.05,0.05,0.24,0.084,0.0525,0.035,0.035,0.035,0.035,0.035,0.035,0.035,,0.24,0.084,0.0525,0.035,0.035,,,,,,
481,CMMTL0052001,2000-01-01 00:00:00,9999-01-01 00:00:00,PDMTL0052,"สัญญาเพิ่มเติมการประกันภัยสุขภาพ แบบเอ็กซ์ตร้า แคร์ แผน 80:20 [RHD10C], [RHD15C],[RHD20C],[RHD40C],[RHD60C]",MTL,Life,1,ประเภทสามัญ,อนุสัญญา,Rider,Rider,0,10,,,,,0.1,0.1,0.1,0.05,0.05,0.05,0.05,0.05,0.05,0.05,0.05,0.08,0.07,0.07,0.035,0.035,0.035,0.035,0.035,0.035,0.035,,0.08,0.07,0.07,0.035,0.035,,,,,,
482,CMMTL0053001,2000-01-01 00:00:00,9999-01-01 00:00:00,PDMTL0053,"สัญญาเพิ่มเติมการประกันภัยสุขภาพ แบบเอ็กซ์ตร้า แคร์ แผน 80:20 [RHD108],[RHD158],[RHD208],[RHD408],[RHD608]",MTL,Life,1,ประเภทสามัญ,อนุสัญญา,Rider,Rider,11,,,,,,0.3,0.2,0.1,0.05,0.05,0.05,0.05,0.05,0.05,0.05,0.05,0.24,0.14,0.07,0.035,0.035,0.035,0.035,0.035,0.035,0.035,,0.24,0.14,0.07,0.035,0.035,,,,,,
483,CMMTL0054001,2000-01-01 00:00:00,9999-01-01 00:00:00,PDMTL0054,"สัญญาเพิ่มเติมการประกันภัยสุขภาพ แบบเอ็กซ์ตร้า แคร์ แผน 100:0 [RHD201],[RHD401],[RHD405],[RHD200],[RHD400],[RHD404]",MTL,Life,1,ประเภทสามัญ,อนุสัญญา,Rider,Rider,,,,,,,0.3,0.2,0.1,0.05,0.05,0.05,0.05,0.05,0.05,0.05,0.05,0.24,0.14,0.07,0.035,0.035,0.035,0.035,0.035,0.035,0.035,,0.24,0.14,0.07,0.035,0.035,,,,,,
484,CMMTL0055001,2000-01-01 00:00:00,9999-01-01 00:00:00,PDMTL0055,"สัญญาเพิ่มเติมการประกันภัยสุขภาพ เหมาจ่าย เอ็กซ์ตร้า [RHD201], [RHD401],[RHD402],[RHD602],[RHD603],[RHD803]",MTL,Life,1,ประเภทสามัญ,อนุสัญญา,Rider,Rider,,,,,,,0.25,0.15,0.1,0.05,0.05,0.05,0.05,0.05,0.05,0.05,0.05,0.2,0.105,0.07,0.035,0.035,0.035,0.035,0.035,0.035,0.035,,0.2,0.105,0.07,0.035,0.035,,,,,,
485,CMMTL0056001,2000-01-01 00:00:00,9999-01-01 00:00:00,PDMTL0056,"สัญญาเพิ่มเติมการประกันภัยสุขภาพ แบบสมาร์ทเฮลท์ [RHH023],[RHH043],[RHH063],[RHH083],[RHH103]",MTL,Life,1,ประเภทสามัญ,อนุสัญญา,Rider,Rider,,,,,,,0.3,0.15,0.1,0.05,0.05,0.05,0.05,0.05,0.05,0.05,0.05,0.24,0.105,0.07,0.035,0.035,0.035,0.035,0.035,0.035,0.035,,0.24,0.105,0.07,0.035,0.035,,,,,,
486,CMMTL0057001,2000-01-01 00:00:00,9999-01-01 00:00:00,PDMTL0057,"สัญญาเพิ่มเติมการประกันภัยสุขภาพ แบบไดมอนด์แคร์ [RHM012],[RHM022],[RHM032]",MTL,Life,1,ประเภทสามัญ,อนุสัญญา,Rider,Rider,0,10,,,,,0.1,0.1,0.1,0.05,0.05,0.05,0.05,0.05,0.05,0.05,0.05,0.08,0.07,0.07,0.035,0.035,0.035,0.035,0.035,0.035,0.035,,0.08,0.07,0.07,0.035,0.035,,,,,,
487,CMMTL0058001,2000-01-01 00:00:00,9999-01-01 00:00:00,PDMTL0058,"สัญญาเพิ่มเติมการประกันภัยสุขภาพ แบบไดมอนด์แคร์ [RHM011],[RHM021],[RHM031]",MTL,Life,1,ประเภทสามัญ,อนุสัญญา,Rider,Rider,11,,,,,,0.15,0.15,0.15,0.15,0.15,0.15,0.15,0.15,0.15,0.15,0.15,0.12,0.105,0.105,0.105,0.105,0.105,0.105,0.105,0.105,0.105,,0.12,0.105,0.105,0.105,0.105,,,,,,
488,CMMTL0059001,2000-01-01 00:00:00,9999-01-01 00:00:00,PDMTL0059,"สัญญาเพิ่มเติมการประกันภัยสุขภาพ แบบ อีลิท เฮลท์ เฉพาะประเทศไทย [RHE011],[RHE021],[RHE031],[RHE041]",MTL,Life,1,ประเภทสามัญ,อนุสัญญา,Rider,Rider,,,,,,,0.1,0.05,0.05,0.05,0.05,0.05,0.05,0.05,0.05,0.05,0.05,0.08,0.035,0.035,0.035,0.035,0.035,0.035,0.035,0.035,0.035,,0.08,0.035,0.035,0.035,0.035,,,,,,
489,CMMTL0060001,2000-01-01 00:00:00,9999-01-01 00:00:00,PDMTL0060,"สัญญาเพิ่มเติมการประกันภัยสุขภาพ แบบ อีลิท เฮลท์ ทวีปเอเชีย[RHE012],[RHE022],[RHE032],[RHE042]",MTL,Life,1,ประเภทสามัญ,อนุสัญญา,Rider,Rider,,,,,,,0.1,0.05,0.05,0.05,0.05,0.05,0.05,0.05,0.05,0.05,0.05,0.08,0.035,0.035,0.035,0.035,0.035,0.035,0.035,0.035,0.035,,0.08,0.035,0.035,0.035,0.035,,,,,,
490,CMMTL0061001,2000-01-01 00:00:00,9999-01-01 00:00:00,PDMTL0061,"สัญญาเพิ่มเติมการประกันภัยสุขภาพ แบบ อีลิท เฮลท์ ทั่วโลกยกเว้นอเมริกา [RHE013],[RHE023],[RHE033],[RHE043]",MTL,Life,1,ประเภทสามัญ,อนุสัญญา,Rider,Rider,,,,,,,0.1,0.05,0.05,0.05,0.05,0.05,0.05,0.05,0.05,0.05,0.05,0.08,0.035,0.035,0.035,0.035,0.035,0.035,0.035,0.035,0.035,,0.08,0.035,0.035,0.035,0.035,,,,,,
491,CMMTL0062001,2000-01-01 00:00:00,9999-01-01 00:00:00,PDMTL0062,"สัญญาเพิ่มเติมการประกันภัยสุขภาพ แบบ อีลิท เฮลท์ ทั่วโลก [RHE014],[RHE024],[RHE034],[RHE044]",MTL,Life,1,ประเภทสามัญ,อนุสัญญา,Rider,Rider,,,,,,,0.1,0.05,0.05,0.05,0.05,0.05,0.05,0.05,0.05,0.05,0.05,0.08,0.035,0.035,0.035,0.035,0.035,0.035,0.035,0.035,0.035,,0.08,0.035,0.035,0.035,0.035,,,,,,
492,CMMTL0063001,2000-01-01 00:00:00,9999-01-01 00:00:00,PDMTL0063,สัญญาเพิ่มเติมการประกันภัยสุขภาพ แบบเหมาจ่าย [RHL011],MTL,Life,1,ประเภทสามัญ,อนุสัญญา,Rider,Rider,,,,,,,0.3,0.2,0.1,0.05,0.05,0.05,0.05,0.05,0.05,0.05,0.05,0.24,0.14,0.07,0.035,0.035,0.035,0.035,0.035,0.035,0.035,,0.24,0.14,0.07,0.035,0.035,,,,,,
493,CMMTL0064001,2000-01-01 00:00:00,9999-01-01 00:00:00,PDMTL0064,ซีไอ เพอร์เฟค แคร์ [RDP  2],MTL,Life,1,ประเภทสามัญ,,Life,Main,,,,,,,0.3,0.2,0.1,0.1,0.1,0.1,0.1,0.1,0.1,0.1,0.1,0.24,,,,64734,64734,0,0,0,0,,,25,2024,818505447,,,99,202501,,99,64734
494,CMMTL0065001,2000-01-01 00:00:00,9999-01-01 00:00:00,PDMTL0065,สัญญาเพิ่มเติมคุ้มครองโรคร้ายแรง แฮปปี้ ลีฟวิ่ง [RDD  I],MTL,Life,1,ประเภทสามัญ,อนุสัญญา,Rider,Rider,,,,,,,0.3,0.2,0.1,0.1,0.1,0.1,0.1,0.1,0.1,0.1,0.1,0.24,0.14,0.07,0.07,0.07,0.07,0.07,0.07,0.07,0.07,,0.24,0.14,0.07,0.07,0.07,,,,,,
495,CMMTL0066001,2000-01-01 00:00:00,9999-01-01 00:00:00,PDMTL0066,สัญญาเพิ่มเติม มัลติเพิล ซีไอ  [RDM013],MTL,Life,1,ประเภทสามัญ,อนุสัญญา,Rider,Rider,,,,,,,0.3,0.2,0.1,0.1,0.1,0.1,0.1,0.1,0.1,0.1,0.1,0.24,0.14,0.07,0.07,0.07,0.07,0.07,0.07,0.07,0.07,,0.24,0.14,0.07,0.07,0.07,,,,,,
496,CMMTL0067001,2000-01-01 00:00:00,9999-01-01 00:00:00,PDMTL0067,"สัญญาเพิ่มเติม เพียว แคนเซอร์  [RCP012],[RCP022],[RCP032],[RCP042]",MTL,Life,1,ประเภทสามัญ,อนุสัญญา,Rider,Rider,,,,,,,0.3,0.2,0.1,0.1,0.1,0.1,0.1,0.1,0.1,0.1,0.1,0.24,0.14,0.07,0.07,0.07,0.07,0.07,0.07,0.07,0.07,,0.24,0.14,0.07,0.07,0.07,,,,,,
497,CMMTL0068001,2000-01-01 00:00:00,9999-01-01 00:00:00,PDMTL0068,"สัญญาเพิ่มเติม ความคุ้มครองโรคมะเร็ง [RCA012],[RCA022],[RCA032],[RCA042]",MTL,Life,1,ประเภทสามัญ,อนุสัญญา,Rider,Rider,,,,,,,0.3,0.2,0.1,0.1,0.1,0.1,0.1,0.1,0.1,0.1,0.1,0.24,0.14,0.07,0.07,0.07,0.07,0.07,0.07,0.07,0.07,,0.24,0.14,0.07,0.07,0.07,,,,,,
498,CMMTL0069001,2000-01-01 00:00:00,9999-01-01 00:00:00,PDMTL0069,"สัญญาเพิ่มเติมการประกันภัยอุบัติเหตุส่วนบุคคล (P.A. Rider) [RPA001],[RPA002],[RPA003],[RPA004],[RPA005],[RPA006],[RPA007]",MTL,Life,1,ประเภทสามัญ,อนุสัญญา,Rider,Rider,,,,,,,0.18,0.18,0.18,0.18,0.18,0.18,0.18,0.18,0.18,0.18,0.18,0.144,0.126,0.126,0.126,0.126,0.126,0.126,0.126,0.126,0.126,,0.144,0.126,0.126,0.126,0.126,,,,,,
499,CMMTL0070001,2000-01-01 00:00:00,9999-01-01 00:00:00,PDMTL0070,"สัญญาเพิ่มเติมอุบัติเหตุ [RAAN 2],[RABN 2],[RACN 2]",MTL,Life,1,ประเภทสามัญ,อนุสัญญา,Rider,Rider,,,,,,,0.35,0.14,0.09,0.05,0.05,0.05,0.05,0.05,0.05,0.05,0.05,0.28,0.098,0.063,0.035,0.035,0.035,0.035,0.035,0.035,0.035,,0.28,0.098,0.063,0.035,0.035,,,,,,
500,CMMTL0071001,2000-01-01 00:00:00,9999-01-01 00:00:00,PDMTL0071,"บันทึกสลักหลังขยายความคุ้มครองจากการถูกฆ่าหรือถูกทำร้ายร่างกายโดยเจตนา การจลาจล ฯลฯ [RCCA 2],[RCCB 2],[RCCC 2]",MTL,Life,1,ประเภทสามัญ,,Life,Main,,,,,,,0.35,0.14,0.09,0.05,0.05,0.05,0.05,0.05,0.05,0.05,0.05,0.28,0.098,0.063,0.035,0.035,0.035,0.035,0.035,0.035,0.035,,0.28,0.098,0.063,0.035,0.035,,,,,,
501,CMMTL0072001,2000-01-01 00:00:00,9999-01-01 00:00:00,PDMTL0072,สัญญาเพิ่มเติมการประกันภัยสุขภาพ แบบ ดี เฮลท์ (D Health) และ ดี คิดส์ (D Kids)[RHK031],MTL,Life,1,ประเภทสามัญ,อนุสัญญา,Rider,Rider,,,,,,,0.25,0.15,0.1,0.05,0.05,0.05,0.05,0.05,0.05,0.05,0.05,0.2,0.105,0.07,0.035,0.035,0.035,0.035,0.035,0.035,0.035,,0.2,0.105,0.07,0.035,0.035,,,,,,
502,CMMTL0073001,2000-01-01 00:00:00,9999-01-01 00:00:00,PDMTL0073,สัญญาเพิ่มเติมโรคร้ายแรง ดีแคร์ (D Care),MTL,Life,1,ประเภทสามัญ,อนุสัญญา,Rider,Rider,,,,,,,0.3,0.2,0.1,0.05,0.05,0.05,0.05,0.05,0.05,0.05,0.05,0.24,0.14,0.07,0.035,0.035,0.035,0.035,0.035,0.035,0.035,,0.24,0.14,0.07,0.035,0.035,,,,,,
503,CMMTL0074001,2000-01-01 00:00:00,9999-01-01 00:00:00,PDMTL0074,โครงการวัยเก๋าคุ้มสุขใจ สุขภาพวงเงินแน่นอน (เพื่อผู้สูงอายุ),MTL,Life,1,ประเภทสามัญ,,Life,Main,,,,,,,0.15,0.1,0.05,0.025,0.025,0.01,0.01,0.01,0.01,0.01,0.01,0.12,0.07,0.035,0.0175,0.0175,0.007,0.007,0.007,0.007,0.007,,0.12,0.07,0.035,0.0175,0.0175,,,,,,
504,CMMTL0075001,2000-01-01 00:00:00,9999-01-01 00:00:00,PDMTL0075,โครงการวัยเก๋าคุ้มสุขใจ อุบัติเหตุส่วนบุคคล สบายใจ (เพื่อผู้สูงอายุ),MTL,Life,1,ประเภทสามัญ,,Life,Main,,,,,,,0.08,0.08,0.08,0.08,0.08,0.08,0.08,0.08,0.08,0.08,0.08,0.064,0.056,0.056,0.056,0.056,0.056,0.056,0.056,0.056,0.056,,0.064,0.056,0.056,0.056,0.056,,,,,,
701,CMMTL0076001,2000-01-01 00:00:00,9999-01-01 00:00:00,PDMTL0076,คุ้มครองภายในเวลา 10/10 (เมืองไทยประกันชีวิต),MTL,Life,1,ประเภทสามัญ,,Life,Main,,,,,,,0.1,0.1,0.1,0.1,0.1,0.1,0.1,0.1,0.1,0.1,,,,,,,,,,,,,0,0,0,0,0,,,,,,
702,CMMTL00770001,2000-01-01 00:00:00,9999-01-01 00:00:00,PDMTL0077,เมืองไทย สมาร์ท โพรเทคชั่น 99/7,MTL,Life,1,ประเภทสามัญ,ประกันตลอดชีพ,Life,Main,,,150000,299999,,,0.15,0.06,0.04,0.02,0.01,0.01,0.01,0.01,0.01,0.01,0.01,,,,,,,,,,,,0,0,0,0,0,,,,,,
710,CMMTL0078001,2000-01-01 00:00:00,9999-01-01 00:00:00,PDMTL0078,สัญญาเพิ่มเติมการประกันภัยสุขภาพ แบบ อีลิท เฮลท์ พลัส,MTL,Life,1,ประเภทสามัญ,อนุสัญญา,Rider,Rider,,,,,,,0.1,0.05,0.05,0.05,0.05,0.05,0.05,0.05,0.05,0.05,0.05,,,,,,,,,,,,0,0,0,0,0,,,,,,
711,CMMTL0079001,2000-01-01 00:00:00,9999-01-01 00:00:00,PDMTL0079,สัญญาเพิ่มเติมการประกันภัยสุขภาพ แบบ ดี เฮลท์ พลัส (D Health Plus),MTL,Life,1,ประเภทสามัญ,อนุสัญญา,Rider,Rider,,,,,,,0.25,0.15,0.1,0.05,0.05,0.05,0.05,0.05,0.05,0.05,0.05,,,,,,,,,,,,0,0,0,0,0,,,,,,
726,CMMTL00800001,2000-01-01 00:00:00,9999-01-01 00:00:00,PDMTL0080,สัญญาเพิ่มเติมการประกันภัยสุขภาพ แบบ เอ็กซ์ตร้า แคร์ (N) ร้อยละ 80 : ร้อยละ 20/1000,MTL,Life,1,ประเภทสามัญ,อนุสัญญา,Rider,Rider,0,10,,,,,0.1,0.1,0.1,0.05,0.05,0.05,0.05,0.05,0.05,0.05,0.05,,,,,,,,,,,,0,0,0,0,0,,,,,,
727,CMMTL00810001,2000-01-01 00:00:00,9999-01-01 00:00:00,PDMTL0081,สัญญาเพิ่มเติมการประกันภัยสุขภาพ แบบ เอ็กซ์ตร้า แคร์ (N) ร้อยละ 80 : ร้อยละ 20/1500,MTL,Life,1,ประเภทสามัญ,อนุสัญญา,Rider,Rider,0,10,,,,,0.1,0.1,0.1,0.05,0.05,0.05,0.05,0.05,0.05,0.05,0.05,,,,,,,,,,,,0,0,0,0,0,,,,,,
728,CMMTL00820001,2000-01-01 00:00:00,9999-01-01 00:00:00,PDMTL0082,สัญญาเพิ่มเติมการประกันภัยสุขภาพ แบบ เอ็กซ์ตร้า แคร์ (N) ร้อยละ 80 : ร้อยละ 20/2000,MTL,Life,1,ประเภทสามัญ,อนุสัญญา,Rider,Rider,0,10,,,,,0.1,0.1,0.1,0.05,0.05,0.05,0.05,0.05,0.05,0.05,0.05,,,,,,,,,,,,0,0,0,0,0,,,,,,
729,CMMTL00830001,2000-01-01 00:00:00,9999-01-01 00:00:00,PDMTL0083,สัญญาเพิ่มเติมการประกันภัยสุขภาพ แบบ เอ็กซ์ตร้า แคร์ (N) ร้อยละ 80 : ร้อยละ 20/4000,MTL,Life,1,ประเภทสามัญ,อนุสัญญา,Rider,Rider,0,10,,,,,0.1,0.1,0.1,0.05,0.05,0.05,0.05,0.05,0.05,0.05,0.05,,,,,,,,,,,,0,0,0,0,0,,,,,,
793,CMMTL0084001,2000-01-01 00:00:00,9999-01-01 00:00:00,PDMTL0084,สัญญาเพิ่มเติมการประกันแคร์ พลัส สำหรับโรคมะเร็ง และไตวายเรื้อรัง,MTL,Life,1,,,,Rider,,,,,,,,,,,,,,,,,,,,,,,,,,,,,,,,,,,,,,,
864,CMMTL0085001,2025-12-04 00:00:00,9999-01-01 00:00:00,PDMTL0085,ประกันอุบัติเหตุ PA Extreme แผน 2,MTL,Life,1,ประเภทสามัญ,,Life,Main,,,,,,,,,,,,,,,,,,,,,,,,,,,,,,,,,,,,,,,
174,CMMTP0001001,2000-01-01 00:00:00,9999-01-01 00:00:00,PDMTP0001,ประกันรถยนต์ชั้น 1 (เมืองไทยประกันภัย),MTP,Non-Life,2,การประกันรถโดยความสมัครใจ,,Motor,Main,,,,,,,0.18,,,,,,,,,,,0.12,,,,,,,,,,,0.12,,,,,,,,,,
175,CMMTP0002001,2000-01-01 00:00:00,9999-01-01 00:00:00,PDMTP0002,พรบ รถยนต์ (เมืองไทยประกันภัย),MTP,Non-Life,2,การประกันรถโดยข้อบังคับแห่งกฏหมาย,,Motor,Main,,,,,,,0.12,,,,,,,,,,,0.07,,,,,,,,,,,0.07,,,,,,,,,,
176,CMMTP0003001,2000-01-01 00:00:00,9999-01-01 00:00:00,PDMTP0003,ประกันรถยนต์ชั้น 1 รถบรรทุกและ supercar(เมืองไทยประกันภัย),MTP,Non-Life,2,การประกันรถโดยความสมัครใจ,,Motor,Main,,,,,,,0.18,,,,,,,,,,,0.12,,,,,,,,,,,0.12,,,,,,,,,,
177,CMMTP0004001,2000-01-01 00:00:00,9999-01-01 00:00:00,PDMTP0004,ประกันรถยนต์ชั้น 3 TP Save (เมืองไทยประกันภัย),MTP,Non-Life,2,การประกันรถโดยความสมัครใจ,,Motor,Main,,,,,,,0.18,,,,,,,,,,,0.12,,,,,,,,,,,0.12,,,,,,,,,,
178,CMMTP0005001,2000-01-01 00:00:00,9999-01-01 00:00:00,PDMTP0005,ประกันรถยนต์ชั้น 2+ (เมืองไทยประกันภัย),MTP,Non-Life,2,การประกันรถโดยความสมัครใจ,,Motor,Main,,,,,,,0.18,,,,,,,,,,,0.12,,,,,,,,,,,0.12,,,,,,,,,,
179,CMMTP0006001,2000-01-01 00:00:00,9999-01-01 00:00:00,PDMTP0006,ประกันรถยนต์ชั้น 3+ (เมืองไทยประกันภัย),MTP,Non-Life,2,การประกันรถโดยความสมัครใจ,,Motor,Main,,,,,,,0.18,,,,,,,,,,,0.12,,,,,,,,,,,0.12,,,,,,,,,,
180,CMMTP0007001,2000-01-01 00:00:00,9999-01-01 00:00:00,PDMTP0007,ประกันรถจักรยานยนต์บิ๊กไบค์ (เมืองไทยประกันภัย),MTP,Non-Life,2,การประกันรถโดยความสมัครใจ,,Motor,Main,,,,,,,0.18,,,,,,,,,,,0.12,,,,,,,,,,,0.12,,,,,,,,,,
181,CMMTP0008001,2000-01-01 00:00:00,9999-01-01 00:00:00,PDMTP0008,ประกันอัคคีภัย (เมืองไทยประกันภัย),MTP,Non-Life,2,การประกันอัคคีภัย,อัคคีภัย,Non-Motor,Main,,,,,,,0.18,,,,,,,,,,,0.12,,,,,,,,,,,0.12,,,,,,,,,,
182,CMMTP0009001,2000-01-01 00:00:00,9999-01-01 00:00:00,PDMTP0009,ประกันอัคคีภัย Not Residental (เมืองไทยประกันภัย),MTP,Non-Life,2,การประกันอัคคีภัย,อัคคีภัย,Non-Motor,Main,,,,,,,0.18,,,,,,,,,,,0.12,,,,,,,,,,,0.12,,,,,,,,,,
183,CMMTP0010001,2000-01-01 00:00:00,9999-01-01 00:00:00,PDMTP0010,ประกันสุขภาพ (เมืองไทยประกันภัย),MTP,Non-Life,2,การประกันภัยเบ็ดเตล็ด,สุขภาพ,Non-Motor,Main,,,,,,,0.14,,,,,,,,,,,0.08,,,,,,,,,,,0.08,,,,,,,,,,
184,CMMTP0011001,2000-01-01 00:00:00,9999-01-01 00:00:00,PDMTP0011,ประกันสุขภาพ Health smile (เมืองไทยประกันภัย),MTP,Non-Life,2,การประกันภัยเบ็ดเตล็ด,สุขภาพ,Non-Motor,Main,,,,,,,0.14,,,,,,,,,,,0.08,,,,,,,,,,,0.08,,,,,,,,,,
185,CMMTP0012001,2000-01-01 00:00:00,9999-01-01 00:00:00,PDMTP0012,ประกันสุขภาพกลุ่ม (เมืองไทยประกันภัย),MTP,Non-Life,2,การประกันภัยเบ็ดเตล็ด,ประกันกลุ่ม,Non-Motor,Main,,,,,,,0.12,,,,,,,,,,,0.07,,,,,,,,,,,0.07,,,,,,,,,,
186,CMMTP0013001,2000-01-01 00:00:00,9999-01-01 00:00:00,PDMTP0013,Smile Cancer (เมืองไทยประกันภัย),MTP,Non-Life,2,การประกันภัยเบ็ดเตล็ด,ประกันอุบัติเหตุส่วนบุคคล,Non-Motor,Main,,,,,,,0.18,,,,,,,,,,,0.11,,,,,,,,,,,0.11,,,,,,,,,,
187,CMMTP0014001,2000-01-01 00:00:00,9999-01-01 00:00:00,PDMTP0014,Cancer Care (เมืองไทยประกันภัย),MTP,Non-Life,2,การประกันภัยเบ็ดเตล็ด,ประกันอุบัติเหตุส่วนบุคคล,Non-Motor,Main,,,,,,,0.18,,,,,,,,,,,0.11,,,,,,,,,,,0.11,,,,,,,,,,
188,CMMTP0015001,2000-01-01 00:00:00,9999-01-01 00:00:00,PDMTP0015,SME ยิ้มได้ (เมืองไทยประกันภัย),MTP,Non-Life,2,การประกันอัคคีภัย,อัคคีภัย,Non-Motor,Main,,,,,,,0.18,,,,,,,,,,,0.11,,,,,,,,,,,0.11,,,,,,,,,,
189,CMMTP0016001,2000-01-01 00:00:00,9999-01-01 00:00:00,PDMTP0016,PA Happy Kids (เมืองไทยประกันภัย),MTP,Non-Life,2,การประกันภัยเบ็ดเตล็ด,ประกันอุบัติเหตุส่วนบุคคล,Non-Motor,Main,,,,,,,0.18,,,,,,,,,,,0.12,,,,,,,,,,,0.12,,,,,,,,,,
190,CMMTP0017001,2000-01-01 00:00:00,9999-01-01 00:00:00,PDMTP0017,PA Your happy (เมืองไทยประกันภัย),MTP,Non-Life,2,การประกันภัยเบ็ดเตล็ด,ประกันอุบัติเหตุส่วนบุคคล,Non-Motor,Main,,,,,,,0.18,,,,,,,,,,,0.12,,,,,,,,,,,0.12,,,,,,,,,,
191,CMMTP0018001,2000-01-01 00:00:00,9999-01-01 00:00:00,PDMTP0018,Happy Family (เมืองไทยประกันภัย),MTP,Non-Life,2,การประกันภัยเบ็ดเตล็ด,ประกันอุบัติเหตุส่วนบุคคล,Non-Motor,Main,,,,,,,0.18,,,,,,,,,,,0.12,,,,,,,,,,,0.12,,,,,,,,,,
192,CMMTP0019001,2000-01-01 00:00:00,9999-01-01 00:00:00,PDMTP0019,Happy Mile Travel (เมืองไทยประกันภัย),MTP,Non-Life,2,การประกันภัยเบ็ดเตล็ด,ประกันการเดินทาง,Non-Motor,Main,,,,,,,0.18,,,,,,,,,,,0.12,,,,,,,,,,,0.12,,,,,,,,,,
193,CMMTP0020001,2000-01-01 00:00:00,9999-01-01 00:00:00,PDMTP0020,Enjoy Travel (เมืองไทยประกันภัย),MTP,Non-Life,2,การประกันภัยเบ็ดเตล็ด,ประกันการเดินทาง,Non-Motor,Main,,,,,,,0.18,,,,,,,,,,,0.12,,,,,,,,,,,0.12,,,,,,,,,,
194,CMMTP0021001,2000-01-01 00:00:00,9999-01-01 00:00:00,PDMTP0021,PA/TA เดี่ยว (เมืองไทยประกันภัย),MTP,Non-Life,2,การประกันภัยเบ็ดเตล็ด,ประกันอุบัติเหตุส่วนบุคคล,Non-Motor,Main,,,,,,,0.18,,,,,,,,,,,0.12,,,,,,,,,,,0.12,,,,,,,,,,
195,CMMTP0022001,2000-01-01 00:00:00,9999-01-01 00:00:00,PDMTP0022,PA/TA กลุ่ม (เมืองไทยประกันภัย),MTP,Non-Life,2,การประกันภัยเบ็ดเตล็ด,ประกันกลุ่ม,Non-Motor,Main,,,,,,,0.18,,,,,,,,,,,0.12,,,,,,,,,,,0.12,,,,,,,,,,
196,CMMTP0023001,2000-01-01 00:00:00,9999-01-01 00:00:00,PDMTP0023,PA นักเรียน นักศึกษา (เมืองไทยประกันภัย),MTP,Non-Life,2,การประกันภัยเบ็ดเตล็ด,ประกันอุบัติเหตุส่วนบุคคล,Non-Motor,Main,,,,,,,0.18,,,,,,,,,,,0.11,,,,,,,,,,,0.11,,,,,,,,,,
197,CMMTP0024001,2000-01-01 00:00:00,9999-01-01 00:00:00,PDMTP0024,PA 399 (เมืองไทยประกันภัย),MTP,Non-Life,2,การประกันภัยเบ็ดเตล็ด,ประกันอุบัติเหตุส่วนบุคคล,Non-Motor,Main,,,,,,,0.18,,,,,,,,,,,0.11,,,,,,,,,,,0.11,,,,,,,,,,
198,CMMTP0025001,2000-01-01 00:00:00,9999-01-01 00:00:00,PDMTP0025,PA จักรยาน ปั่นเดียวกำลัง8 (เมืองไทยประกันภัย),MTP,Non-Life,2,การประกันภัยเบ็ดเตล็ด,ประกันอุบัติเหตุส่วนบุคคล,Non-Motor,Main,,,,,,,0.18,,,,,,,,,,,0.11,,,,,,,,,,,0.11,,,,,,,,,,
199,CMMTP0026001,2000-01-01 00:00:00,9999-01-01 00:00:00,PDMTP0026,บ้าน อยู่ดียกกำลัง18 (เมืองไทยประกันภัย),MTP,Non-Life,2,การประกันอัคคีภัย,อัคคีภัย,Non-Motor,Main,,,,,,,0.18,,,,,,,,,,,0.12,,,,,,,,,,,0.12,,,,,,,,,,
200,CMMTP0027001,2000-01-01 00:00:00,9999-01-01 00:00:00,PDMTP0027,ประกันสุขภาพ Covid (เมืองไทยประกันภัย),MTP,Non-Life,2,การประกันภัยเบ็ดเตล็ด,ประกันอุบัติเหตุส่วนบุคคล,Non-Motor,Main,,,,,,,,,,,,,,,,,,0,,,,,,,,,,,0,,,,,,,,,,
201,CMMTP0028001,2000-01-01 00:00:00,9999-01-01 00:00:00,PDMTP0028,ประกันรถยนต์ชั้น 2 (เมืองไทยประกันภัย),MTP,Non-Life,2,การประกันรถโดยความสมัครใจ,,Motor,Main,,,,,,,0.18,,,,,,,,,,,0.12,,,,,,,,,,,0.12,,,,,,,,,,
202,CMMTP0029001,2000-01-01 00:00:00,9999-01-01 00:00:00,PDMTP0029,ประกันสัตว์เลี้ยง (เมืองไทยประกันภัย),MTP,Non-Life,2,การประกันภัยเบ็ดเตล็ด,สัตว์เลี้ยง,Non-Motor,Main,,,,,,,0.12,,,,,,,,,,,0.12,,,,,,,,,,,0.12,,,,,,,,,,
736,CMMTP0030001,2000-01-01 00:00:00,9999-01-01 00:00:00,PDMTP0030,ประกันภัยผู้เล่นกอล์ฟ (เมืองไทยประกันภัย),MTP,Non-Life,2,การประกันภัยเบ็ดเตล็ด,ประกันอุบัติเหตุส่วนบุคคล,Non-Motor,Main,,,,,,,,,,,,,,,,,,,,,,,,,,,,,,,,,,,,,,,
737,CMMTP0032001,2000-01-01 00:00:00,9999-01-01 00:00:00,PDMTP0032,ความรับผิดตามกฏหมายต่อบุคคลภายนอก PL (เมืองไทยประกันภัย),MTP,Non-Life,2,การประกันอัคคีภัย,อัคคีภัย,Non-Motor,Main,,,,,,,,,,,,,,,,,,,,,,,,,,,,,,,,,,,,,,,
738,CMMTP0033001,2000-01-01 00:00:00,9999-01-01 00:00:00,PDMTP0033,ประกันความเสี่ยงภัยทรัพย์สิน (เมืองไทยประกันภัย),MTP,Non-Life,2,การประกันอัคคีภัย,อัคคีภัย,Non-Motor,Main,,,,,,,,,,,,,,,,,,,,,,,,,,,,,,,,,,,,,,,
815,CMMTP0034001,2000-01-01 00:00:00,9999-01-01 00:00:00,PDMTP0034,ประกันความเสียงภัยบุคคลภายนอก PL (เมืองไทยประกันภัย),MTP,Non-Life,2,การประกันอัคคีภัย,อัคคีภัย,Non-Motor,Main,,,,,,,,,,,,,,,,,,,,,,,,,,,,,,,,,,,,,,,
739,CMMTP00360001,2000-01-01 00:00:00,9999-01-01 00:00:00,PDMTP0036,ประกันรถยนต์ชั้น 3+ (MIT),MIT,Non-Life,2,การประกันรถโดยความสมัครใจ,,Motor,Main,,,,,,,,,,,,,,,,,,,,,,,,,,,,,,,,,,,,,,,
740,CMMTP0037001,2000-01-01 00:00:00,9999-01-01 00:00:00,PDMTP0037,ประกันความเสียงภัยบุคคลภายนอก IAR (เมืองไทยประกันภัย),MTP,Non-Life,2,การประกันอัคคีภัย,อัคคีภัย,Non-Motor,Main,,,,,,,,,,,,,,,,,,,,,,,,,,,,,,,,,,,,,,,
797,CMMTP0038001,2000-01-01 00:00:00,9999-01-01 00:00:00,PDMTP0038,ประกัน พรบ. สถานีก๊าซ (เมืองไทยประกันภัย),MTP,Non-Life,2,การประกันอัคคีภัย,อัคคีภัย,Non-Motor,Main,,,,,,,,,,,,,,,,,,,,,,,,,,,,,,,,,,,,,,,
203,CMNSI0001001,2000-01-01 00:00:00,9999-01-01 00:00:00,PDNSI0001,ประกันรถยนต์ชั้น 1 (นำสินประกันภัย),NSI,Non-Life,2,การประกันรถโดยความสมัครใจ,,Motor,Main,,,,,,,0.18,,,,,,,,,,,0.12,,,,,,,,,,,0.12,,,,,,,,,,
204,CMNSI0002001,2000-01-01 00:00:00,9999-01-01 00:00:00,PDNSI0002,ประกันรถยนต์ชั้น 2 (นำสินประกันภัย),NSI,Non-Life,2,การประกันรถโดยความสมัครใจ,,Motor,Main,,,,,,,,,,,,,,,,,,0,,,,,,,,,,,0,,,,,,,,,,
205,CMNSI0003001,2000-01-01 00:00:00,9999-01-01 00:00:00,PDNSI0003,ประกันรถยนต์ชั้น 3 (นำสินประกันภัย),NSI,Non-Life,2,การประกันรถโดยความสมัครใจ,,Motor,Main,,,,,,,,,,,,,,,,,,0,,,,,,,,,,,0,,,,,,,,,,
206,CMNSI0004001,2000-01-01 00:00:00,9999-01-01 00:00:00,PDNSI0004,ประกันรถยนต์ชั้น 2+ (นำสินประกันภัย),NSI,Non-Life,2,การประกันรถโดยความสมัครใจ,,Motor,Main,,,,,,,,,,,,,,,,,,0,,,,,,,,,,,0,,,,,,,,,,
207,CMNSI0005001,2000-01-01 00:00:00,9999-01-01 00:00:00,PDNSI0005,ประกันรถยนต์ชั้น 3+ (นำสินประกันภัย),NSI,Non-Life,2,การประกันรถโดยความสมัครใจ,,Motor,Main,,,,,,,,,,,,,,,,,,0,,,,,,,,,,,0,,,,,,,,,,
208,CMNSI0006001,2000-01-01 00:00:00,9999-01-01 00:00:00,PDNSI0006,พรบ รถยนต์ (นำสินประกันภัย),NSI,Non-Life,2,การประกันรถโดยข้อบังคับแห่งกฏหมาย,,Motor,Main,,,,,,,,,,,,,,,,,,0,,,,,,,,,,,0,,,,,,,,,,
209,CMNSI0007001,2000-01-01 00:00:00,9999-01-01 00:00:00,PDNSI0007,ประกันอัคคีภัย (นำสินประกันภัย),NSI,Non-Life,2,การประกันอัคคีภัย,อัคคีภัย,Non-Motor,Main,,,,,,,,,,,,,,,,,,0,,,,,,,,,,,0,,,,,,,,,,
210,CMNSI0008001,2000-01-01 00:00:00,9999-01-01 00:00:00,PDNSI0008,ประกันอุบัติเหตุส่วนบุคคล PA (นำสินประกันภัย),NSI,Non-Life,2,การประกันภัยเบ็ดเตล็ด,ประกันอุบัติเหตุส่วนบุคคล,Non-Motor,Main,,,,,,,0.18,,,,,,,,,,,0.08,,,,,,,,,,,0.08,,,,,,,,,,
211,CMNSI0009001,2000-01-01 00:00:00,9999-01-01 00:00:00,PDNSI0009,ประกันการเดินทาง (นำสินประกันภัย),NSI,Non-Life,2,การประกันภัยเบ็ดเตล็ด,ประกันการเดินทาง,Non-Motor,Main,,,,,,,,,,,,,,,,,,0,,,,,,,,,,,0,,,,,,,,,,
212,CMNSI0010001,2000-01-01 00:00:00,9999-01-01 00:00:00,PDNSI0010,ความรับผิดตามกฏหมายต่อบุคคลภายนอก PL (นำสินประกันภัย),NSI,Non-Life,2,การประกันอัคคีภัย,อัคคีภัย,Non-Motor,Main,,,,,,,0.18,,,,,,,,,,,0.1,,,,,,,,,,,0.1,,,,,,,,,,
830,CMNVK0001001,2025-06-20 00:00:00,9999-01-01 00:00:00,PDNVK0001,ประกันอุบัติเหตุกลุ่ม PA Group [นวกิจประกันภัย] (NVK),NVK,Non-Life,2,ประกันกลุ่ม,ประกันกลุ่ม,Group,Main,,,,,,,0.2,0.2,0.2,0.2,0.2,0.2,0.2,0.2,0.2,0.2,0.2,,,,,,,,,,,,,,,,,,,,,,
839,CMNVK0002001,2025-07-30 00:00:00,9999-01-01 00:00:00,PDNVK0002,ประกันรถยนต์ชั้น 1 (NVK),NVK,Non-Life,2,การประกันรถโดยความสมัครใจ,,Motor,Main,,,,,,,0.18,0.18,0.18,0.18,0.18,0.18,0.18,0.18,0.18,0.18,0.18,0.12,0.12,0.12,0.12,0.12,0.12,0.12,0.12,0.12,0.12,0.12,0.12,0.12,0.12,0.12,0.12,0.12,0.12,0.12,0.12,0.12,0.12
840,CMNVK0003001,2025-07-30 00:00:00,9999-01-01 00:00:00,PDNVK0003,ประกันรถยนต์ชั้น 2+(NVK),NVK,Non-Life,2,การประกันรถโดยความสมัครใจ,,Motor,Main,,,,,,,0.35,0.35,0.35,0.35,0.35,0.35,0.35,0.35,0.35,0.35,0.35,0.12,0.12,0.12,0.12,0.12,0.12,0.12,0.12,0.12,0.12,0.12,0.12,0.12,0.12,0.12,0.12,0.12,0.12,0.12,0.12,0.12,0.12
849,CMNVK0004001,2025-09-04 00:00:00,9999-01-01 00:00:00,PDNVK0004,พรบ รถยนต์ นวกิจ (NVK),NVK,Non-Life,2,การประกันรถโดยข้อบังคับแห่งกฏหมาย,,Motor,,,,,,,,0.18,,,,,,,,,,,,,,,,,,,,,,0.12,,,,,,,,,,
857,CMNVK0005001,2025-10-24 00:00:00,9999-01-01 00:00:00,PDNVK0005,ประกัน โฮล อิน วัน Hole in One [นวกิจประกันภัย] (NVK),NVK,Non-Life,2,การประกันภัยเบ็ดเตล็ด,เบ็ดเตล็ด,Non-Motor,Main,,,,,,,,,,,,,,,,,,,,,,,,,,,,,,,,,,,,,,,
874,CMNVK0006001,2026-01-07 00:00:00,9999-01-01 00:00:00,PDNVK0006,ประกันอุบัติเหตุกลุ่ม PA Group นวกิจประกันภัย (NVK),NVK,Non-Life,2,ประกันกลุ่ม,ประกันกลุ่ม,Group,Main,,,,,,,,,,,,,,,,,,,,,,,,,,,,,,,,,,,,,,,
876,CMNVK0007001,2026-01-16 00:00:00,9999-01-01 00:00:00,PDNVK0007,ประกันอัคคีภัย  [นวกิจประกันภัย] (NVK),NVK,Non-Life,2,การประกันอัคคีภัย,อัคคีภัย,Non-Motor,Main,,,,,,,,,,,,,,,,,,,,,,,,,,,,,,,,,,,,,,,
877,CMNVK0008001,2026-01-16 00:00:00,9999-01-01 00:00:00,PDNVK0008,ประกันความเสี่ยงภัยทรัพย์สิน IAR [นวกิจประกันภัย] (NVK),NVK,Non-Life,2,การประกันอัคคีภัย,อัคคีภัย,Non-Motor,Main,,,,,,,,,,,,,,,,,,,,,,,,,,,,,,,,,,,,,,,
213,CMPCH0001001,2000-01-01 00:00:00,9999-01-01 00:00:00,PDPCH0001,ประกันสุขภาพ (Pacific Cross),PCH,Non-Life,2,การประกันภัยเบ็ดเตล็ด,สุขภาพ,Non-Motor,Main,,,,,,,0.18,,,,,,,,,,,0.12,,,,,,,,,,,0.12,,,,,,,,,,
369,CMPHL00010001,2000-01-01 00:00:00,9999-01-01 00:00:00,PDPHL0001,แฮปปี้ โพรเทคชั่น 90/15,PHL,Life,1,ประเภทสามัญ,ประกันตลอดชีพ,Life,Main,,,,,,,0.35,0.15,0.1,0.03,0.03,0.03,0.03,0.03,0.03,0.03,0.03,0.28,0.105,0.07,0.021,0.021,0.021,0.021,0.021,0.021,0.021,,0.28,0.105,0.07,0.021,0.021,,,,,,
370,CMPHL00020001,2000-01-01 00:00:00,9999-01-01 00:00:00,PDPHL0002,แฮปปี้ โพรเทคชั่น 90/20 (Phillip),PHL,Life,1,ประเภทสามัญ,ประกันตลอดชีพ,Life,Main,,,,,,,0.35,0.15,0.1,0.03,0.03,0.03,0.03,0.03,0.03,0.03,0.03,0.28,0.105,0.07,0.021,0.021,0.021,0.021,0.021,0.021,0.021,,0.28,0.105,0.07,0.021,0.021,,,,,,
371,CMPHL00030001,2000-01-01 00:00:00,9999-01-01 00:00:00,PDPHL0003,แฮปปี้ เวลธ์ตี้ 90/15,PHL,Life,1,ประเภทสามัญ,ประกันตลอดชีพ,Life,Main,0,20,,,,,0.4,0.2,0.15,0.03,0.03,0.03,0.03,0.03,0.03,0.03,0.03,0.32,0.14,0.105,0.021,0.021,0.021,0.021,0.021,0.021,0.021,,0.32,0.14,0.105,0.021,0.021,,,,,,
372,CMPHL00040001,2000-01-01 00:00:00,9999-01-01 00:00:00,PDPHL0004,แฮปปี้ เวลธ์ตี้ 90/6,PHL,Life,1,ประเภทสามัญ,ประกันตลอดชีพ,Life,Main,0,30,,,,,0.22,0.09,0.06,0.04,0.04,0.04,0.04,0.04,0.04,0.04,,0.176,0.063,0.042,0.028,0.028,0.028,0.028,0.028,0.028,0.028,,0.176,0.063,0.042,0.028,0.028,,,,,,
373,CMPHL00050001,2000-01-01 00:00:00,9999-01-01 00:00:00,PDPHL0005,แฮปปี้ เวลธ์ตี้ 90/6 เอ56,PHL,Life,1,ประเภทสามัญ,ประกันตลอดชีพ,Life,Main,0,30,,,,,0.22,0.09,0.06,0.04,0.04,0.04,0.04,0.04,0.04,0.04,,0.176,0.063,0.042,0.028,0.028,0.028,0.028,0.028,0.028,0.028,,0.176,0.063,0.042,0.028,0.028,,,,,,
374,CMPHL00060001,2000-01-01 00:00:00,9999-01-01 00:00:00,PDPHL0006,แฮปปี้ เวลธ์ตี้ 90/6 เอ61,PHL,Life,1,ประเภทสามัญ,ประกันตลอดชีพ,Life,Main,0,30,,,,,0.22,0.09,0.06,0.04,0.04,0.04,0.04,0.04,0.04,0.04,,0.176,0.063,0.042,0.028,0.028,0.028,0.028,0.028,0.028,0.028,,0.176,0.063,0.042,0.028,0.028,,,,,,
375,CMPHL00070001,2000-01-01 00:00:00,9999-01-01 00:00:00,PDPHL0007,โปร เซฟวิ่ง 10/3,PHL,Life,1,ประเภทสามัญ,ประกันสะสมทรัพย์,Life,Main,,,,,,,0.025,0.015,0.01,,,,,,,,,0.02,0.0105,0.007,,,,,,,,,0.02,0.0105,0.007,,,,,,,,
376,CMPHL0008001,2000-01-01 00:00:00,9999-01-01 00:00:00,PDPHL0008,โปร เซฟวิ่ง 10/5,PHL,Life,1,ประเภทสามัญ,ประกันสะสมทรัพย์,Life,Main,,,,,,,0.1,0.05,0.03,0.025,0.025,0.025,0.025,0.025,0.025,0.025,,0.08,0.035,0.021,0.0175,0.0175,0.0175,0.0175,0.0175,0.0175,0.0175,,0.08,0.035,0.021,0.0175,0.0175,,,,,,
377,CMPHL00090001,2000-01-01 00:00:00,9999-01-01 00:00:00,PDPHL0009,โปร เซฟวิ่ง 15/6,PHL,Life,1,ประเภทสามัญ,ประกันสะสมทรัพย์,Life,Main,0,49,,,,,0.08,0.04,0.03,0.02,0.02,0.02,0.02,0.02,0.02,0.02,,0.064,0.028,0.021,0.014,0.014,0.014,0.014,0.014,0.014,0.014,,0.064,0.028,0.021,0.014,0.014,,,,,,
378,CMPHL00100001,2000-01-01 00:00:00,9999-01-01 00:00:00,PDPHL0010,โปร เซฟวิ่ง 15/8,PHL,Life,1,ประเภทสามัญ,ประกันสะสมทรัพย์,Life,Main,0,49,,,,,0.1,0.04,0.03,0.03,0.03,0.03,0.03,0.03,0.03,0.03,,0.08,0.028,0.021,0.021,0.021,0.021,0.021,0.021,0.021,0.021,,0.08,0.028,0.021,0.021,0.021,,,,,,
379,CMPHL00110001,2000-01-01 00:00:00,9999-01-01 00:00:00,PDPHL0011,โปร เซฟวิ่ง 20/7,PHL,Life,1,ประเภทสามัญ,ประกันสะสมทรัพย์,Life,Main,0,45,,,,,0.16,0.08,0.05,0.03,0.03,0.03,0.03,0.03,0.03,0.03,,0.128,0.056,0.035,0.021,0.021,0.021,0.021,0.021,0.021,0.021,,0.128,0.056,0.035,0.021,0.021,,,,,,
380,CMPHL00120001,2000-01-01 00:00:00,9999-01-01 00:00:00,PDPHL0012,แอสเสท ช้อยส์ 95/60,PHL,Life,1,ประเภทสามัญ,,Life,Main,0,35,,,,,0.2,0.08,0.05,0.04,0.04,0.04,0.04,0.04,0.04,0.04,0.04,0.16,0.056,0.035,0.028,0.028,0.028,0.028,0.028,0.028,0.028,,0.16,0.056,0.035,0.028,0.028,,,,,,
381,CMPHL00130001,2000-01-01 00:00:00,9999-01-01 00:00:00,PDPHL0013,พรีเมี่ยม รีเทิร์น 25/15,PHL,Life,1,ประเภทสามัญ,,Life,Main,,,,,,,0.35,0.15,0.1,0.05,0.05,0.05,0.05,0.05,0.05,0.05,0.05,0.28,0.105,0.07,0.035,0.035,0.035,0.035,0.035,0.035,0.035,,0.28,0.105,0.07,0.035,0.035,,,,,,
382,CMPHL0014001,2000-01-01 00:00:00,9999-01-01 00:00:00,PDPHL0014,แฮปปี้ ไลฟ์ 2 - 90/7,PHL,Life,1,ประเภทสามัญ,,Life,Main,,,,,,,0.3,0.12,0.075,0.03,0.03,0.03,0.03,0.03,0.03,0.03,,0.24,0.084,0.0525,0.021,0.021,0.021,0.021,0.021,0.021,0.021,,0.24,0.084,0.0525,0.021,0.021,,,,,,
383,CMPHL0015001,2000-01-01 00:00:00,9999-01-01 00:00:00,PDPHL0015,แฮปปี้ ไลฟ์ 2 - 90/10,PHL,Life,1,ประเภทสามัญ,,Life,Main,,,,,,,0.3,0.12,0.075,0.03,0.03,0.03,0.03,0.03,0.03,0.03,,0.24,0.084,0.0525,0.021,0.021,0.021,0.021,0.021,0.021,0.021,,0.24,0.084,0.0525,0.021,0.021,,,,,,
384,CMPHL0016001,2000-01-01 00:00:00,9999-01-01 00:00:00,PDPHL0016,แฮปปี้ ไลฟ์ 2 - 90/20,PHL,Life,1,ประเภทสามัญ,,Life,Main,,,,,,,0.35,0.2,0.1,0.03,0.03,0.03,0.03,0.03,0.03,0.03,0.03,0.28,0.14,0.07,0.021,0.021,0.021,0.021,0.021,0.021,0.021,,0.28,0.14,0.07,0.021,0.021,,,,,,
385,CMPHL0017001,2000-01-01 00:00:00,9999-01-01 00:00:00,PDPHL0017,สานฝัน - 89/19,PHL,Life,1,ประเภทสามัญ,,Life,Main,,,,,,,0.35,0.15,0.1,0.05,0.05,0.05,0.05,0.05,0.05,0.05,0.05,0.28,0.105,0.07,0.035,0.035,0.035,0.035,0.035,0.035,0.035,,0.28,0.105,0.07,0.035,0.035,,,,,,
386,CMPHL0018001,2000-01-01 00:00:00,9999-01-01 00:00:00,PDPHL0018,สานฝันวัยใส - 90/7,PHL,Life,1,ประเภทสามัญ,,Life,Main,,,,,,,0.3,0.12,0.075,0.03,0.03,0.03,0.03,0.03,0.03,0.03,,0.24,0.084,0.0525,0.021,0.021,0.021,0.021,0.021,0.021,0.021,,0.24,0.084,0.0525,0.021,0.021,,,,,,
387,CMPHL0019001,2000-01-01 00:00:00,9999-01-01 00:00:00,PDPHL0019,สานฝันวัยใส - 90/10,PHL,Life,1,ประเภทสามัญ,,Life,Main,,,,,,,0.3,0.12,0.075,0.03,0.03,0.03,0.03,0.03,0.03,0.03,,0.24,0.084,0.0525,0.021,0.021,0.021,0.021,0.021,0.021,0.021,,0.24,0.084,0.0525,0.021,0.021,,,,,,
388,CMPHL0020001,2000-01-01 00:00:00,9999-01-01 00:00:00,PDPHL0020,เพรสทีจ เซฟวิ่ง - 15/5,PHL,Life,1,ประเภทสามัญ,ประกันสะสมทรัพย์,Life,Main,,,,,,,0.2,0.1,0.05,0.03,0.03,0.03,0.03,0.03,0.03,0.03,,0.16,0.07,0.035,0.021,0.021,0.021,0.021,0.021,0.021,0.021,,0.16,0.07,0.035,0.021,0.021,,,,,,
389,CMPHL0021001,2000-01-01 00:00:00,9999-01-01 00:00:00,PDPHL0021,เพรสทีจ เซฟวิ่ง - 20/5,PHL,Life,1,ประเภทสามัญ,ประกันสะสมทรัพย์,Life,Main,,,,,,,0.2,0.1,0.05,0.03,0.03,0.03,0.03,0.03,0.03,0.03,,0.16,0.07,0.035,0.021,0.021,0.021,0.021,0.021,0.021,0.021,,0.16,0.07,0.035,0.021,0.021,,,,,,
390,CMPHL0022001,2000-01-01 00:00:00,9999-01-01 00:00:00,PDPHL0022,สะสมทรัพย์พิเศษ - 20/15,PHL,Life,1,ประเภทสามัญ,ประกันตลอดชีพ,Life,Main,,,,,,,0.3,0.2,0.1,0.05,0.05,0.05,0.05,0.05,0.05,0.05,0.05,0.24,0.14,0.07,0.035,0.035,0.035,0.035,0.035,0.035,0.035,,0.24,0.14,0.07,0.035,0.035,,,,,,
391,CMPHL0023001,2000-01-01 00:00:00,9999-01-01 00:00:00,PDPHL0023,วันเดอร์ฟูล เซฟวิ่ง 1 - 20/20,PHL,Life,1,ประเภทสามัญ,ประกันสะสมทรัพย์,Life,Main,,,,,,,0.35,0.15,0.1,0.05,0.05,0.05,0.05,0.05,0.05,0.05,0.05,0.28,0.105,0.07,0.035,0.035,0.035,0.035,0.035,0.035,0.035,,0.28,0.105,0.07,0.035,0.035,,,,,,
392,CMPHL0024001,2000-01-01 00:00:00,9999-01-01 00:00:00,PDPHL0024,วันเดอร์ฟูล เซฟวิ่ง 2 - 18/18,PHL,Life,1,ประเภทสามัญ,ประกันสะสมทรัพย์,Life,Main,,,,,,,0.25,0.1,0.1,0.05,0.05,0.05,0.05,0.05,0.05,0.05,0.05,0.2,0.07,0.07,0.035,0.035,0.035,0.035,0.035,0.035,0.035,,0.2,0.07,0.07,0.035,0.035,,,,,,
393,CMPHL0025001,2000-01-01 00:00:00,9999-01-01 00:00:00,PDPHL0025,วันเดอร์ฟูล เซฟวิ่ง 2 - 21/21,PHL,Life,1,ประเภทสามัญ,ประกันสะสมทรัพย์,Life,Main,,,,,,,0.35,0.15,0.1,0.05,0.05,0.05,0.05,0.05,0.05,0.05,0.05,0.28,0.105,0.07,0.035,0.035,0.035,0.035,0.035,0.035,0.035,,0.28,0.105,0.07,0.035,0.035,,,,,,
394,CMPHL00260001,2000-01-01 00:00:00,9999-01-01 00:00:00,PDPHL0026,อินคัม โพรเทคชั่น 5/5,PHL,Life,1,ประเภทสามัญ,ชั่วระยะเวลา,Life,Main,,,,,,,0.07,0.05,0.04,0.03,0.03,0.03,0.03,0.03,0.03,0.03,,0.056,0.035,0.028,0.021,0.021,0.021,0.021,0.021,0.021,0.021,,0.056,0.035,0.028,0.021,0.021,,,,,,
395,CMPHL00270001,2000-01-01 00:00:00,9999-01-01 00:00:00,PDPHL0027,อินคัม โพรเทคชั่น 10/10,PHL,Life,1,ประเภทสามัญ,ชั่วระยะเวลา,Life,Main,,,,,,,0.1,0.05,0.05,0.05,0.05,0.05,0.05,0.05,0.05,0.05,,0.08,0.035,0.035,0.035,0.035,0.035,0.035,0.035,0.035,0.035,,0.08,0.035,0.035,0.035,0.035,,,,,,
396,CMPHL00280001,2000-01-01 00:00:00,9999-01-01 00:00:00,PDPHL0028,อินคัม โพรเทคชั่น 15/15,PHL,Life,1,ประเภทสามัญ,ชั่วระยะเวลา,Life,Main,,,,,,,0.12,0.05,0.05,0.05,0.05,0.05,0.05,0.05,0.05,0.05,0.05,0.096,0.035,0.035,0.035,0.035,0.035,0.035,0.035,0.035,0.035,,0.096,0.035,0.035,0.035,0.035,,,,,,
397,CMPHL00290001,2000-01-01 00:00:00,9999-01-01 00:00:00,PDPHL0029,อินคัม โพรเทคชั่น 20/20,PHL,Life,1,ประเภทสามัญ,ชั่วระยะเวลา,Life,Main,,,,,,,0.15,0.06,0.05,0.05,0.05,0.05,0.05,0.05,0.05,0.05,0.05,0.12,0.042,0.035,0.035,0.035,0.035,0.035,0.035,0.035,0.035,,0.12,0.042,0.035,0.035,0.035,,,,,,
398,CMPHL0030001,2000-01-01 00:00:00,9999-01-01 00:00:00,PDPHL0030,ซูเปอร์เซฟวิ่ง 2/1,PHL,Life,1,ประเภทสามัญ,ประกันสะสมทรัพย์,Life,Main,,,,,,,0.002,,,,,,,,,,,0.0016,,,,,,,,,,,0.0016,,,,,,,,,,
399,CMPHL0031001,2000-01-01 00:00:00,9999-01-01 00:00:00,PDPHL0031,นิวทรีวัน 3/1,PHL,Life,1,ประเภทสามัญ,ประกันสะสมทรัพย์,Life,Main,,,,,,,0.003,,,,,,,,,,,0.0024,,,,,,,,,,,0.0024,,,,,,,,,,
400,CMPHL0032001,2000-01-01 00:00:00,9999-01-01 00:00:00,PDPHL0032,สมาร์ทโฟร์ 4/1,PHL,Life,1,ประเภทสามัญ,ประกันสะสมทรัพย์,Life,Main,,,,,,,0.004,,,,,,,,,,,0.0032,,,,,,,,,,,0.0032,,,,,,,,,,
401,CMPHL0033001,2000-01-01 00:00:00,9999-01-01 00:00:00,PDPHL0033,นิวไฟว์วัน 5/1,PHL,Life,1,ประเภทสามัญ,ประกันสะสมทรัพย์,Life,Main,,,,,,,0.005,,,,,,,,,,,0.004,,,,,,,,,,,0.004,,,,,,,,,,
402,CMPHL0034001,2000-01-01 00:00:00,9999-01-01 00:00:00,PDPHL0034,นิวเท็นวัน 10/1,PHL,Life,1,ประเภทสามัญ,ประกันสะสมทรัพย์,Life,Main,,,,,,,0.01,,,,,,,,,,,0.008,,,,,,,,,,,0.008,,,,,,,,,,
403,CMPHL0035001,2000-01-01 00:00:00,9999-01-01 00:00:00,PDPHL0035,พรีเมียร์ เซฟวิ่ง 10/4,PHL,Life,1,ประเภทสามัญ,ประกันสะสมทรัพย์,Life,Main,,,,,,,0.015,0.01,0.005,0.005,0.005,0.005,0.005,0.005,0.005,0.005,,0.012,0.007,0.0035,0.0035,0.0035,0.0035,0.0035,0.0035,0.0035,0.0035,,0.012,0.007,0.0035,0.0035,0.0035,,,,,,
404,CMPHL00360001,2000-01-01 00:00:00,9999-01-01 00:00:00,PDPHL0036,สุขบำนาญ 90/60,PHL,Life,1,ประเภทสามัญ,ประกันบำนาญ,Life,Main,15,45,,,,,0.25,0.12,0.08,0.03,0.03,0.03,0.03,0.03,0.03,0.03,0.03,0.2,0.084,0.056,0.021,0.021,0.021,0.021,0.021,0.021,0.021,,0.2,0.084,0.056,0.021,0.021,,,,,,
405,CMPHL0037001,2000-01-01 00:00:00,9999-01-01 00:00:00,PDPHL0037,สุขบำนาญ 85/7,PHL,Life,1,ประเภทสามัญ,ประกันบำนาญ,Life,Main,15,53,,,,,0.12,0.06,0.03,0.03,0.03,0.03,0.03,0.03,0.03,0.03,,0.096,0.042,0.021,0.021,0.021,0.021,0.021,0.021,0.021,0.021,,0.096,0.042,0.021,0.021,0.021,,,,,,
406,CMPHL0038001,2000-01-01 00:00:00,9999-01-01 00:00:00,PDPHL0038,สุขบำนาญ 85/14,PHL,Life,1,ประเภทสามัญ,ประกันบำนาญ,Life,Main,,,,,,,0.18,0.08,0.05,0.03,0.03,0.03,0.03,0.03,0.03,0.03,0.03,0.144,0.056,0.035,0.021,0.021,0.021,0.021,0.021,0.021,0.021,,0.144,0.056,0.035,0.021,0.021,,,,,,
407,CMPHL00390001,2000-01-01 00:00:00,9999-01-01 00:00:00,PDPHL0039,แอนนิวตี้ ช้อยส์ 90/60 (บำนาญแบบลดหย่อนได้),PHL,Life,1,ประเภทสามัญ,ประกันบำนาญ,Life,Main,25,50,,,,,0.18,0.08,0.05,0.03,0.03,0.03,0.03,0.03,0.03,0.03,0.02,0.144,0.056,0.035,0.021,0.021,0.021,0.021,0.021,0.021,0.021,,0.144,0.056,0.035,0.021,0.021,,,,,,
408,CMPHL0040001,2000-01-01 00:00:00,9999-01-01 00:00:00,PDPHL0040,"แผนประกันภัยสำเร็จรูป ""สมาร์ทแคร์ 3 คุ้ม พลัส""",PHL,Life,1,ประเภทสามัญ,,Life,Main,,,,,,,,,,,,,,,,,,0,0,0,0,0,0,0,0,0,0,,0,0,0,0,0,,,,,,
409,CMPHL0041001,2000-01-01 00:00:00,9999-01-01 00:00:00,PDPHL0041,การประกันอุบัติเหตุกรณีเสียชีวิต อบ.3(ADB),PHL,Life,1,ประเภทสามัญ,,Life,Main,,,,,,,0.2,0.05,0.05,0.05,0.05,0.05,0.05,0.05,0.05,0.05,0.35,0.16,0.035,0.035,0.035,0.035,0.035,0.035,0.035,0.035,0.035,,0.16,0.035,0.035,0.035,0.035,,,,,,
410,CMPHL0042001,2000-01-01 00:00:00,9999-01-01 00:00:00,PDPHL0042,สัญญาเพิ่มเติมสุขภาพ วงเงินรายวัน (HB online),PHL,Life,1,ประเภทสามัญ,อนุสัญญา,Rider,Rider,,,,,,,0.1,0.05,0.05,0.05,0.05,0.05,0.05,0.05,0.05,0.05,0.35,0.08,0.035,0.035,0.035,0.035,0.035,0.035,0.035,0.035,0.035,,0.08,0.035,0.035,0.035,0.035,,,,,,
411,CMPHL0043001,2000-01-01 00:00:00,9999-01-01 00:00:00,PDPHL0043,อุบัติเหตุ 1 - อบ.1 (AX),PHL,Life,1,ประเภทสามัญ,อนุสัญญา,Rider,Rider,,,,,,,0.4,0.1,0.1,0.1,0.1,0.1,0.1,0.1,0.1,0.1,0.1,0.32,0.07,0.07,0.07,0.07,0.07,0.07,0.07,0.07,0.07,,0.32,0.07,0.07,0.07,0.07,,,,,,
412,CMPHL0044001,2000-01-01 00:00:00,9999-01-01 00:00:00,PDPHL0044,อุบัติเหตุ 2 - อบ.2 (AI),PHL,Life,1,ประเภทสามัญ,อนุสัญญา,Rider,Rider,,,,,,,0.4,0.1,0.1,0.1,0.1,0.1,0.1,0.1,0.1,0.1,0.1,0.32,0.07,0.07,0.07,0.07,0.07,0.07,0.07,0.07,0.07,,0.32,0.07,0.07,0.07,0.07,,,,,,
413,CMPHL0045001,2000-01-01 00:00:00,9999-01-01 00:00:00,PDPHL0045,อุบัติเหตุ 3 - อบ.3 (ADB),PHL,Life,1,ประเภทสามัญ,อนุสัญญา,Rider,Rider,,,,,,,0.4,0.1,0.1,0.1,0.1,0.1,0.1,0.1,0.1,0.1,0.1,0.32,0.07,0.07,0.07,0.07,0.07,0.07,0.07,0.07,0.07,,0.32,0.07,0.07,0.07,0.07,,,,,,
414,CMPHL0046001,2000-01-01 00:00:00,9999-01-01 00:00:00,PDPHL0046,ฆาตกรรมและจลาจล (RCC),PHL,Life,1,ประเภทสามัญ,อนุสัญญา,Rider,Rider,,,,,,,0.4,0.1,0.1,0.1,0.1,0.1,0.1,0.1,0.1,0.1,0.1,0.32,0.07,0.07,0.07,0.07,0.07,0.07,0.07,0.07,0.07,,0.32,0.07,0.07,0.07,0.07,,,,,,
415,CMPHL00470001,2000-01-01 00:00:00,9999-01-01 00:00:00,PDPHL0047,ชดเชยรายวันผู้ป่วยใน ร.พ. (HB),PHL,Life,1,ประเภทสามัญ,อนุสัญญา,Rider,Rider,0,10,,,,,0.12,0.1,0.1,0.1,0.1,0.1,0.1,0.1,0.1,0.1,0.1,0.096,0.07,0.07,0.07,0.07,0.07,0.07,0.07,0.07,0.07,,0.096,0.07,0.07,0.07,0.07,,,,,,
416,CMPHL00480001,2000-01-01 00:00:00,9999-01-01 00:00:00,PDPHL0048,ประกันสุขภาพผู้ป่วยใน ร.พ. (1HS),PHL,Life,1,ประเภทสามัญ,อนุสัญญา,Rider,Rider,0,5,,,,,0.12,0.1,0.1,0.1,0.1,0.1,0.1,0.1,0.1,0.1,0.1,0.096,0.07,0.07,0.07,0.07,0.07,0.07,0.07,0.07,0.07,,0.096,0.07,0.07,0.07,0.07,,,,,,
417,CMPHL00490001,2000-01-01 00:00:00,9999-01-01 00:00:00,PDPHL0049,ประกันสุขภาพ เอชเอสพลัส (HS PLUS),PHL,Life,1,ประเภทสามัญ,อนุสัญญา,Rider,Rider,0,5,,,,,0.05,0.05,0.05,0.05,0.05,0.05,0.05,0.05,0.05,0.05,0.05,0.04,0.035,0.035,0.035,0.035,0.035,0.035,0.035,0.035,0.035,,0.04,0.035,0.035,0.035,0.035,,,,,,
418,CMPHL0050001,2000-01-01 00:00:00,9999-01-01 00:00:00,PDPHL0050,ประกันสุขภาพผู้ป่วยนอก ร.พ. (OPD),PHL,Life,1,ประเภทสามัญ,อนุสัญญา,Rider,Rider,,,,,,,0.1,0.1,0.1,0.1,0.1,0.1,0.1,0.1,0.1,0.1,0.1,0.08,0.07,0.07,0.07,0.07,0.07,0.07,0.07,0.07,0.07,,0.08,0.07,0.07,0.07,0.07,,,,,,
419,CMPHL0051001,2000-01-01 00:00:00,9999-01-01 00:00:00,PDPHL0051,ชั่วระยะเวลา (LT) ชำระเบี้ย 5 ปี ถึง 9,PHL,Life,1,ประเภทสามัญ,อนุสัญญา,Rider,Rider,,,,,,,0.1,0.05,0.05,0.05,0.05,0.05,0.05,0.05,0.05,0.05,0.05,0.08,0.035,0.035,0.035,0.035,0.035,0.035,0.035,0.035,0.035,,0.08,0.035,0.035,0.035,0.035,,,,,,
420,CMPHL0052001,2000-01-01 00:00:00,9999-01-01 00:00:00,PDPHL0052,ชั่วระยะเวลา (LT) ชำระเบี้ย 10 ปี ถึง 14,PHL,Life,1,ประเภทสามัญ,อนุสัญญา,Rider,Rider,,,,,,,0.15,0.1,0.05,0.05,0.05,0.05,0.05,0.05,0.05,0.05,0.05,0.12,0.07,0.035,0.035,0.035,0.035,0.035,0.035,0.035,0.035,,0.12,0.07,0.035,0.035,0.035,,,,,,
421,CMPHL0053001,2000-01-01 00:00:00,9999-01-01 00:00:00,PDPHL0053,ชั่วระยะเวลา (LT) ชำระเบี้ย 15 ปี ถึง 19,PHL,Life,1,ประเภทสามัญ,อนุสัญญา,Rider,Rider,,,,,,,0.15,0.1,0.05,0.05,0.05,0.05,0.05,0.05,0.05,0.05,0.05,0.12,0.07,0.035,0.035,0.035,0.035,0.035,0.035,0.035,0.035,,0.12,0.07,0.035,0.035,0.035,,,,,,
422,CMPHL0054001,2000-01-01 00:00:00,9999-01-01 00:00:00,PDPHL0054,ชั่วระยะเวลา (LT) ชำระเบี้ย 20 ปี ถึง 25,PHL,Life,1,ประเภทสามัญ,อนุสัญญา,Rider,Rider,,,,,,,0.2,0.1,0.05,0.05,0.05,0.05,0.05,0.05,0.05,0.05,0.05,0.16,0.07,0.035,0.035,0.035,0.035,0.035,0.035,0.035,0.035,,0.16,0.07,0.035,0.035,0.035,,,,,,
423,CMPHL0055001,2000-01-01 00:00:00,9999-01-01 00:00:00,PDPHL0055,ชั่วระยะเวลาคุ้มครองผู้ชำระเบี้ย (LTPB) 5 ปี ถึง 9,PHL,Life,1,ประเภทสามัญ,อนุสัญญา,Rider,Rider,,,,,,,0.1,0.05,0.05,0.05,0.05,0.05,0.05,0.05,0.05,0.05,0.05,0.08,0.035,0.035,0.035,0.035,0.035,0.035,0.035,0.035,0.035,,0.08,0.035,0.035,0.035,0.035,,,,,,
424,CMPHL0056001,2000-01-01 00:00:00,9999-01-01 00:00:00,PDPHL0056,ชั่วระยะเวลาคุ้มครองผู้ชำระเบี้ย (LTPB) 10 ปี ถึง 14,PHL,Life,1,ประเภทสามัญ,อนุสัญญา,Rider,Rider,,,,,,,0.15,0.1,0.05,0.05,0.05,0.05,0.05,0.05,0.05,0.05,0.05,0.12,0.07,0.035,0.035,0.035,0.035,0.035,0.035,0.035,0.035,,0.12,0.07,0.035,0.035,0.035,,,,,,
425,CMPHL0057001,2000-01-01 00:00:00,9999-01-01 00:00:00,PDPHL0057,ชั่วระยะเวลาคุ้มครองผู้ชำระเบี้ย (LTPB) 15 ปี ถึง 19,PHL,Life,1,ประเภทสามัญ,อนุสัญญา,Rider,Rider,,,,,,,0.15,0.1,0.05,0.05,0.05,0.05,0.05,0.05,0.05,0.05,0.05,0.12,0.07,0.035,0.035,0.035,0.035,0.035,0.035,0.035,0.035,,0.12,0.07,0.035,0.035,0.035,,,,,,
426,CMPHL0058001,2000-01-01 00:00:00,9999-01-01 00:00:00,PDPHL0058,ชั่วระยะเวลาคุ้มครองผู้ชำระเบี้ย (LTPB) 20 ปี ถึง 25,PHL,Life,1,ประเภทสามัญ,อนุสัญญา,Rider,Rider,,,,,,,0.2,0.1,0.05,0.05,0.05,0.05,0.05,0.05,0.05,0.05,0.05,0.16,0.07,0.035,0.035,0.035,0.035,0.035,0.035,0.035,0.035,,0.16,0.07,0.035,0.035,0.035,,,,,,
427,CMPHL0059001,2000-01-01 00:00:00,9999-01-01 00:00:00,PDPHL0059,คุ้มครองผู้ชำระเบี้ย (PB),PHL,Life,1,ประเภทสามัญ,อนุสัญญา,Rider,Rider,,,,,,,0.4,0.25,0.1,0.05,0.05,0.05,0.05,0.05,0.05,0.05,0.05,0.32,0.175,0.07,0.035,0.035,0.035,0.035,0.035,0.035,0.035,,0.32,0.175,0.07,0.035,0.035,,,,,,
428,CMPHL0060001,2000-01-01 00:00:00,9999-01-01 00:00:00,PDPHL0060,ยกเว้นเบี้ย กรณีทุพพลภาพ (WP),PHL,Life,1,ประเภทสามัญ,อนุสัญญา,Rider,Rider,,,,,,,0.4,0.25,0.1,0.05,0.05,0.05,0.05,0.05,0.05,0.05,0.05,0.32,0.175,0.07,0.035,0.035,0.035,0.035,0.035,0.035,0.035,,0.32,0.175,0.07,0.035,0.035,,,,,,
429,CMPHL0061001,2000-01-01 00:00:00,9999-01-01 00:00:00,PDPHL0061,การคุ้มครอง 50 โรคร้ายแรง (C150),PHL,Life,1,ประเภทสามัญ,อนุสัญญา,Rider,Rider,,,,,,,0.3,0.12,0.08,0.05,0.05,0.05,0.05,0.05,0.05,0.05,0.05,0.24,0.084,0.056,0.035,0.035,0.035,0.035,0.035,0.035,0.035,,0.24,0.084,0.056,0.035,0.035,,,,,,
430,CMPHL0062001,2000-01-01 00:00:00,9999-01-01 00:00:00,PDPHL0062,ชดเชยทารทุพพลภาพสิ้นเชิงถาวร (TPD),PHL,Life,1,ประเภทสามัญ,อนุสัญญา,Rider,Rider,,,,,,,0.4,0.1,0.1,0.05,0.05,0.05,0.05,0.05,0.05,0.05,0.05,0.32,0.07,0.07,0.035,0.035,0.035,0.035,0.035,0.035,0.035,,0.32,0.07,0.07,0.035,0.035,,,,,,
698,CMPHL0063001,2000-01-01 00:00:00,9999-01-01 00:00:00,PDPHL0063,แม็กซ์ เท็น วัน 10/1 (Phillip),PHL,Life,1,ประเภทสามัญ,,Life,Main,,,,,,,0.01,,,,,,,,,,,0.008,,,,,,,,,,,0.008,0,0,0,0,,,,,,
214,CMSOM0001001,2000-01-01 00:00:00,9999-01-01 00:00:00,PDSOM0001,ประกันรถยนต์ชั้น 2+ (SOM),SOM,Non-Life,2,การประกันรถโดยความสมัครใจ,,Motor,Main,,,,,,,0.18,,,,,,,,,,,0.12,,,,,,,,,,,0.12,,,,,,,,,,
215,CMSOM0002001,2000-01-01 00:00:00,9999-01-01 00:00:00,PDSOM0002,ประกันรถยนต์ชั้น 3+ (SOM),SOM,Non-Life,2,การประกันรถโดยความสมัครใจ,,Motor,Main,,,,,,,0.18,,,,,,,,,,,0.12,,,,,,,,,,,0.12,,,,,,,,,,
216,CMSOM0003001,2000-01-01 00:00:00,9999-01-01 00:00:00,PDSOM0003,ประกันรถยนต์ชั้น 2 (SOM),SOM,Non-Life,2,การประกันรถโดยความสมัครใจ,,Motor,Main,,,,,,,0.18,,,,,,,,,,,0.12,,,,,,,,,,,0.12,,,,,,,,,,
217,CMSOM0004001,2000-01-01 00:00:00,9999-01-01 00:00:00,PDSOM0004,ประกันรถยนต์ชั้น 3 (SOM),SOM,Non-Life,2,การประกันรถโดยความสมัครใจ,,Motor,Main,,,,,,,0.18,,,,,,,,,,,0.12,,,,,,,,,,,0.12,,,,,,,,,,
218,CMSOM0005001,2000-01-01 00:00:00,9999-01-01 00:00:00,PDSOM0005,ประกันรถยนต์ชั้น 1 (SOM),SOM,Non-Life,2,การประกันรถโดยความสมัครใจ,,Motor,Main,,,,,,,0.18,,,,,,,,,,,0.12,,,,,,,,,,,0.12,,,,,,,,,,
219,CMSOM0006001,2000-01-01 00:00:00,9999-01-01 00:00:00,PDSOM0006,พรบ รถยนต์ (SOM),SOM,Non-Life,2,การประกันรถโดยข้อบังคับแห่งกฏหมาย,,Motor,Main,,,,,,,0.12,,,,,,,,,,,0.08,,,,,,,,,,,0.08,,,,,,,,,,
220,CMSOM0007001,2000-01-01 00:00:00,9999-01-01 00:00:00,PDSOM0007,ประกันอุบัติเหตุส่วนบุคคล PA (SOM),SOM,Non-Life,2,การประกันภัยเบ็ดเตล็ด,ประกันอุบัติเหตุส่วนบุคคล,Non-Motor,Main,,,,,,,0.18,,,,,,,,,,,0.12,,,,,,,,,,,0.12,,,,,,,,,,
733,CMSOM0008001,2000-01-01 00:00:00,9999-01-01 00:00:00,PDSOM0008,ประกันการเดินทาง (SOM),SOM,Non-Life,2,การประกันภัยเบ็ดเตล็ด,ประกันการเดินทาง,Non-Motor,Main,,,,,,,,,,,,,,,,,,,,,,,,,,,,,,,,,,,,,,,
575,CMSSL0001001,2000-01-01 00:00:00,9999-01-01 00:00:00,PDSSL0001,ตลอดชีพ   90 (Whole Life 90) ชำระเบี้ย 1 ปี,SSL,Life,1,ประเภทสามัญ,ประกันตลอดชีพ,Life,Main,,,,,,,0.02,0,0,0,0,0,0,0,0,0,0,0.016,0,0,0,0,0,0,0,0,0,,0.016,0,0,0,0,,,,,,
576,CMSSL0002001,2000-01-01 00:00:00,9999-01-01 00:00:00,PDSSL0002,ตลอดชีพ   90 (Whole Life 90) ชำระเบี้ย 5 ปี,SSL,Life,1,ประเภทสามัญ,ประกันตลอดชีพ,Life,Main,,,,,,,0.2,0.1,0.05,0.05,0.05,0,0,0,0,0,0,0.16,0.07,0.035,0.035,0.035,0,0,0,0,0,,0.16,0.07,0.035,0.035,0.035,,,,,,
577,CMSSL00030001,2000-01-01 00:00:00,9999-01-01 00:00:00,PDSSL0003,ตลอดชีพ   90 (Whole Life 90) ชำระเบี้ย 10 ปี,SSL,Life,1,ประเภทสามัญ,ประกันตลอดชีพ,Life,Main,,,150000,199999,,,0.25,0.2,0.08,0.01,0.01,0.01,0.01,0.01,0.01,0.01,0.01,0.2,0.14,0.056,0.007,0.007,0.007,0.007,0.007,0.007,0.007,0.008,0.2,0.14,0.056,0.007,0.007,,,,,,
578,CMSSL00040001,2000-01-01 00:00:00,9999-01-01 00:00:00,PDSSL0004,ตลอดชีพ   90 (Whole Life 90) ชำระเบี้ย 15 ปี,SSL,Life,1,ประเภทสามัญ,ประกันตลอดชีพ,Life,Main,,,150000,199999,,,0.25,0.25,0.08,0.01,0.01,0.01,0.01,0.01,0.01,0.01,0.01,0.2,0.175,0.056,0.007,0.007,0.007,0.007,0.007,0.007,0.007,0.008,0.2,0.175,0.056,0.007,0.007,,,,,,
579,CMSSL00050001,2000-01-01 00:00:00,9999-01-01 00:00:00,PDSSL0005,ตลอดชีพ   90 (Whole Life 90) ชำระเบี้ย 20 ปี,SSL,Life,1,ประเภทสามัญ,ประกันตลอดชีพ,Life,Main,,,150000,199999,,,0.25,0.25,0.08,0.01,0.01,0.01,0.01,0.01,0.01,0.01,0.01,0.2,0.175,0.056,0.007,0.007,0.007,0.007,0.007,0.007,0.007,0.008,0.2,0.175,0.056,0.007,0.007,,,,,,
580,CMSSL00060001,2000-01-01 00:00:00,9999-01-01 00:00:00,PDSSL0006,ตลอดชีพ   90 (Whole Life 90) ชำระเบี้ย อายุ 90 ปี,SSL,Life,1,ประเภทสามัญ,ประกันตลอดชีพ,Life,Main,,,150000,199999,,,0.25,0.25,0.08,0.01,0.01,0.01,0.01,0.01,0.01,0.01,0.01,0.2,0.175,0.056,0.007,0.007,0.007,0.007,0.007,0.007,0.007,0.008,0.2,0.175,0.056,0.007,0.007,,,,,,
581,CMSSL00070001,2000-01-01 00:00:00,9999-01-01 00:00:00,PDSSL0007,สมารท์ช้อยส์ 95 (Smart Choice 95) ชำระเบี้ย 10 ปี,SSL,Life,1,ประเภทสามัญ,,Life,Main,,,200000,2999999,,,0.25,0.13,0.07,0.01,0.01,0.01,0.01,0.01,0.01,0.01,0.01,0.2,0.091,0.049,0.007,0.007,0.007,0.007,0.007,0.007,0.007,0.008,0.2,0.091,0.049,0.007,0.007,,,,,,
582,CMSSL00080001,2000-01-01 00:00:00,9999-01-01 00:00:00,PDSSL0008,สมารท์ช้อยส์ 95 (Smart Choice 95) ชำระเบี้ย 15 ปี,SSL,Life,1,ประเภทสามัญ,,Life,Main,,,200000,2999999,,,0.3,0.15,0.08,0.01,0.01,0.01,0.01,0.01,0.01,0.01,0.01,0.24,0.105,0.056,0.007,0.007,0.007,0.007,0.007,0.007,0.007,0.008,0.24,0.105,0.056,0.007,0.007,,,,,,
583,CMSSL0009001,2000-01-01 00:00:00,9999-01-01 00:00:00,PDSSL0009,ตลอดชีพ 66พลัส (Whole Life 66Plus),SSL,Life,1,ประเภทสามัญ,ประกันตลอดชีพ,Life,Main,,,200000,1000000,,,0.25,0.2,0.1,0.03,0.03,0.03,0.03,0.03,0.03,0.03,0.03,0.2,0.14,0.07,0.021,0.021,0.021,0.021,0.021,0.021,0.021,0.024,0.2,0.14,0.07,0.021,0.021,,,,,,
584,CMSSL00100001,2000-01-01 00:00:00,9999-01-01 00:00:00,PDSSL0010,สบายไลฟ์พลัส (21) (Sabuy Life Plus (21)) ชำระเบี้ย 15 ปี,SSL,Life,1,ประเภทสามัญ,,Life,Main,,,100000,149999,,,0.28,0.12,0.06,0.02,0.02,0.01,0.01,0.01,0.01,0.01,0.01,0.224,0.084,0.042,0.014,0.014,0.007,0.007,0.007,0.007,0.007,0.008,0.224,0.084,0.042,0.014,0.014,,,,,,
585,CMSSL00110001,2000-01-01 00:00:00,9999-01-01 00:00:00,PDSSL0011,สบายไลฟ์พลัส (21) (Sabuy Life Plus (21)) ชำระเบี้ย 20 ปี,SSL,Life,1,ประเภทสามัญ,,Life,Main,,,100000,149999,,,0.3,0.13,0.06,0.02,0.02,0.01,0.01,0.01,0.01,0.01,0.01,0.24,0.091,0.042,0.014,0.014,0.007,0.007,0.007,0.007,0.007,0.008,0.24,0.091,0.042,0.014,0.014,,,,,,
586,CMSSL0012001,2000-01-01 00:00:00,9999-01-01 00:00:00,PDSSL0012,"สมารท์ซุปเปอร์เซฟวิ่ง 10/6 (20)
(Smart Super Saving 10/6 (20))",SSL,Life,1,ประเภทสามัญ,ประกันสะสมทรัพย์,Life,Main,,,,,,,0.04,0.02,0.02,0,0,0,0,0,0,0,0,0.032,0.014,0.014,0,0,0,0,0,0,0,,0.032,0.014,0.014,0,0,,,,,,
587,CMSSL00130001,2000-01-01 00:00:00,9999-01-01 00:00:00,PDSSL0013,"สมารท์ มันนี่พลัส (20)
(Smart Money Plus (20))",SSL,Life,1,ประเภทสามัญ,,Life,Main,,,,,,,0.1,0.06,0.04,0,0,0,0,0,0,0,0,0.08,0.042,0.028,0,0,0,0,0,0,0,,0.08,0.042,0.028,0,0,,,,,,
588,CMSSL0014001,2000-01-01 00:00:00,9999-01-01 00:00:00,PDSSL0014,"สมาร์ทอีซีเซฟวิ่ง 15/8 (20)
(Smart Easy Saving 15/8 (20))",SSL,Life,1,ประเภทสามัญ,ประกันสะสมทรัพย์,Life,Main,,,,,,,0.12,0.06,0.04,0.02,0.02,0.02,0.02,0.02,0.02,0.02,0.02,0.096,0.042,0.028,0.014,0.014,0.014,0.014,0.014,0.014,0.014,0.016,0.096,0.042,0.028,0.014,0.014,,,,,,
589,CMSSL0015001,2000-01-01 00:00:00,9999-01-01 00:00:00,PDSSL0015,สมาร์ทสไมล์ไลฟ์ (21) (Smart Smile Life (21)) ชำระเบี้ย 12 ปี,SSL,Life,1,ประเภทสามัญ,,Life,Main,,,,,,,0.18,0.08,0.06,0.02,0.02,0.01,0.01,0.01,0.01,0.01,0.01,0.144,0.056,0.042,0.014,0.014,0.007,0.007,0.007,0.007,0.007,0.008,0.144,0.056,0.042,0.014,0.014,,,,,,
590,CMSSL0016001,2000-01-01 00:00:00,9999-01-01 00:00:00,PDSSL0016,สมาร์ทสไมล์ไลฟ์ (21) (Smart Smile Life (21)) ชำระเบี้ย 16 ปี,SSL,Life,1,ประเภทสามัญ,,Life,Main,,,,,,,0.23,0.1,0.06,0.02,0.02,0.01,0.01,0.01,0.01,0.01,0.01,0.184,0.07,0.042,0.014,0.014,0.007,0.007,0.007,0.007,0.007,0.008,0.184,0.07,0.042,0.014,0.014,,,,,,
591,CMSSL0017001,2000-01-01 00:00:00,9999-01-01 00:00:00,PDSSL0017,สมาร์ทดีไลท์ (21) (Smart Delight (21)) ชำระเบี้ย 21 ปี,SSL,Life,1,ประเภทสามัญ,,Life,Main,,,,,,,0.23,0.1,0.06,0.02,0.02,0.01,0.01,0.01,0.01,0.01,0.01,0.184,0.07,0.042,0.014,0.014,0.007,0.007,0.007,0.007,0.007,0.008,0.184,0.07,0.042,0.014,0.014,,,,,,
592,CMSSL0018001,2000-01-01 00:00:00,9999-01-01 00:00:00,PDSSL0018,สมาร์ทดีไลท์ (21) (Smart Delight (21)) ชำระเบี้ย 24 ปี,SSL,Life,1,ประเภทสามัญ,,Life,Main,,,,,,,0.25,0.11,0.07,0.02,0.02,0.01,0.01,0.01,0.01,0.01,0.01,0.2,0.077,0.049,0.014,0.014,0.007,0.007,0.007,0.007,0.007,0.008,0.2,0.077,0.049,0.014,0.014,,,,,,
593,CMSSL0019001,2000-01-01 00:00:00,9999-01-01 00:00:00,PDSSL0019,"ซัมชงคุ้มครองโรคร้าย A80 / 20
(DD Lifetime Protection A80 / 20)",SSL,Life,1,ประเภทสามัญ,,Life,Main,,,,,,,0.3,0.25,0.1,0.03,0.03,0.03,0.03,0.03,0.03,0.03,0.03,0.24,0.175,0.07,0.021,0.021,0.021,0.021,0.021,0.021,0.021,0.024,0.24,0.175,0.07,0.021,0.021,,,,,,
594,CMSSL00200001,2000-01-01 00:00:00,9999-01-01 00:00:00,PDSSL0020,"สมาร์ทคิดส์
(Smart Kids)",SSL,Life,1,ประเภทสามัญ,,Life,Main,1,3,,,,,0.12,0.06,0.03,0.02,0.02,0.01,0.01,0.01,0.01,0.01,0.01,0.096,0.042,0.021,0.014,0.014,0.007,0.007,0.007,0.007,0.007,0.008,0.096,0.042,0.021,0.014,0.014,,,,,,
595,CMSSL00210001,2000-01-01 00:00:00,9999-01-01 00:00:00,PDSSL0021,"สมารท์ ชายด์ (Smart Child)
(Smart Kids)",SSL,Life,1,ประเภทสามัญ,,Life,Main,6,7,,,,,0.1,0.05,0.03,0.02,0.02,0.01,0.01,0.01,0.01,0.01,0.01,0.08,0.035,0.021,0.014,0.014,0.007,0.007,0.007,0.007,0.007,0.008,0.08,0.035,0.021,0.014,0.014,,,,,,
596,CMSSL00220001,2000-01-01 00:00:00,9999-01-01 00:00:00,PDSSL0022,"ซัมซุงแฮปปี้ 55
(Samsung Happy 55)",SSL,Life,1,ประเภทสามัญ,,Life,Main,1,45,,,,,0.4,0.16,0.1,0.06,0.06,0.02,0.02,0.02,0.02,0.02,0.02,0.32,0.112,0.07,0.042,0.042,0.014,0.014,0.014,0.014,0.014,0.016,0.32,0.112,0.07,0.042,0.042,,,,,,
597,CMSSL00230001,2000-01-01 00:00:00,9999-01-01 00:00:00,PDSSL0023,ซัมซุงแฮปปี้ 60 (Samsung Happy 60),SSL,Life,1,ประเภทสามัญ,,Life,Main,1,55,,,,,0.4,0.16,0.1,0.06,0.06,0.02,0.02,0.02,0.02,0.02,0.02,0.32,0.112,0.07,0.042,0.042,0.014,0.014,0.014,0.014,0.014,0.016,0.32,0.112,0.07,0.042,0.042,,,,,,
598,CMSSL00250001,2000-01-01 00:00:00,9999-01-01 00:00:00,PDSSL0025,"ซัมซุงบำนาญ 85/60
(บำนาญแบบลดหย่อนได้)
(Bamnan 85/60)",SSL,Life,1,ประเภทสามัญ,ประกันบำนาญ,Life,Main,20,39,,,,,0.25,0.1,0.05,0.04,0.03,0.02,0.02,0.02,0.02,0.02,0.02,0.2,0.07,0.035,0.028,0.021,0.014,0.014,0.014,0.014,0.014,0.016,0.2,0.07,0.035,0.028,0.021,,,,,,
599,CMSSL00260001,2000-01-01 00:00:00,9999-01-01 00:00:00,PDSSL0026,"ซัมซุงบำนาญ 85/55
(บำนาญแบบลดหย่อนได้)
(Bamnan 85/55)",SSL,Life,1,ประเภทสามัญ,ประกันบำนาญ,Life,Main,20,34,,,,,0.25,0.1,0.05,0.04,0.03,0.02,0.02,0.02,0.02,0.02,0.02,0.2,0.07,0.035,0.028,0.021,0.014,0.014,0.014,0.014,0.014,0.016,0.2,0.07,0.035,0.028,0.021,,,,,,
600,CMSSL0027001,2000-01-01 00:00:00,9999-01-01 00:00:00,PDSSL0027,"ซัมซุงบำนาญ60 A85/5
(บำนาญแบบลดหย่อนได้)
(Bamnan60 A85/5)",SSL,Life,1,ประเภทสามัญ,ประกันบำนาญ,Life,Main,20,55,,,,,0.12,0.06,0.03,0.02,0.02,0,0,0,0,0,0,0.096,0.042,0.021,0.014,0.014,0,0,0,0,0,,0.096,0.042,0.021,0.014,0.014,,,,,,
601,CMSSL0028001,2000-01-01 00:00:00,9999-01-01 00:00:00,PDSSL0028,"ซัมซุงบำนาญ65 A90/5
(บำนาญแบบลดหย่อนได้)
(Bamnan65 A90/5)",SSL,Life,1,ประเภทสามัญ,ประกันบำนาญ,Life,Main,20,60,,,,,0.12,0.06,0.03,0.02,0.02,0,0,0,0,0,0,0.096,0.042,0.021,0.014,0.014,0,0,0,0,0,,0.096,0.042,0.021,0.014,0.014,,,,,,
602,CMSSL0029001,2000-01-01 00:00:00,9999-01-01 00:00:00,PDSSL0029,สมาร์ทบำนาญ60 A100/2,SSL,Life,1,ประเภทสามัญ,ประกันบำนาญ,Life,Main,,,,,,,0.05,0.02,0,0,0,0,0,0,0,0,0,0.04,0.014,0,0,0,0,0,0,0,0,,0.04,0.014,0,0,0,,,,,,
603,CMSSL0030001,2000-01-01 00:00:00,9999-01-01 00:00:00,PDSSL0030,สมาร์ทบำนาญ60พลัส A100/2,SSL,Life,1,ประเภทสามัญ,ประกันบำนาญ,Life,Main,,,,,,,0.05,0.02,0,0,0,0,0,0,0,0,0,0.04,0.014,0,0,0,0,0,0,0,0,,0.04,0.014,0,0,0,,,,,,
604,CMSSL0031001,2000-01-01 00:00:00,9999-01-01 00:00:00,PDSSL0031,สมาร์ทบำนาญ60 A100/1,SSL,Life,1,ประเภทสามัญ,ประกันบำนาญ,Life,Main,,,,,,,0.02,0,0,0,0,0,0,0,0,0,0,0.016,0,0,0,0,0,0,0,0,0,,0.016,0,0,0,0,,,,,,
605,CMSSL0032001,2000-01-01 00:00:00,9999-01-01 00:00:00,PDSSL0032,สมาร์ทบำนาญ60พลัส A100/1,SSL,Life,1,ประเภทสามัญ,ประกันบำนาญ,Life,Main,,,,,,,0.02,0,0,0,0,0,0,0,0,0,0,0.016,0,0,0,0,0,0,0,0,0,,0.016,0,0,0,0,,,,,,
606,CMSSL0033001,2000-01-01 00:00:00,9999-01-01 00:00:00,PDSSL0033,สมาร์ท ซีไอ (ตลอดชีพ 90/5),SSL,Life,1,ประเภทสามัญ,ประกันตลอดชีพ,Life,Main,,,,,,,0.2,0.1,0.05,0.05,0.05,0,0,0,0,0,0,0.16,0.07,0.035,0.035,0.035,0,0,0,0,0,,0.16,0.07,0.035,0.035,0.035,,,,,,
607,CMSSL0034001,2000-01-01 00:00:00,9999-01-01 00:00:00,PDSSL0034,สมาร์ท ซีไอ (ตลอดชีพ 90/10),SSL,Life,1,ประเภทสามัญ,ประกันตลอดชีพ,Life,Main,,,,,,,0.3,0.25,0.1,0.03,0.03,0.03,0.03,0.03,0.03,0.03,0.03,0.24,0.175,0.07,0.021,0.021,0.021,0.021,0.021,0.021,0.021,0.024,0.24,0.175,0.07,0.021,0.021,,,,,,
608,CMSSL0035001,2000-01-01 00:00:00,9999-01-01 00:00:00,PDSSL0035,สมาร์ท ซีไอ (ตลอดชีพ 90/15),SSL,Life,1,ประเภทสามัญ,ประกันตลอดชีพ,Life,Main,,,,,,,0.3,0.3,0.1,0.03,0.03,0.03,0.03,0.03,0.03,0.03,0.03,0.24,0.21,0.07,0.021,0.021,0.021,0.021,0.021,0.021,0.021,0.024,0.24,0.21,0.07,0.021,0.021,,,,,,
609,CMSSL0036001,2000-01-01 00:00:00,9999-01-01 00:00:00,PDSSL0036,สมาร์ท ซีไอ (ตลอดชีพ 90/20),SSL,Life,1,ประเภทสามัญ,ประกันตลอดชีพ,Life,Main,,,,,,,0.3,0.3,0.1,0.03,0.03,0.03,0.03,0.03,0.03,0.03,0.03,0.24,0.21,0.07,0.021,0.021,0.021,0.021,0.021,0.021,0.021,0.024,0.24,0.21,0.07,0.021,0.021,,,,,,
610,CMSSL0037001,2000-01-01 00:00:00,9999-01-01 00:00:00,PDSSL0037,สมาร์ท ซีไอ (ตลอดชีพ 90/90),SSL,Life,1,ประเภทสามัญ,ประกันตลอดชีพ,Life,Main,,,,,,,0.3,0.3,0.1,0.03,0.03,0.03,0.03,0.03,0.03,0.03,0.03,0.24,0.21,0.07,0.021,0.021,0.021,0.021,0.021,0.021,0.021,0.024,0.24,0.21,0.07,0.021,0.021,,,,,,
611,CMSSL00380001,2000-01-01 00:00:00,9999-01-01 00:00:00,PDSSL0038,สมาร์ท ซีไอ (สมาร์ทช้อยส์ 95/10),SSL,Life,1,ประเภทสามัญ,,Life,Main,,,200000,2999999,,,0.25,0.13,0.07,0.01,0.01,0.01,0.01,0.01,0.01,0.01,0.01,0.2,0.091,0.049,0.007,0.007,0.007,0.007,0.007,0.007,0.007,0.008,0.2,0.091,0.049,0.007,0.007,,,,,,
612,CMSSL00390001,2000-01-01 00:00:00,9999-01-01 00:00:00,PDSSL0039,สมาร์ท ซีไอ (สมาร์ทช้อยส์ 95/15),SSL,Life,1,ประเภทสามัญ,,Life,Main,,,200000,2999999,,,0.3,0.15,0.08,0.01,0.01,0.01,0.01,0.01,0.01,0.01,0.01,0.24,0.105,0.056,0.007,0.007,0.007,0.007,0.007,0.007,0.007,0.008,0.24,0.105,0.056,0.007,0.007,,,,,,
613,CMSSL0040001,2000-01-01 00:00:00,9999-01-01 00:00:00,PDSSL0040,"สัญญาเพิ่มเติม Smart CI
(คัมครองถึง 85 ปี / ปีต่อปี)",SSL,Life,1,ประเภทสามัญ,อนุสัญญา,Rider,Rider,,,100000,2500000,,,0.3,0.25,0.1,0.03,0.03,0.03,0.03,0.03,0.03,0.03,0.03,0.24,0.175,0.07,0.021,0.021,0.021,0.021,0.021,0.021,0.021,0.024,0.24,0.175,0.07,0.021,0.021,,,,,,
614,CMSSL00410001,2000-01-01 00:00:00,9999-01-01 00:00:00,PDSSL0041,"แคนเซอร์ โพรเทค 555
(Cancer Protect 555)",SSL,Life,1,ประเภทสามัญ,,Life,Main,,,100000,,,,0.2,0.13,0.05,0,0,0,0,0,0,0,0,0.16,0.091,0.035,0,0,0,0,0,0,0,,0.16,0.091,0.035,0,0,,,,,,
615,CMSSL0042001,2000-01-01 00:00:00,9999-01-01 00:00:00,PDSSL0042,สมาร์ทสไมล์ไลฟ์ 20/16 (21),SSL,Life,1,ประเภทสามัญ,,Life,Main,,,,,,,0.23,0.1,0.06,0.02,0.02,0.01,0.01,0.01,0.01,0.01,0.01,0.184,0.07,0.042,0.014,0.014,0.007,0.007,0.007,0.007,0.007,0.008,0.184,0.07,0.042,0.014,0.014,,,,,,
616,CMSSL0043001,2000-01-01 00:00:00,9999-01-01 00:00:00,PDSSL0043,สัญญาเพิ่มเติม ADB,SSL,Life,1,ประเภทสามัญ,อนุสัญญา,Rider,Rider,,,,,,,0.23,0.1,0.06,0.02,0.02,0.01,0.01,0.01,0.01,0.01,0.01,0.184,0.07,0.042,0.014,0.014,0.007,0.007,0.007,0.007,0.007,0.008,0.184,0.07,0.042,0.014,0.014,,,,,,
617,CMSSL00440001,2000-01-01 00:00:00,9999-01-01 00:00:00,PDSSL0044,สัญญาเพิ่มเดิม H&S,SSL,Life,1,ประเภทสามัญ,อนุสัญญา,Rider,Rider,1,5,,,,,0.1,0.1,0.1,0.1,0.1,0.1,0.1,0.1,0.1,0.1,0.1,0.08,0.07,0.07,0.07,0.07,0.07,0.07,0.07,0.07,0.07,0.08,0.08,0.07,0.07,0.07,0.07,,,,,,
618,CMSSL0045001,2000-01-01 00:00:00,9999-01-01 00:00:00,PDSSL0045,"ประกันอุบัติเหตุ (SmartPA) (PA Lite, PA Protect, PA Ultra)",SSL,Life,1,ประเภทสามัญ,อนุสัญญา,Rider,Rider,,,,,,,0.15,0,0,0,0,0,0,0,0,0,0,0.12,0,0,0,0,0,0,0,0,0,,0.12,0,0,0,0,,,,,,
619,CMSSL0046001,2000-01-01 00:00:00,9999-01-01 00:00:00,PDSSL0046,ประกันอุบัติเหตุ (PA Plus),SSL,Life,1,ประเภทสามัญ,อนุสัญญา,Rider,Rider,,,,,,,0.15,0,0,0,0,0,0,0,0,0,0,0.12,0,0,0,0,0,0,0,0,0,,0.12,0,0,0,0,,,,,,
620,CMSSL0047001,2000-01-01 00:00:00,9999-01-01 00:00:00,PDSSL0047,ทรัพย์ทวีคูณ 5 (Sab Thavee Koon),SSL,Life,1,ประเภทสามัญ,อนุสัญญา,Rider,Rider,,,100000,2500000,,,0.3,0.3,0.1,0.05,0.05,0.03,0.03,0.03,0.03,0.03,0.03,0.24,0.21,0.07,0.035,0.035,0.021,0.021,0.021,0.021,0.021,0.024,0.24,0.21,0.07,0.035,0.035,,,,,,
621,CMSSL0048001,2000-01-01 00:00:00,9999-01-01 00:00:00,PDSSL0048,เทอมไลฟ์  (Term Life),SSL,Life,1,ประเภทสามัญ,อนุสัญญา,Rider,Rider,,,,,,,0.4,0.16,0.1,0.04,0.04,0.04,0.04,0.04,0.04,0.04,0.04,0.32,0.112,0.07,0.028,0.028,0.028,0.028,0.028,0.028,0.028,0.032,0.32,0.112,0.07,0.028,0.028,,,,,,
622,CMSSL0049001,2000-01-01 00:00:00,9999-01-01 00:00:00,PDSSL0049,"AI, ADD, ADB, AME, RCC, PB, WP",SSL,Life,1,ประเภทสามัญ,อนุสัญญา,Rider,Rider,,,,,,,,,,,,,,,,,,,,,,,,,,,,,,,,,,,,,,,
623,CMSSL0050001,2000-01-01 00:00:00,9999-01-01 00:00:00,PDSSL0050,"DD50, DD7, Lady Plus, Cancer Plus",SSL,Life,1,ประเภทสามัญ,อนุสัญญา,Rider,Rider,,,,,,,0.3,0.25,0.1,0.05,0.05,0.05,0.05,0.05,0.05,0.05,0.05,0.24,0.175,0.07,0.035,0.035,0.035,0.035,0.035,0.035,0.035,0.04,0.24,0.175,0.07,0.035,0.035,,,,,,
624,CMSSL00510001,2000-01-01 00:00:00,9999-01-01 00:00:00,PDSSL0051,"H&S, H&S_D",SSL,Life,1,ประเภทสามัญ,อนุสัญญา,Rider,Rider,1,5,,,,,0.1,0.1,0.1,0.1,0.1,0.1,0.1,0.1,0.1,0.1,0.1,0.08,0.07,0.07,0.07,0.07,0.07,0.07,0.07,0.07,0.07,0.08,0.08,0.07,0.07,0.07,0.07,,,,,,
625,CMSSL00520001,2000-01-01 00:00:00,9999-01-01 00:00:00,PDSSL0052,H&S เหมาจ่าย,SSL,Life,1,ประเภทสามัญ,อนุสัญญา,Rider,Rider,0,5,,,,,0.1,0.1,0.1,0.1,0.1,0.1,0.1,0.1,0.1,0.1,0.1,0.08,0.07,0.07,0.07,0.07,0.07,0.07,0.07,0.07,0.07,0.08,0.08,0.07,0.07,0.07,0.07,,,,,,
626,CMSSL0053001,2000-01-01 00:00:00,9999-01-01 00:00:00,PDSSL0053,OPD,SSL,Life,1,ประเภทสามัญ,อนุสัญญา,Rider,Rider,,,,,,,0.05,0.05,0.05,0.05,0.05,0.05,0.05,0.05,0.05,0.05,0.05,0.04,0.035,0.035,0.035,0.035,0.035,0.035,0.035,0.035,0.035,0.04,0.04,0.035,0.035,0.035,0.035,,,,,,
627,CMSSL0054001,2000-01-01 00:00:00,9999-01-01 00:00:00,PDSSL0054,HB,SSL,Life,1,ประเภทสามัญ,อนุสัญญา,Rider,Rider,,,,,,,0.1,0.1,0.1,0.1,0.1,0.1,0.1,0.1,0.1,0.1,0.1,0.08,0.07,0.07,0.07,0.07,0.07,0.07,0.07,0.07,0.07,0.08,0.08,0.07,0.07,0.07,0.07,,,,,,
628,CMSSL0055001,2000-01-01 00:00:00,9999-01-01 00:00:00,PDSSL0055,AHB,SSL,Life,1,ประเภทสามัญ,อนุสัญญา,Rider,Rider,,,,,,,0.1,0.1,0.1,0.1,0.1,0.1,0.1,0.1,0.1,0.1,0.1,0.08,0.07,0.07,0.07,0.07,0.07,0.07,0.07,0.07,0.07,0.08,0.08,0.07,0.07,0.07,0.07,,,,,,
629,CMSSL0056001,2000-01-01 00:00:00,9999-01-01 00:00:00,PDSSL0056,Term 5/5,SSL,Life,1,ประเภทสามัญ,,Life,Main,,,,,,,0.3,0.25,0.1,0.05,0.05,0,0,0,0,0,0,0.24,0.175,0.07,0.035,0.035,0,0,0,0,0,,0.24,0.175,0.07,0.035,0.035,,,,,,
630,CMSSL0057001,2000-01-01 00:00:00,9999-01-01 00:00:00,PDSSL0057,"Term 10/10, 15/15, 19/19",SSL,Life,1,ประเภทสามัญ,,Life,Main,,,,,,,0.3,0.25,0.1,0.05,0.05,0.05,0.05,0.05,0.05,0.05,0.05,0.24,0.175,0.07,0.035,0.035,0.035,0.035,0.035,0.035,0.035,0.04,0.24,0.175,0.07,0.035,0.035,,,,,,
709,CMSSL0058001,2000-01-01 00:00:00,9999-01-01 00:00:00,PDSSL0058,ซัมซุง เวลธ์ โพรเทคชั่น 85/7,SSL,Life,1,ประเภทสามัญ,ประกันตลอดชีพ,Life,Main,,,,,,,,,,,,,,,,,,,,,,,,,,,,,0,0,0,0,0,,,,,,
813,CMSSL0059001,2000-01-01 00:00:00,9999-01-01 00:00:00,PDSSL0059,ซัมซุง เวลธ์ โพรเทคชั่น 85/5,SSL,Life,1,ประเภทสามัญ,ประกันตลอดชีพ,Life,Main,,,,,,,,,,,,,,,,,,,,,,,,,,,,,,,,,,,,,,,
831,CMSSL0060001,2025-06-20 00:00:00,9999-01-01 00:00:00,PDSSL0060,ประกันชีวิตตลอดชีพ 99/20 H&S (SSL),SSL,Life,1,ประเภทสามัญ,ประกันตลอดชีพ,Life,Main,,,,,,,,,,,,,,,,,,,,,,,,,,,,,,,,,,,,,,,
843,CMSSL0061001,2025-08-19 00:00:00,9999-01-01 00:00:00,PDSSL0061,Fast Saving 5/2 (ซัมซุงประกันชีวิต),SSL,Life,1,ประเภทสามัญ,ประกันสะสมทรัพย์,Life,Main,,,,,,,,,,,,,,,,,,,,,,,,,,,,,,,,,,,,,,,
845,CMSSL0062001,2025-08-26 00:00:00,9999-01-01 00:00:00,PDSSL0062,สัญญาเพิ่มเติม H&S ไพรม์ (H&S Prime),SSL,Life,1,ประเภทสามัญ,ประกันตลอดชีพ,Life,Rider,,,,,,,,,,,,,,,,,,,,,,,,,,,,,,,,,,,,,,,
884,CMSSL0063001,2026-03-04 00:00:00,9999-01-01 00:00:00,PDSSL0063,สัญญาเพิ่มเติม H&S อัลตร้า (H&S U),SSL,Life,1,ประเภทสามัญ,ประกันตลอดชีพ,Life,Rider,,,,,,,,,,,,,,,,,,,,,,,,,,,,,,,,,,,,,,,
691,CMTAX0001001,2000-01-01 00:00:00,9999-01-01 00:00:00,PDTAX0001,ต่อภาษี,DLT,TAX,3,ต่อภาษี,ต่อภาษี,TAX,TAX,,,,,,,0,,,,,,,,,,,0,,,,,,,,,,,0,0,0,0,0,,,,,,
770,CMTCL0001001,2000-01-01 00:00:00,9999-01-01 00:00:00,PDTCL0001,T-Life Super Saving 2/1 (TNL),TNL,Life,1,ประเภทสามัญ,อนุสัญญา,Rider,Rider,,,,,,,,,,,,,,,,,,,,,,,,,,,,,,,,,,,,,,,
221,CMTIP0001001,2000-01-01 00:00:00,9999-01-01 00:00:00,PDTIP0001,ประกันไวรัสโคโรนา (TIP),TIP,Non-Life,2,การประกันภัยเบ็ดเตล็ด,ประกันอุบัติเหตุส่วนบุคคล,Non-Motor,Main,,,,,,,,,,,,,,,,,,0,,,,,,,,,,,0,,,,,,,,,,
222,CMTIP0002001,2000-01-01 00:00:00,9999-01-01 00:00:00,PDTIP0002,ประกันรถยนต์ชั้น 1 (TIP),TIP,Non-Life,2,การประกันรถโดยความสมัครใจ,,Motor,Main,,,,,,,0.18,,,,,,,,,,,0.12,,,,,,,,,,,0.12,,,,,,,,,,
223,CMTIP0003001,2000-01-01 00:00:00,9999-01-01 00:00:00,PDTIP0003,ประกันรถยนต์ชั้น 2 (TIP),TIP,Non-Life,2,การประกันรถโดยความสมัครใจ,,Motor,Main,,,,,,,,,,,,,,,,,,0,,,,,,,,,,,0,,,,,,,,,,
224,CMTIP0004001,2000-01-01 00:00:00,9999-01-01 00:00:00,PDTIP0004,ประกันรถยนต์ชั้น 3 (TIP),TIP,Non-Life,2,การประกันรถโดยความสมัครใจ,,Motor,Main,,,,,,,,,,,,,,,,,,0,,,,,,,,,,,0,,,,,,,,,,
225,CMTIP0005001,2000-01-01 00:00:00,9999-01-01 00:00:00,PDTIP0005,ประกันรถยนต์ชั้น 2+ (TIP),TIP,Non-Life,2,การประกันรถโดยความสมัครใจ,,Motor,Main,,,,,,,0.18,,,,,,,,,,,0.11,,,,,,,,,,,0.11,,,,,,,,,,
226,CMTIP0006001,2000-01-01 00:00:00,9999-01-01 00:00:00,PDTIP0006,ประกันรถยนต์ชั้น 3+ (TIP),TIP,Non-Life,2,การประกันรถโดยความสมัครใจ,,Motor,Main,,,,,,,0.18,,,,,,,,,,,0.12,,,,,,,,,,,0.12,,,,,,,,,,
227,CMTIP0007001,2000-01-01 00:00:00,9999-01-01 00:00:00,PDTIP0007,ประกันอุบัติเหตุส่วนบุคคล PA (TIP),TIP,Non-Life,2,การประกันภัยเบ็ดเตล็ด,ประกันอุบัติเหตุส่วนบุคคล,Non-Motor,Main,,,,,,,0.18,,,,,,,,,,,0.1,,,,,,,,,,,0.1,,,,,,,,,,
228,CMTIP0008001,2000-01-01 00:00:00,9999-01-01 00:00:00,PDTIP0008,ประกันสัตว์เลี้ยง (TIP),TIP,Non-Life,2,การประกันภัยเบ็ดเตล็ด,สัตว์เลี้ยง,Non-Motor,Main,,,,,,,0.18,,,,,,,,,,,0.12,,,,,,,,,,,0.12,,,,,,,,,,
229,CMTIP0009001,2000-01-01 00:00:00,9999-01-01 00:00:00,PDTIP0009,ประกันสุขภาพ (TIP),TIP,Non-Life,2,การประกันภัยเบ็ดเตล็ด,สุขภาพ,Non-Motor,Main,,,,,,,1,,,,,,,,,,,0.07,,,,,,,,,,,0.07,,,,,,,,,,
230,CMTIP0010001,2000-01-01 00:00:00,9999-01-01 00:00:00,PDTIP0010,ประกันรถยนต์อัพทูไมล์ (TIP),TIP,Non-Life,2,การประกันรถโดยความสมัครใจ,,Motor,Main,,,,,,,0.18,,,,,,,,,,,0.09,,,,,,,,,,,0.09,,,,,,,,,,
231,CMTIP0011001,2000-01-01 00:00:00,9999-01-01 00:00:00,PDTIP0011,พรบ รถยนต์ (TIP),TIP,Non-Life,2,การประกันรถโดยข้อบังคับแห่งกฏหมาย,,Motor,Main,,,,,,,0.12,,,,,,,,,,,0.07,,,,,,,,,,,0.07,,,,,,,,,,
232,CMTIP0012001,2000-01-01 00:00:00,9999-01-01 00:00:00,PDTIP0012,ประกันอัคคีภัย (TIP),TIP,Non-Life,2,การประกันอัคคีภัย,อัคคีภัย,Non-Motor,Main,,,,,,,0.18,,,,,,,,,,,0.12,,,,,,,,,,,0.12,,,,,,,,,,
233,CMTIP0013001,2000-01-01 00:00:00,9999-01-01 00:00:00,PDTIP0013,ประกันวิชาชีพ (TIP),TIP,Non-Life,2,การประกันภัยเบ็ดเตล็ด,วิชาชีพ,Non-Motor,Main,,,,,,,0.18,,,,,,,,,,,0.12,,,,,,,,,,,0.12,,,,,,,,,,
234,CMTIP0014001,2000-01-01 00:00:00,9999-01-01 00:00:00,PDTIP0014,ประกันความเสี่ยงภัย IAR (TIP),TIP,Non-Life,2,การประกันอัคคีภัย,อัคคีภัย,Non-Motor,Main,,,,,,,,,,,,,,,,,,0.12,,,,,,,,,,,0.12,,,,,,,,,,
235,CMTIP0015001,2000-01-01 00:00:00,9999-01-01 00:00:00,PDTIP0015,ความรับผิดตามกฏหมายต่อบุคคลภายนอก PL (TIP),TIP,Non-Life,2,การประกันอัคคีภัย,อัคคีภัย,Non-Motor,Main,,,,,,,,,,,,,,,,,,0.12,,,,,,,,,,,0.12,,,,,,,,,,
844,CMTIP0016001,2025-08-26 00:00:00,9999-01-01 00:00:00,PDTIP0016,ประกันอุบัติเหตุกลุ่ม PA Group (TIP),TIP,Non-Life,2,ประกันกลุ่ม,ประกันกลุ่ม,Group,Main,,,,,,,,,,,,,,,,,,,,,,,,,,,,,,,,,,,,,,,
883,CMTIP0017001,2026-03-02 00:00:00,9999-01-01 00:00:00,PDTIP0017,ประกันรถจักรยานยนต์ ชั้น 3 (TIP),TIP,Non-Life,2,การประกันรถโดยความสมัครใจ,,Motor,Main,,,,,,,,,,,,,,,,,,,,,,,,,,,,,,,,,,,,,,,
887,CMTIP0018001,2026-03-24 00:00:00,9999-01-01 00:00:00,PDTIP0018,ประกันสุขภาพกลุ่ม (TIP),TIP,Non-Life,2,การประกันภัยเบ็ดเตล็ด,สุขภาพ,Non-Motor,Main,,,,,,,,,,,,,,,,,,,,,,,,,,,,,,,,,,,,,,,
706,CMTLI0001001,2000-01-01 00:00:00,9999-01-01 00:00:00,PDTLI0001,คุ้มธนกิจ 99/20 (ไทยประกันชีวิต),TLI,Life,1,ประเภทสามัญ,ประกันตลอดชีพ,Life,Main,,,,,,,,,,,,,,,,,,,,,,,,,,,,,0,0,0,0,0,,,,,,
714,CMTLI0002001,2000-01-01 00:00:00,9999-01-01 00:00:00,PDTLI0002,ค่าชดเชยรายวัน (ร.พ.) (ไทยประกันชีวิต),TLI,Life,1,ประเภทสามัญ,อนุสัญญา,Rider,Rider,,,,,,,,,,,,,,,,,,,,,,,,,,,,,0,0,0,0,0,,,,,,
715,CMTLI0003001,2000-01-01 00:00:00,9999-01-01 00:00:00,PDTLI0003,เฮลท์ ฟิต วีไอพี ดีดักส์ (ทั่วโลก) (ไทยประกันชีวิต),TLI,Life,1,ประเภทสามัญ,อนุสัญญา,Rider,Rider,,,,,,,,,,,,,,,,,,,,,,,,,,,,,0,0,0,0,0,,,,,,
716,CMTLI00040001,2000-01-01 00:00:00,9999-01-01 00:00:00,PDTLI0004,เฮลท์ ฟิต ดีดี  (ไทยประกันชีวิต),TLI,Life,1,ประเภทสามัญ,อนุสัญญา,Rider,Rider,,,,,,,,,,,,,,,,,,,,,,,,,,,,,0,0,0,0,0,,,,,,
717,CMTLI0006001,2000-01-01 00:00:00,9999-01-01 00:00:00,PDTLI0006,"DD50, DD7, Lady Plus, Cancer Plus (ไทยประกันชีวิต)",TLI,Life,1,ประเภทสามัญ,อนุสัญญา,Rider,Rider,,,,,,,,,,,,,,,,,,,,,,,,,,,,,0,0,0,0,0,,,,,,
718,CMTLI00070001,2000-01-01 00:00:00,9999-01-01 00:00:00,PDTLI0007,"H&S, H&S_D (ไทยประกันชีวิต)",TLI,Life,1,ประเภทสามัญ,อนุสัญญา,Rider,Rider,,,,,,,,,,,,,,,,,,,,,,,,,,,,,0,0,0,0,0,,,,,,
719,CMTLI00090001,2000-01-01 00:00:00,9999-01-01 00:00:00,PDTLI0009,H&S เหมาจ่าย (ไทยประกันชีวิต),TLI,Life,1,ประเภทสามัญ,อนุสัญญา,Rider,Rider,,,,,,,,,,,,,,,,,,,,,,,,,,,,,0,0,0,0,0,,,,,,
720,CMTLI0011001,2000-01-01 00:00:00,9999-01-01 00:00:00,PDTLI0011,OPD (ไทยประกันชีวิต),TLI,Life,1,ประเภทสามัญ,อนุสัญญา,Rider,Rider,,,,,,,,,,,,,,,,,,,,,,,,,,,,,0,0,0,0,0,,,,,,
721,CMTLI0012001,2000-01-01 00:00:00,9999-01-01 00:00:00,PDTLI0012,HB (ไทยประกันชีวิต),TLI,Life,1,ประเภทสามัญ,อนุสัญญา,Rider,Rider,,,,,,,,,,,,,,,,,,,,,,,,,,,,,0,0,0,0,0,,,,,,
722,CMTLI0013001,2000-01-01 00:00:00,9999-01-01 00:00:00,PDTLI0013,AHB (ไทยประกันชีวิต),TLI,Life,1,ประเภทสามัญ,อนุสัญญา,Rider,Rider,,,,,,,,,,,,,,,,,,,,,,,,,,,,,0,0,0,0,0,,,,,,
723,CMTLI0014001,2000-01-01 00:00:00,9999-01-01 00:00:00,PDTLI0014,Term 5/5 (ไทยประกันชีวิต),TLI,Life,1,ประเภทสามัญ,อนุสัญญา,Rider,Rider,,,,,,,,,,,,,,,,,,,,,,,,,,,,,0,0,0,0,0,,,,,,
724,CMTLI0015001,2000-01-01 00:00:00,9999-01-01 00:00:00,PDTLI0015,"Term 10/10, 15/15, 19/19 (ไทยประกันชีวิต)",TLI,Life,1,ประเภทสามัญ,อนุสัญญา,Rider,Rider,,,,,,,,,,,,,,,,,,,,,,,,,,,,,0,0,0,0,0,,,,,,
730,CMTLI0017001,2000-01-01 00:00:00,9999-01-01 00:00:00,PDTLI0017,อุบัติเหตุ อ.บ. 3,TLI,Life,1,ประเภทสามัญ,อนุสัญญา,Rider,Rider,,,,,,,,,,,,,,,,,,,,,,,,,,,,,0,0,0,0,0,,,,,,
783,CMTLI0018001,2000-01-01 00:00:00,9999-01-01 00:00:00,PDTLI0018,T-Life ประกัน MRTA คุ้มครองสินเชื่อเพื่อประชาชน,TNL,Life,1,ประเภทสามัญ,อนุสัญญา,Rider,Rider,,,,,,,,,,,,,,,,,,,,,,,,,,,,,,,,,,,,,,,
798,CMTLI0019001,2000-01-01 00:00:00,9999-01-01 00:00:00,PDTLI0019,T-Life  Super Saving 3/1 (TNL),TNL,Life,1,ประเภทสามัญ,อนุสัญญา,Rider,Rider,,,,,,,,,,,,,,,,,,,,,,,,,,,,,,,,,,,,,,,
803,CMTLI0020001,2000-01-01 00:00:00,9999-01-01 00:00:00,PDTLI0020,คุ้มธนกิจ 99/99 (ไทยประกันชีวิต),TLI,Life,1,ประเภทสามัญ,ประกันตลอดชีพ,Life,Main,,,,,,,,,,,,,,,,,,,,,,,,0,0,0,0,0,,,,,,,,,,,
804,CMTLI0021001,2000-01-01 00:00:00,9999-01-01 00:00:00,PDTLI0021,ผลประโยชน์ยกเว้นเบี้ยประกันภัย กรณีทุพพลภาพถาวรสิ้นเชิง (ไทยประกันชีวิต),TLI,Life,1,ประเภทสามัญ,อนุสัญญา,Rider,Rider,,,,,,,,,,,,,,,,,,,,,,,,,,,,,,,,,,,,,,,
826,CMTNI0001001,2025-05-29 00:00:00,9999-01-01 00:00:00,PDTNI0001,ประกันรถยนต์ชั้น 1 ธนชาต ประกันภัย (TNI),TNI,Non-Life,2,การประกันรถโดยความสมัครใจ,,Motor,Main,,,,,,,,,,,,,,,,,,,,,,,,,,,,,,,,,,,,,,,
827,CMTNI0002001,2025-05-29 00:00:00,9999-01-01 00:00:00,PDTNI0002,พรบ รถยนต์ ธนชาต ประกันภัย (TNI),TNI,Non-Life,2,การประกันรถโดยข้อบังคับแห่งกฏหมาย,,Motor,Main,,,,,,,,,,,,,,,,,,,,,,,,,,,,,,,,,,,,,,,
833,CMTNI0003001,2025-06-27 00:00:00,9999-01-01 00:00:00,PDTNI0003,ประกันรถยนต์ชั้น 2 + [ธนชาติ ประกันภัย] (TNI),TNI,Non-Life,2,การประกันรถโดยความสมัครใจ,,Motor,Main,,,,,,,,,,,,,,,,,,,,,,,,,,,,,,,,,,,,,,,
841,CMTNI0004001,2025-08-06 00:00:00,9999-01-01 00:00:00,PDTNI0004,ประกันรถยนต์ชั้น 3  (TNI),TNI,Non-Life,2,การประกันรถโดยความสมัครใจ,,Motor,Main,,,,,,,,,,,,,,,,,,,,,,,,,,,,,,,,,,,,,,,
892,CMTNI0005001,2026-05-07 00:00:00,9999-01-01 00:00:00,PDTNI0005,ประกันอัคคีภัย มาตรฐาน (TNI),TNI,Non-Life,2,การประกันอัคคีภัย,อัคคีภัย,Non-Motor,Main,,,,,,,,,,,,,,,,,,,,,,,,,,,,,,,,,,,,,,,
865,CMTNL0001001,2025-12-11 00:00:00,9999-01-01 00:00:00,PDTNL0001,ประกันคุ้มครองวงเงินสินเชื่อ ทีไลฟ์ ประกันชีวิต (TNL),TNL,Life,1,ประกันกลุ่ม,ประกันกลุ่ม,Group,Main,,,,,,,,,,,,,,,,,,,,,,,,,,,,,,,,,,,,,,,
869,CMTNL0002001,2025-12-26 00:00:00,9999-01-01 00:00:00,PDTNL0002,T-Life Smart Saving 10/2 (TNL),TNL,Life,1,ประเภทสามัญ,ประกันสะสมทรัพย์,Life,Main,,,,,,,,,,,,,,,,,,,,,,,,,,,,,,,,,,,,,,,
870,CMTNL0003001,2025-12-29 00:00:00,9999-01-01 00:00:00,PDTNL0003,T-Life  Fast Saving 3/1 (TNL),TNL,Life,1,ประเภทสามัญ,ประกันสะสมทรัพย์,Life,Main,,,,,,,,,,,,,,,,,,,,,,,,,,,,,,,,,,,,,,,
871,CMTNL0004001,2025-12-29 00:00:00,9999-01-01 00:00:00,PDTNL0004,T Life Smart Saving 10/5 (TNL),TNL,Life,1,ประเภทสามัญ,ประกันสะสมทรัพย์,Life,Main,,,,,,,,,,,,,,,,,,,,,,,,,,,,,,,,,,,,,,,
872,CMTNL0005001,2025-12-29 00:00:00,9999-01-01 00:00:00,PDTNL0005,T Life Smart Saving 10/4 (TNL),TNL,Life,1,ประเภทสามัญ,ประกันสะสมทรัพย์,Life,Main,,,,,,,,,,,,,,,,,,,,,,,,,,,,,,,,,,,,,,,
881,CMTNL0006001,2026-02-11 00:00:00,9999-01-01 00:00:00,PDTNL0006,T Life Smart Saving 10/3 (TNL),TNL,Life,1,ประเภทสามัญ,ประกันสะสมทรัพย์,Life,Main,,,,,,,,,,,,,,,,,,,,,,,,,,,,,,,,,,,,,,,
505,CMTOK00010001,2000-01-01 00:00:00,9999-01-01 00:00:00,PDTOK0001,สะสมทรัพย์ EN6N,TOK,Life,1,ประเภทสามัญ,ประกันตลอดชีพ,Life,Main,0,20,,,,,0.15,0.06,0.04,0.03,0.03,0.03,0.03,,,,,0.12,0.042,0.028,0.021,0.021,0.021,0.021,0,0,0,,0.12,0.042,0.028,0.021,0.021,,,,,,
506,CMTOK00020001,2000-01-01 00:00:00,9999-01-01 00:00:00,PDTOK0002,สะสมทรัพย์ EN10,TOK,Life,1,ประเภทสามัญ,ประกันตลอดชีพ,Life,Main,0,65,100000,499999,,,0.09,0.04,0.03,0.01,0.01,0.01,0.01,,,,,0.072,0.028,0.021,0.007,0.007,0.007,0.007,0,0,0,,0.072,0.028,0.021,0.007,0.007,,,,,,
507,CMTOK00030001,2000-01-01 00:00:00,9999-01-01 00:00:00,PDTOK0003,สะสมทรัพย์ EN15,TOK,Life,1,ประเภทสามัญ,ประกันตลอดชีพ,Life,Main,0,60,100000,499999,,,0.17,0.07,0.05,0.02,0.01,0.01,0.01,,,,,0.136,0.049,0.035,0.014,0.007,0.007,0.007,0,0,0,,0.136,0.049,0.035,0.014,0.007,,,,,,
508,CMTOK00040001,2000-01-01 00:00:00,9999-01-01 00:00:00,PDTOK0004,สะสมทรัพย์ EN20,TOK,Life,1,ประเภทสามัญ,ประกันตลอดชีพ,Life,Main,0,55,100000,499999,,,0.2,0.08,0.05,0.02,0.01,0.01,0.01,,,,,0.16,0.056,0.035,0.014,0.007,0.007,0.007,0,0,0,,0.16,0.056,0.035,0.014,0.007,,,,,,
509,CMTOK00050001,2000-01-01 00:00:00,9999-01-01 00:00:00,PDTOK0005,สะสมทรัพย์ EN55,TOK,Life,1,ประเภทสามัญ,ประกันตลอดชีพ,Life,Main,16,35,200000,499999,,,0.2,0.08,0.05,0.02,0.01,0.01,0.01,,,,,0.16,0.056,0.035,0.014,0.007,0.007,0.007,0,0,0,,0.16,0.056,0.035,0.014,0.007,,,,,,
510,CMTOK00060001,2000-01-01 00:00:00,9999-01-01 00:00:00,PDTOK0006,สะสมทรัพย์ EN60,TOK,Life,1,ประเภทสามัญ,ประกันตลอดชีพ,Life,Main,16,35,200000,499999,,,0.21,0.09,0.06,0.02,0.01,0.01,0.01,,,,,0.168,0.063,0.042,0.014,0.007,0.007,0.007,0,0,0,,0.168,0.063,0.042,0.014,0.007,,,,,,
511,CMTOK0007001,2000-01-01 00:00:00,9999-01-01 00:00:00,PDTOK0007,โตเกียว ฟิวเจอร์ ไบรท์ 18/5 TFB1,TOK,Life,1,ประเภทสามัญ,,Life,Main,0,65,100000,,,,0.11,0.05,0.03,0.01,0.01,,,,,,,0.088,0.035,0.021,0.007,0.007,0,0,0,0,0,,0.088,0.035,0.021,0.007,0.007,,,,,,
512,CMTOK0008001,2000-01-01 00:00:00,9999-01-01 00:00:00,PDTOK0008,โตเกียว ฟิวเจอร์ ไบรท์ 22/10 TFB2,TOK,Life,1,ประเภทสามัญ,,Life,Main,0,65,100000,,,,0.14,0.06,0.04,0.02,0.01,0.01,0.01,0.01,0.01,0.01,,0.112,0.042,0.028,0.014,0.007,0.007,0.007,0.007,0.007,0.007,,0.112,0.042,0.028,0.014,0.007,,,,,,
513,CMTOK00090001,2000-01-01 00:00:00,9999-01-01 00:00:00,PDTOK0009,โตเกียว ซูเปอร์ โกรท 15/8 TSG1,TOK,Life,1,ประเภทสามัญ,,Life,Main,0,55,50000,,,,0.09,0.04,0.03,0.01,0.01,,,,,,,0.072,0.028,0.021,0.007,0.007,0,0,0,0,0,,0.072,0.028,0.021,0.007,0.007,,,,,,
514,CMTOK00100001,2000-01-01 00:00:00,9999-01-01 00:00:00,PDTOK0010,โตเกียว แทกซ์ เซฟเวอร์ 15/10 TTS1,TOK,Life,1,ประเภทสามัญ,,Life,Main,0,50,50000,,,,0.14,0.06,0.04,0.01,0.01,,,,,,,0.112,0.042,0.028,0.007,0.007,0,0,0,0,0,,0.112,0.042,0.028,0.007,0.007,,,,,,
515,CMTOK00110001,2000-01-01 00:00:00,9999-01-01 00:00:00,PDTOK0011,โตเกียว ซูเปอร์ โกรท 15/8 - GIO [TSG2],TOK,Life,1,ประเภทสามัญ,,Life,Main,0,55,50000,,,,0.09,0.04,0.03,0.01,0.01,,,,,,,0.072,0.028,0.021,0.007,0.007,0,0,0,0,0,,0.072,0.028,0.021,0.007,0.007,,,,,,
516,CMTOK00120001,2000-01-01 00:00:00,9999-01-01 00:00:00,PDTOK0012,โตเกียว แทกซ์ เซฟเวอร์ 15/10 - GIO [TTS2],TOK,Life,1,ประเภทสามัญ,,Life,Main,0,50,50000,,,,0.14,0.06,0.04,0.01,0.01,,,,,,,0.112,0.042,0.028,0.007,0.007,0,0,0,0,0,,0.112,0.042,0.028,0.007,0.007,,,,,,
517,CMTOK00130001,2000-01-01 00:00:00,9999-01-01 00:00:00,PDTOK0013,โตเกียว ชายด์ ชิลด์ 18/5 TCS1,TOK,Life,1,ประเภทสามัญ,,Life,Main,0,5,100000,,,,0.11,0.05,0.03,0.01,0.01,,,,,,,0.088,0.035,0.021,0.007,0.007,0,0,0,0,0,,0.088,0.035,0.021,0.007,0.007,,,,,,
518,CMTOK00140001,2000-01-01 00:00:00,9999-01-01 00:00:00,PDTOK0014,โตเกียว ชายด์ ชิลด์ 22/10 TCS2,TOK,Life,1,ประเภทสามัญ,,Life,Main,0,5,100000,,,,0.14,0.06,0.04,0.02,0.01,0.01,0.01,0.01,0.01,0.01,,0.112,0.042,0.028,0.014,0.007,0.007,0.007,0.007,0.007,0.007,,0.112,0.042,0.028,0.014,0.007,,,,,,
519,CMTOK0015001,2000-01-01 00:00:00,9999-01-01 00:00:00,PDTOK0015,แฮปปี้ รีฟันด์ 100% RP7N [Waive CC Fee],TOK,Life,1,ประเภทสามัญ,,Life,Main,0,60,250000,,,,0.07,0.04,0.02,0.02,0.02,0.02,0.02,0.02,0.02,0.02,,0.056,0.028,0.014,0.014,0.014,0.014,0.014,0.014,0.014,0.014,,0.056,0.028,0.014,0.014,0.014,,,,,,
520,CMTOK0016001,2000-01-01 00:00:00,9999-01-01 00:00:00,PDTOK0016,แฮปปี้ รีฟันด์ 50% RP8N [Waive CC Fee],TOK,Life,1,ประเภทสามัญ,,Life,Main,0,60,250000,,,,0.4,0.2,0.15,0.06,0.06,0.06,0.06,0.06,0.06,0.06,,0.32,0.14,0.105,0.042,0.042,0.042,0.042,0.042,0.042,0.042,,0.32,0.14,0.105,0.042,0.042,,,,,,
521,CMTOK0017001,2000-01-01 00:00:00,9999-01-01 00:00:00,PDTOK0017,แฮปปี้ รีฟันด์ 100% RP9N [Waive CC Fee],TOK,Life,1,ประเภทสามัญ,,Life,Main,0,60,250000,,,,0.2,0.08,0.05,0.01,0.01,0.01,0.01,0.01,0.01,0.01,0.01,0.16,0.056,0.035,0.007,0.007,0.007,0.007,0.007,0.007,0.007,,0.16,0.056,0.035,0.007,0.007,,,,,,
522,CMTOK00180001,2000-01-01 00:00:00,9999-01-01 00:00:00,PDTOK0018,แฮปปี้ รีฟันด์ 100% RP10 [Waive CC Fee],TOK,Life,1,ประเภทสามัญ,,Life,Main,0,60,250000,499999,,,0.3,0.15,0.1,0.01,0.01,0.01,0.01,0.01,0.01,0.01,0.01,0.24,0.105,0.07,0.007,0.007,0.007,0.007,0.007,0.007,0.007,,0.24,0.105,0.07,0.007,0.007,,,,,,
523,CMTOK00190001,2000-01-01 00:00:00,9999-01-01 00:00:00,PDTOK0019,โตเกียว ไฮ แวลู @85/5 HV05,TOK,Life,1,ประเภทสามัญ,,Life,Main,,,,,,,0.12,0.06,0.03,0.02,0.02,,,,,,,0.096,0.042,0.021,0.014,0.014,0,0,0,0,0,,0.096,0.042,0.021,0.014,0.014,,,,,,
524,CMTOK00200001,2000-01-01 00:00:00,9999-01-01 00:00:00,PDTOK0020,โตเกียว ไฮ แวลู @85/10 HV10,TOK,Life,1,ประเภทสามัญ,,Life,Main,,,,,,,0.2,0.1,0.06,0.05,0.03,0.03,0.03,0.03,,,,0.16,0.07,0.042,0.035,0.021,0.021,0.021,0.021,0,0,,0.16,0.07,0.042,0.035,0.021,,,,,,
525,CMTOK00210001,2000-01-01 00:00:00,9999-01-01 00:00:00,PDTOK0021,โตเกียว ไฮ แวลู @85/@85 HV85,TOK,Life,1,ประเภทสามัญ,,Life,Main,,,,,,,0.35,0.25,0.2,0.1,0.05,0.05,0.05,0.03,,,0.03,0.28,0.175,0.14,0.07,0.035,0.035,0.035,0.021,0,0,,0.28,0.175,0.14,0.07,0.035,,,,,,
526,CMTOK00220001,2000-01-01 00:00:00,9999-01-01 00:00:00,PDTOK0022,โตเกียว ไฮ แวลู A85/5 HV05,TOK,Life,1,ประเภทสามัญ,,Life,Main,20,50,100000,2999999,,,0.12,0.06,0.03,0.02,0.02,,,,,,,0.096,0.042,0.021,0.014,0.014,0,0,0,0,0,,0.096,0.042,0.021,0.014,0.014,,,,,,
527,CMTOK00230001,2000-01-01 00:00:00,9999-01-01 00:00:00,PDTOK0023,โตเกียว ไฮ แวลู A85/10 HV10,TOK,Life,1,ประเภทสามัญ,,Life,Main,20,50,100000,2999999,,,0.2,0.1,0.06,0.05,0.03,0.03,0.03,0.03,0.03,0.03,,0.16,0.07,0.042,0.035,0.021,0.021,0.021,0.021,0.021,0.021,,0.16,0.07,0.042,0.035,0.021,,,,,,
528,CMTOK00240001,2000-01-01 00:00:00,9999-01-01 00:00:00,PDTOK0024,โตเกียว ไฮ แวลู A85/@85 HV85,TOK,Life,1,ประเภทสามัญ,,Life,Main,20,50,100000,,,,0.35,0.25,0.2,0.1,0.05,0.05,0.05,0.03,0.03,0.03,0.03,0.28,0.175,0.14,0.07,0.035,0.035,0.035,0.021,0.021,0.021,,0.28,0.175,0.14,0.07,0.035,,,,,,
529,CMTOK00250001,2000-01-01 00:00:00,9999-01-01 00:00:00,PDTOK0025,โตเกียว ไฮ แวลู @85/10 HV1N,TOK,Life,1,ประเภทสามัญ,,Life,Main,20,70,100000,2999999,,,0.15,0.06,0.04,0.03,0.02,0.01,0.01,0.01,0.01,0.01,,0.12,0.042,0.028,0.021,0.014,0.007,0.007,0.007,0.007,0.007,,0.12,0.042,0.028,0.021,0.014,,,,,,
530,CMTOK00260001,2000-01-01 00:00:00,9999-01-01 00:00:00,PDTOK0026,โตเกียว ไฮ แวลู @85/@85 HV2N,TOK,Life,1,ประเภทสามัญ,ประกันตลอดชีพ,Life,Main,20,60,100000,2999999,,,0.3,0.15,0.1,0.05,0.05,0.05,0.05,0.03,0.03,0.03,0.03,0.24,0.105,0.07,0.035,0.035,0.035,0.035,0.021,0.021,0.021,,0.24,0.105,0.07,0.035,0.035,,,,,,
531,CMTOK0027001,2000-01-01 00:00:00,9999-01-01 00:00:00,PDTOK0027,"โตเกียว แฮปปี้ ไลฟ์ (@90/10, @90/15, @90/20) HL2N/ HL3N/ HL4N",TOK,Life,1,ประเภทสามัญ,,Life,Main,0,60,100000,249999,,,0.25,1,0.08,0.03,0.03,0.03,0.03,0.03,0.03,0.03,,0.2,0.7,0.056,0.021,0.021,0.021,0.021,0.021,0.021,0.021,,0.2,0.7,0.056,0.021,0.021,,,,,,
532,CMTOK00280001,2000-01-01 00:00:00,9999-01-01 00:00:00,PDTOK0028,"แฮปปี้ ไลฟ์ (@90/10, @90/15, @90/20) HL2N/ HL3N/ HL4N",TOK,Life,1,ประเภทสามัญ,,Life,Main,0,60,250000,499999,,,3,0.14,1,0.08,0.05,0.05,0.05,0.05,0.05,0.05,,2.4,0.098,0.7,0.056,0.035,0.035,0.035,0.035,0.035,0.035,,2.4,0.098,0.7,0.056,0.035,,,,,,
533,CMTOK00290001,2000-01-01 00:00:00,9999-01-01 00:00:00,PDTOK0029,โตเกียว ซิมเพิลไลฟ์ (@90/10) WL 17,TOK,Life,1,ประเภทสามัญ,,Life,Main,0,29,100000,199999,,,0.18,0.08,0.05,0.03,0.03,0.03,0.03,0.03,0.03,0.03,,0.144,0.056,0.035,0.021,0.021,0.021,0.021,0.021,0.021,0.021,,0.144,0.056,0.035,0.021,0.021,,,,,,
534,CMTOK00300001,2000-01-01 00:00:00,9999-01-01 00:00:00,PDTOK0030,โตเกียว ซิมเพิลไลฟ์ (@90/15) WL 18,TOK,Life,1,ประเภทสามัญ,,Life,Main,0,29,100000,199999,,,0.27,0.11,0.07,0.03,0.03,0.03,0.03,0.03,0.03,0.03,,0.216,0.077,0.049,0.021,0.021,0.021,0.021,0.021,0.021,0.021,,0.216,0.077,0.049,0.021,0.021,,,,,,
535,CMTOK00310001,2000-01-01 00:00:00,9999-01-01 00:00:00,PDTOK0031,โตเกียว ซิมเพิลไลฟ์ (@90/20) WL 19,TOK,Life,1,ประเภทสามัญ,ประกันตลอดชีพ,Life,Main,0,29,100000,199999,,,0.27,0.11,0.07,0.03,0.03,0.03,0.03,0.03,0.03,0.03,,0.216,0.077,0.049,0.021,0.021,0.021,0.021,0.021,0.021,0.021,,0.216,0.077,0.049,0.021,0.021,,,,,,
536,CMTOK00320001,2000-01-01 00:00:00,9999-01-01 00:00:00,PDTOK0032,โตเกียว ซิมเพิลไลฟ์ (@90/@90) WL 20,TOK,Life,1,ประเภทสามัญ,,Life,Main,16,29,100000,199999,,,3,0.12,0.08,0.03,0.03,0.03,0.03,0.03,0.03,0.03,,2.4,0.084,0.056,0.021,0.021,0.021,0.021,0.021,0.021,0.021,,2.4,0.084,0.056,0.021,0.021,,,,,,
537,CMTOK00330001,2000-01-01 00:00:00,9999-01-01 00:00:00,PDTOK0033,โตเกียว อีซี่ ไลฟ์ (@90/5) EL1N,TOK,Life,1,ประเภทสามัญ,,Life,Main,0,29,100000,149999,,,0.07,0.03,0.02,0.02,0.02,,,,,,,0.056,0.021,0.014,0.014,0.014,0,0,0,0,0,,0.056,0.021,0.014,0.014,0.014,,,,,,
538,CMTOK00340001,2000-01-01 00:00:00,9999-01-01 00:00:00,PDTOK0034,โตเกียว อีซี่ ไลฟ์ (@90/10) EL2N,TOK,Life,1,ประเภทสามัญ,,Life,Main,0,29,100000,149999,,,0.08,0.04,0.02,0.02,0.02,0.01,0.01,0.01,0.01,0.01,,0.064,0.028,0.014,0.014,0.014,0.007,0.007,0.007,0.007,0.007,,0.064,0.028,0.014,0.014,0.014,,,,,,
539,CMTOK00350001,2000-01-01 00:00:00,9999-01-01 00:00:00,PDTOK0035,โตเกียว อีซี่ ไลฟ์ (@90/15) EL3N,TOK,Life,1,ประเภทสามัญ,,Life,Main,0,29,100000,149999,,,0.1,0.04,0.03,0.02,0.02,0.02,0.02,0.02,0.02,0.02,0.02,0.08,0.028,0.021,0.014,0.014,0.014,0.014,0.014,0.014,0.014,,0.08,0.028,0.021,0.014,0.014,,,,,,
540,CMTOK00360001,2000-01-01 00:00:00,9999-01-01 00:00:00,PDTOK0036,โตเกียว อีซี่ ไลฟ์ (@90/20) EL4N,TOK,Life,1,ประเภทสามัญ,,Life,Main,0,29,100000,149999,,,0.15,0.06,0.04,0.02,0.02,0.02,0.02,0.02,0.02,0.02,0.02,0.12,0.042,0.028,0.014,0.014,0.014,0.014,0.014,0.014,0.014,,0.12,0.042,0.028,0.014,0.014,,,,,,
541,CMTOK00370001,2000-01-01 00:00:00,9999-01-01 00:00:00,PDTOK0037,โตเกียว ยัง แฮปปี้ แอนนิวตี้ 55 ชำเบี้ย 5 ปี,TOK,Life,1,ประเภทสามัญ,,Life,Main,20,30,150000,,,,0.1,0.04,0.03,0.03,0.03,,,,,,,0.08,0.028,0.021,0.021,0.021,0,0,0,0,0,,0.08,0.028,0.021,0.021,0.021,,,,,,
542,CMTOK00380001,2000-01-01 00:00:00,9999-01-01 00:00:00,PDTOK0038,โตเกียว ยัง แฮปปี้ แอนนิวตี้ 55 ชำเบี้ย 15 ปี,TOK,Life,1,ประเภทสามัญ,,Life,Main,20,30,150000,,,,0.17,0.07,0.05,0.05,0.05,,,,,,,0.136,0.049,0.035,0.035,0.035,0,0,0,0,0,,0.136,0.049,0.035,0.035,0.035,,,,,,
543,CMTOK00390001,2000-01-01 00:00:00,9999-01-01 00:00:00,PDTOK0039,โตเกียว ยัง แฮปปี้ แอนนิวตี้ 55 ชำเบี้ย ครบอายุ 55 ปี,TOK,Life,1,ประเภทสามัญ,,Life,Main,20,30,150000,,,,0.19,0.08,0.05,0.05,0.05,,,,,,,0.152,0.056,0.035,0.035,0.035,0,0,0,0,0,,0.152,0.056,0.035,0.035,0.035,,,,,,
544,CMTOK00400001,2000-01-01 00:00:00,9999-01-01 00:00:00,PDTOK0040,โตเกียว ยัง แฮปปี้ แอนนิวตี้ 60 ชำเบี้ย 5 ปี,TOK,Life,1,ประเภทสามัญ,,Life,Main,20,30,150000,,,,0.09,0.04,0.03,0.03,0.03,,,,,,,0.072,0.028,0.021,0.021,0.021,0,0,0,0,0,,0.072,0.028,0.021,0.021,0.021,,,,,,
545,CMTOK00410001,2000-01-01 00:00:00,9999-01-01 00:00:00,PDTOK0041,โตเกียว ยัง แฮปปี้ แอนนิวตี้ 60 ชำเบี้ย 15 ปี,TOK,Life,1,ประเภทสามัญ,,Life,Main,20,30,150000,,,,0.16,0.07,0.04,0.04,0.04,,,,,,,0.128,0.049,0.028,0.028,0.028,0,0,0,0,0,,0.128,0.049,0.028,0.028,0.028,,,,,,
546,CMTOK00420001,2000-01-01 00:00:00,9999-01-01 00:00:00,PDTOK0042,โตเกียว ยัง แฮปปี้ แอนนิวตี้ 60 ชำเบี้ย ครบอายุ 60 ปี,TOK,Life,1,ประเภทสามัญ,,Life,Main,20,30,150000,,,,0.18,0.08,0.05,0.05,0.05,,,,,,,0.144,0.056,0.035,0.035,0.035,0,0,0,0,0,,0.144,0.056,0.035,0.035,0.035,,,,,,
547,CMTOK00430001,2000-01-01 00:00:00,9999-01-01 00:00:00,PDTOK0043,โตเกียว ยัง แฮปปี้ แอนนิวตี้ 65 ชำเบี้ย 5 ปี,TOK,Life,1,ประเภทสามัญ,,Life,Main,20,30,150000,,,,0.07,0.03,0.02,0.02,0.02,,,,,,,0.056,0.021,0.014,0.014,0.014,0,0,0,0,0,,0.056,0.021,0.014,0.014,0.014,,,,,,
548,CMTOK00440001,2000-01-01 00:00:00,9999-01-01 00:00:00,PDTOK0044,โตเกียว ยัง แฮปปี้ แอนนิวตี้ 65 ชำเบี้ย 15 ปี,TOK,Life,1,ประเภทสามัญ,,Life,Main,20,30,150000,,,,0.14,0.06,0.04,0.04,0.04,,,,,,,0.112,0.042,0.028,0.028,0.028,0,0,0,0,0,,0.112,0.042,0.028,0.028,0.028,,,,,,
549,CMTOK00450001,2000-01-01 00:00:00,9999-01-01 00:00:00,PDTOK0045,โตเกียว ยัง แฮปปี้ แอนนิวตี้ 65 ชำเบี้ย ครบอายุ 65 ปี,TOK,Life,1,ประเภทสามัญ,,Life,Main,20,30,150000,,,,0.16,0.07,0.04,0.04,0.04,,,,,,,0.128,0.049,0.028,0.028,0.028,0,0,0,0,0,,0.128,0.049,0.028,0.028,0.028,,,,,,
550,CMTOK0046001,2000-01-01 00:00:00,9999-01-01 00:00:00,PDTOK0046,กรมธรรม์ประกันชีวิตแบบชั่วระยะเวลา (Term),TOK,Life,1,ประเภทสามัญ,,Life,Main,,,,,,,,,,,,,,,,,,0,0,0,0,0,0,0,0,0,0,,0,0,0,0,0,,,,,,
551,CMTOK00470001,2000-01-01 00:00:00,9999-01-01 00:00:00,PDTOK0047,ชั่วระยะเวลา LT3N [Waive CC Fee] ชำระเบี้ย 5 ปี ถึง 9,TOK,Life,1,ประเภทสามัญ,,Life,Main,0,15,1000000,,,,0.4,0.4,0.4,0.05,0.05,0.05,0.05,0.05,0.05,,,0.32,0.28,0.28,0.035,0.035,0.035,0.035,0.035,0.035,0,,0.32,0.28,0.28,0.035,0.035,,,,,,
552,CMTOK00480001,2000-01-01 00:00:00,9999-01-01 00:00:00,PDTOK0048,ชั่วระยะเวลา LT3N [Waive CC Fee] ชำระเบี้ย 10 ปี ถึง 59,TOK,Life,1,ประเภทสามัญ,,Life,Main,0,15,1000000,,,,0.4,0.4,0.4,0.1,0.1,0.1,0.1,0.1,0.1,0.1,0.1,0.32,0.28,0.28,0.07,0.07,0.07,0.07,0.07,0.07,0.07,,0.32,0.28,0.28,0.07,0.07,,,,,,
553,CMTOK00490001,2000-01-01 00:00:00,9999-01-01 00:00:00,PDTOK0049,"มั้นท์ลี่ แคร์ MC4N [Waive CC Fee] 10/10, 15/15, 20/20, 25/25, 30/30",TOK,Life,1,ประเภทสามัญ,,Life,Main,,,0,50000,,,0.35,0.15,0.1,0.1,0.1,0.1,0.1,0.1,0.1,0.1,0.1,0.28,0.105,0.07,0.07,0.07,0.07,0.07,0.07,0.07,0.07,,0.28,0.105,0.07,0.07,0.07,,,,,,
554,CMTOK00500001,2000-01-01 00:00:00,9999-01-01 00:00:00,PDTOK0050,โตเกียว เทอม ไลฟ์ LT4N A90/A90,TOK,Life,1,ประเภทสามัญ,,Life,Main,0,15,0,400000,,,0.2,0.15,0.1,0.1,0.1,0.05,0.05,0.05,0.05,0.05,0,0.16,0.105,0.07,0.07,0.07,0.035,0.035,0.035,0.035,0.035,,0.16,0.105,0.07,0.07,0.07,,,,,,
555,CMTOK0051001,2000-01-01 00:00:00,9999-01-01 00:00:00,PDTOK0051,กรมธรรม์ประกันชีวิตแบบอื่นๆ (Other),TOK,Life,1,ประเภทสามัญ,,Life,Main,,,,,,,,,,,,,,,,,,0,0,0,0,0,0,0,0,0,0,,0,0,0,0,0,,,,,,
556,CMTOK00520001,2000-01-01 00:00:00,9999-01-01 00:00:00,PDTOK0052,สมาร์ท แพลนนิ่ง 550 [550A] ชำระเบี้ย 5 ปี,TOK,Life,1,ประเภทสามัญ,,Life,Main,30,40,100000,499999,,,0.12,0.05,0.03,0.03,0.03,,,,,,,0.096,0.035,0.021,0.021,0.021,0,0,0,0,0,,0.096,0.035,0.021,0.021,0.021,,,,,,
557,CMTOK00530001,2000-01-01 00:00:00,9999-01-01 00:00:00,PDTOK0053,สมาร์ท แพลนนิ่ง 550 [550B] ชำระเบี้ย 10 ปี,TOK,Life,1,ประเภทสามัญ,,Life,Main,30,40,100000,499999,,,0.15,0.06,0.04,0.03,0.03,,,,,,,0.12,0.042,0.028,0.021,0.021,0,0,0,0,0,,0.12,0.042,0.028,0.021,0.021,,,,,,
558,CMTOK00540001,2000-01-01 00:00:00,9999-01-01 00:00:00,PDTOK0054,สมาร์ท แพลนนิ่ง 550 [550C] ชำระเบี้ย 15 ปี,TOK,Life,1,ประเภทสามัญ,,Life,Main,30,40,100000,499999,,,0.15,0.06,0.04,0.03,0.03,,,,,,,0.12,0.042,0.028,0.021,0.021,0,0,0,0,0,,0.12,0.042,0.028,0.021,0.021,,,,,,
559,CMTOK00550001,2000-01-01 00:00:00,9999-01-01 00:00:00,PDTOK0055,สมาร์ท แพลนนิ่ง 550 [550D] ชำระเบี้ย อายุครบ 60 ปี,TOK,Life,1,ประเภทสามัญ,,Life,Main,30,40,100000,499999,,,0.18,0.08,0.05,0.03,0.03,,,,,,,0.144,0.056,0.035,0.021,0.021,0,0,0,0,0,,0.144,0.056,0.035,0.021,0.021,,,,,,
560,CMTOK00560001,2000-01-01 00:00:00,9999-01-01 00:00:00,PDTOK0056,สมาร์ท แพลนนิ่ง 800 [800E] ชำระเบี้ย 5 ปี,TOK,Life,1,ประเภทสามัญ,,Life,Main,30,40,100000,499999,,,0.17,0.08,0.05,0.01,0.01,,,,,,,0.136,0.056,0.035,0.007,0.007,0,0,0,0,0,,0.136,0.056,0.035,0.007,0.007,,,,,,
561,CMTOK00570001,2000-01-01 00:00:00,9999-01-01 00:00:00,PDTOK0057,สมาร์ท แพลนนิ่ง 800 [800F] ชำระเบี้ย 10 ปี,TOK,Life,1,ประเภทสามัญ,,Life,Main,30,40,100000,499999,,,0.19,0.08,0.05,0.01,0.01,,,,,,,0.152,0.056,0.035,0.007,0.007,0,0,0,0,0,,0.152,0.056,0.035,0.007,0.007,,,,,,
562,CMTOK00580001,2000-01-01 00:00:00,9999-01-01 00:00:00,PDTOK0058,สมาร์ท แพลนนิ่ง 800 [800G] ชำระเบี้ย 15 ปี,TOK,Life,1,ประเภทสามัญ,,Life,Main,30,40,100000,499999,,,0.2,0.08,0.05,0.01,0.01,,,,,,,0.16,0.056,0.035,0.007,0.007,0,0,0,0,0,,0.16,0.056,0.035,0.007,0.007,,,,,,
563,CMTOK00590001,2000-01-01 00:00:00,9999-01-01 00:00:00,PDTOK0059,สมาร์ท แพลนนิ่ง 800 [800H] ชำระเบี้ย อายุครบ 60 ปี,TOK,Life,1,ประเภทสามัญ,,Life,Main,30,40,100000,499999,,,0.21,0.09,0.06,0.01,0.01,,,,,,,0.168,0.063,0.042,0.007,0.007,0,0,0,0,0,,0.168,0.063,0.042,0.007,0.007,,,,,,
564,CMTOK00600001,2000-01-01 00:00:00,9999-01-01 00:00:00,PDTOK0060,สมาร์ท แพลนนิ่ง 1000 [100A] ชำระเบี้ย 5 ปี,TOK,Life,1,ประเภทสามัญ,,Life,Main,30,40,100000,499999,,,0.06,0.03,0.02,0.02,0.02,,,,,,,0.048,0.021,0.014,0.014,0.014,0,0,0,0,0,,0.048,0.021,0.014,0.014,0.014,,,,,,
565,CMTOK00610001,2000-01-01 00:00:00,9999-01-01 00:00:00,PDTOK0061,สมาร์ท แพลนนิ่ง 1000 [100B] ชำระเบี้ย 10 ปี,TOK,Life,1,ประเภทสามัญ,,Life,Main,30,40,100000,499999,,,0.13,0.06,0.04,0.03,0.03,,,,,,,0.104,0.042,0.028,0.021,0.021,0,0,0,0,0,,0.104,0.042,0.028,0.021,0.021,,,,,,
566,CMTOK00620001,2000-01-01 00:00:00,9999-01-01 00:00:00,PDTOK0062,สมาร์ท แพลนนิ่ง 1000 [100C] ชำระเบี้ย 15 ปี,TOK,Life,1,ประเภทสามัญ,,Life,Main,30,40,100000,499999,,,0.17,0.07,0.05,0.03,0.03,,,,,,,0.136,0.049,0.035,0.021,0.021,0,0,0,0,0,,0.136,0.049,0.035,0.021,0.021,,,,,,
567,CMTOK00630001,2000-01-01 00:00:00,9999-01-01 00:00:00,PDTOK0063,สมาร์ท แพลนนิ่ง 1000 [100D] ชำระเบี้ย อายุครบ 60 ปี,TOK,Life,1,ประเภทสามัญ,,Life,Main,30,40,100000,499999,,,0.18,0.08,0.05,0.03,0.03,,,,,,,0.144,0.056,0.035,0.021,0.021,0,0,0,0,0,,0.144,0.056,0.035,0.021,0.021,,,,,,
568,CMTOK0064001,2000-01-01 00:00:00,9999-01-01 00:00:00,PDTOK0064,โตเกียว ลิงค์ URP1  [Waive CC Fee],TOK,Life,1,ประเภทสามัญ,,Life,Main,0,70,96000,,,,0.3,0.2,0.1,0.05,0.01,0.01,0.01,0.01,0.01,0.01,0.01,0.24,0.14,0.07,0.035,0.007,0.007,0.007,0.007,0.007,0.007,,0.24,0.14,0.07,0.035,0.007,,,,,,
569,CMTOK0065001,2000-01-01 00:00:00,9999-01-01 00:00:00,PDTOK0065,โตเกียว ลิงค์ URS1,TOK,Life,1,ประเภทสามัญ,,Life,Main,0,70,96000,,,,0.04,0.02,0.02,0.005,0.005,0.005,0.005,0.005,0.005,0.005,0.005,0.032,0.014,0.014,0.0035,0.0035,0.0035,0.0035,0.0035,0.0035,0.0035,,0.032,0.014,0.014,0.0035,0.0035,,,,,,
570,CMTOK0066001,2000-01-01 00:00:00,9999-01-01 00:00:00,PDTOK0066,โตเกียว ลิงค์ UST1,TOK,Life,1,ประเภทสามัญ,,Life,Main,0,70,96000,,,,0.005,0.005,0.005,0.005,0.005,0.005,0.005,0.005,0.005,0.005,0.005,0.004,0.0035,0.0035,0.0035,0.0035,0.0035,0.0035,0.0035,0.0035,0.0035,,0.004,0.0035,0.0035,0.0035,0.0035,,,,,,
571,CMTOK0067001,2000-01-01 00:00:00,9999-01-01 00:00:00,PDTOK0067,พี่เอ ซูเปอร์ แคร์ PA38-PA42,TOK,Life,1,ประเภทสามัญ,,Life,Main,0,65,,,,,0.15,0.15,0.15,0.15,0.15,0.15,0.15,0.15,0.15,0.15,0.15,0.12,0.105,0.105,0.105,0.105,0.105,0.105,0.105,0.105,0.105,,0.12,0.105,0.105,0.105,0.105,,,,,,
572,CMTOK0068001,2000-01-01 00:00:00,9999-01-01 00:00:00,PDTOK0068,พี่เอ เพรสทิจ แคร์ PA43-PA48,TOK,Life,1,ประเภทสามัญ,,Life,Main,16,65,,,,,0.15,0.15,0.15,0.15,0.15,0.15,0.15,0.15,0.15,0.15,0.15,0.12,0.105,0.105,0.105,0.105,0.105,0.105,0.105,0.105,0.105,,0.12,0.105,0.105,0.105,0.105,,,,,,
573,CMTOK0069001,2000-01-01 00:00:00,9999-01-01 00:00:00,PDTOK0069,พี่เอ พลัส 1 (ซื้อเพิ่มเติม) K10B - K25C,TOK,Life,1,ประเภทสามัญ,อนุสัญญา,Rider,Rider,0,65,,,,,0.15,0.15,0.15,0.15,0.15,0.15,0.15,0.15,0.15,0.15,0.15,0.12,0.105,0.105,0.105,0.105,0.105,0.105,0.105,0.105,0.105,,0.12,0.105,0.105,0.105,0.105,,,,,,
574,CMTOK00700001,2000-01-01 00:00:00,9999-01-01 00:00:00,PDTOK0070,พี่เอ พลัส 2 (ซื้อเพิ่มเติม) HI5A - H50A,TOK,Life,1,ประเภทสามัญ,อนุสัญญา,Rider,Rider,0,65,,,,,0.15,0.15,0.15,0.15,0.15,0.15,0.15,0.15,0.15,0.15,0.15,0.12,0.105,0.105,0.105,0.105,0.105,0.105,0.105,0.105,0.105,,0.12,0.105,0.105,0.105,0.105,,,,,,
657,CMTOK0071001,2000-01-01 00:00:00,9999-01-01 00:00:00,PDTOK0071,ประกันคุ้มครองวงเงินสินเชื่อรถจักรยานยนต์ Tokio,TOK,Life,1,ประกันกลุ่ม,ประกันกลุ่ม,Group,Main,,,,,,,,,,,,,,,,,,0,0,0,0,0,0,0,0,0,0,,0,0,0,0,0,,,,,,
658,CMTOK0072001,2000-01-01 00:00:00,9999-01-01 00:00:00,PDTOK0072,ประกันคุ้มครองวงเงินสินเชื่อรถยนต์ Tokio,TOK,Life,1,ประกันกลุ่ม,ประกันกลุ่ม,Group,Main,,,,,,,,,,,,,,,,,,0,0,0,0,0,0,0,0,0,0,,0,0,0,0,0,,,,,,
659,CMTOK00730001,2000-01-01 00:00:00,9999-01-01 00:00:00,PDTOK0073,สัญญาเพิ่มเติมค่ารักษาพยาบาลและศัลยกรรม HS2N,TOK,Life,1,ประเภทสามัญ,อนุสัญญา,Rider,Rider,9,70,3000,4000,,,0.25,0.15,0.06,0.05,0.05,0.05,0.05,0.05,0.05,0.05,0.05,0.2,0.105,0.042,0.035,0.035,0.035,0.035,0.035,0.035,0.035,,0.2,0.105,0.042,0.035,0.035,,,,,,
660,CMTOK0074001,2000-01-01 00:00:00,9999-01-01 00:00:00,PDTOK0074,สัญญาเพิ่มเติมโตเกียว แฮปปี้ เฮลท์ HS3N,TOK,Life,1,ประเภทสามัญ,อนุสัญญา,Rider,Rider,0,5,,,,,0.1,0.05,0.05,0.05,0.05,0.05,0.05,0.05,0.05,0.05,0.03,0.08,0.035,0.035,0.035,0.035,0.035,0.035,0.035,0.035,0.035,,0.08,0.035,0.035,0.035,0.035,,,,,,
661,CMTOK00750001,2000-01-01 00:00:00,9999-01-01 00:00:00,PDTOK0075,สัญญาเพิ่มเติมค่ารักษาพยาบาลและศัลยกรรม HS3N,TOK,Life,1,ประเภทสามัญ,อนุสัญญา,Rider,Rider,6,15,,,,,0.1,0.1,0.1,0.1,0.05,0.05,0.05,0.05,0.05,0.05,0.03,0.08,0.07,0.07,0.07,0.035,0.035,0.035,0.035,0.035,0.035,,0.08,0.07,0.07,0.07,0.035,,,,,,
662,CMTOK00760001,2000-01-01 00:00:00,9999-01-01 00:00:00,PDTOK0076,สัญญาเพิ่มเติมโตเกียว แฮปปี้ เฮลท์ แบบมีส่วนร่วมจ่าย (Co-Payment) HS4N,TOK,Life,1,ประเภทสามัญ,อนุสัญญา,Rider,Rider,0,5,,,,,0.1,0.05,0.05,0.05,0.05,0.05,0.05,0.05,0.05,0.05,0.03,0.08,0.035,0.035,0.035,0.035,0.035,0.035,0.035,0.035,0.035,,0.08,0.035,0.035,0.035,0.035,,,,,,
663,CMTOK0077001,2000-01-01 00:00:00,9999-01-01 00:00:00,PDTOK0077,สัญญาเพิ่มเติมชดเชยรายวัน HB-N,TOK,Life,1,ประเภทสามัญ,อนุสัญญา,Rider,Rider,6,65,500,,,,0.35,0.15,0.1,0.1,0.1,0.1,0.1,0.1,0.1,0.1,0.1,0.28,0.105,0.07,0.07,0.07,0.07,0.07,0.07,0.07,0.07,,0.28,0.105,0.07,0.07,0.07,,,,,,
664,CMTOK0078001,2000-01-01 00:00:00,9999-01-01 00:00:00,PDTOK0078,สัญญาเพิ่มเติมชูเปอร์แพลน HBSP,TOK,Life,1,ประเภทสามัญ,อนุสัญญา,Rider,Rider,6,65,500,,,,0.25,0.15,0.08,0.08,0.08,0.08,0.08,0.07,0.07,0.07,0.07,0.2,0.105,0.056,0.056,0.056,0.056,0.056,0.049,0.049,0.049,,0.2,0.105,0.056,0.056,0.056,,,,,,
665,CMTOK00790001,2000-01-01 00:00:00,9999-01-01 00:00:00,PDTOK0079,สัญญาเพิ่มเติมโตเกียว กู๊ด เฮลธ์ HSGH,TOK,Life,1,ประเภทสามัญ,อนุสัญญา,Rider,Rider,0,5,,,,,0.05,0.05,0.05,0.05,0.05,0.05,0.05,0.05,0.05,0.05,0.05,0.04,0.035,0.035,0.035,0.035,0.035,0.035,0.035,0.035,0.035,,0.04,0.035,0.035,0.035,0.035,,,,,,
666,CMTOK0080001,2000-01-01 00:00:00,9999-01-01 00:00:00,PDTOK0080,สัญญาเพิ่มเติมคุ้มครองค่ารักษาพยาบาลแบบผู้ป่วยนอก OPD1,TOK,Life,1,ประเภทสามัญ,อนุสัญญา,Rider,Rider,1,60,,,,,0.1,0.1,0.1,0.1,0.1,0.1,0.1,0.1,0.1,0.1,0.1,0.08,0.07,0.07,0.07,0.07,0.07,0.07,0.07,0.07,0.07,,0.08,0.07,0.07,0.07,0.07,,,,,,
667,CMTOK0081001,2000-01-01 00:00:00,9999-01-01 00:00:00,PDTOK0081,สัญญาเพิ่มเติมคุ้มครองค่ารักษาพยาบาลแบบผู้ป่วยนอก แบบ Co-Payment OPD2,TOK,Life,1,ประเภทสามัญ,อนุสัญญา,Rider,Rider,1,60,,,,,0.1,0.1,0.1,0.1,0.1,0.1,0.1,0.1,0.1,0.1,0.1,0.08,0.07,0.07,0.07,0.07,0.07,0.07,0.07,0.07,0.07,,0.08,0.07,0.07,0.07,0.07,,,,,,
668,CMTOK0082001,2000-01-01 00:00:00,9999-01-01 00:00:00,PDTOK0082,สัญญาเพิ่มเติมทุพพลภาพ (Disability Rider),TOK,Life,1,ประเภทสามัญ,อนุสัญญา,Rider,Rider,,,,,,,,,,,,,,,,,,0,0,0,0,0,0,0,0,0,0,,0,0,0,0,0,,,,,,
669,CMTOK0083001,2000-01-01 00:00:00,9999-01-01 00:00:00,PDTOK0083,"สัญญาเพิ่มเติมการยกเว้นเบี้ยประกันภัย WP-B, WPTR",TOK,Life,1,ประเภทสามัญ,อนุสัญญา,Rider,Rider,16,55,,,,,,,,,,,,,,,,,,,,,,,,,,,,,,,,,,,,,
670,CMTOK0084001,2000-01-01 00:00:00,9999-01-01 00:00:00,PDTOK0084,"สัญญาเพิ่มเติมผลประโยชน์ผู้ชำระเบี้ยประกันภัย แบบที่ 4 /แบบที่ 5 PB4N, PB5N",TOK,Life,1,ประเภทสามัญ,อนุสัญญา,Rider,Rider,0,15,,,,,,,,,,,,,,,,,,,,,,,,,,,,,,,,,,,,,
671,CMTOK0085001,2000-01-01 00:00:00,9999-01-01 00:00:00,PDTOK0085,สัญญาเพิ่มเติมคุ้มครองการทุพพลภาพสิ้นเชิงถาวร TPD3,TOK,Life,1,ประเภทสามัญ,อนุสัญญา,Rider,Rider,16,65,,,,,,,,,,,,,,,,,,,,,,,,,,,,,,,,,,,,,
672,CMTOK0086001,2000-01-01 00:00:00,9999-01-01 00:00:00,PDTOK0086,สัญญาเพิ่มเติมคุ้มครองการทุพพลภาพสิ้นเชิงถาวรแบบมั้นท์ลี้ แคร์ แนบท้ายกรมธรรม์ประกันภัยแบบมั้นท์ลี้ แคร์ T4MC,TOK,Life,1,ประเภทสามัญ,อนุสัญญา,Rider,Rider,20,50,,,,,,,,,,,,,,,,,,,,,,,,,,,,,,,,,,,,,
673,CMTOK0087001,2000-01-01 00:00:00,9999-01-01 00:00:00,PDTOK0087,สัญญาเพิ่มเติมโรคร้ายแรง (Critical Illeness Rider),TOK,Life,1,ประเภทสามัญ,อนุสัญญา,Rider,Rider,,,,,,,,,,,,,,,,,,0,0,0,0,0,0,0,0,0,0,,0,0,0,0,0,,,,,,
674,CMTOK0088001,2000-01-01 00:00:00,9999-01-01 00:00:00,PDTOK0088,สัญญาเพิ่มเติมฟีเมล สเปเชี่ยล ดีซีซส์ FSD2,TOK,Life,1,ประเภทสามัญ,อนุสัญญา,Rider,Rider,16,65,,,,,0.25,0.15,0.1,0.1,0.1,0.1,0.1,0.1,0.1,0.1,0.1,0.2,0.105,0.07,0.07,0.07,0.07,0.07,0.07,0.07,0.07,,0.2,0.105,0.07,0.07,0.07,,,,,,
675,CMTOK0089001,2000-01-01 00:00:00,9999-01-01 00:00:00,PDTOK0089,"สัญญาเพิ่มเติมโรคร้ายแรงเออรี่ ซีไอ แคร์ / สัญญาเพิ่มเติมโรคร้ายแรง ซีไอ แคร์ CI3N, CI2N",TOK,Life,1,ประเภทสามัญ,อนุสัญญา,Rider,Rider,16,65,100000,1499999,,,0.28,0.15,0.1,0.1,0.1,0.1,0.1,0.1,0.1,0.1,0.1,0.224,0.105,0.07,0.07,0.07,0.07,0.07,0.07,0.07,0.07,,0.224,0.105,0.07,0.07,0.07,,,,,,
676,CMTOK0090001,2000-01-01 00:00:00,9999-01-01 00:00:00,PDTOK0090,สัญญาเพิ่มเติมการยกเว้นการชำระเบี้ยประกันภัยหลัก กรณีเป็นโรคร้ายแรง WPCI ชำระเบี้ย 4-8 ปี,TOK,Life,1,ประเภทสามัญ,อนุสัญญา,Rider,Rider,16,65,,,,,0.12,0.08,0.05,0.05,0.05,0.05,0.05,0.05,0.05,0.05,0.05,0.096,0.056,,,,,,,7,0.035,,0.096,0.056,,,,,,,,,
677,CMTOK0091001,2000-01-01 00:00:00,9999-01-01 00:00:00,PDTOK0091,สัญญาเพิ่มเติมการยกเว้นการชำระเบี้ยประกันภัยหลัก กรณีเป็นโรคร้ายแรง WPCI ชำระเบี้ย 9-28 ปี,TOK,Life,1,ประเภทสามัญ,อนุสัญญา,Rider,Rider,16,65,,,,,0.25,0.15,0.08,0.05,0.05,0.05,0.05,0.05,0.05,0.05,0.05,0.2,0.105,0.056,0.035,0.035,0.035,0.035,0.035,0.035,0.035,,0.2,0.105,0.056,0.035,0.035,,,,,,
678,CMTOK0092001,2000-01-01 00:00:00,9999-01-01 00:00:00,PDTOK0092,สัญญาเพิ่มเติมการยกเว้นการชำระเบี้ยประกันภัยหลัก กรณีเป็นโรคร้ายแรง WPCI ชำระเบี้ย 29-38 ปี,TOK,Life,1,ประเภทสามัญ,อนุสัญญา,Rider,Rider,16,65,,,,,0.35,0.15,0.09,0.05,0.05,0.05,0.05,0.05,0.05,0.05,0.05,0.28,0.105,0.063,0.035,0.035,0.035,0.035,0.035,0.035,0.035,,0.28,0.105,0.063,0.035,0.035,,,,,,
679,CMTOK0093001,2000-01-01 00:00:00,9999-01-01 00:00:00,PDTOK0093,สัญญาเพิ่มเติมการยกเว้นการชำระเบี้ยประกันภัยหลัก กรณีเป็นโรคร้ายแรง WPCI ชำระเบี้ย 39 ปีขึ้นไป,TOK,Life,1,ประเภทสามัญ,อนุสัญญา,Rider,Rider,16,65,,,,,0.4,0.2,0.1,0.05,0.05,0.05,0.05,0.05,0.05,0.05,0.05,0.32,0.14,0.07,0.035,0.035,0.035,0.035,0.035,0.035,0.035,,0.32,0.14,0.07,0.035,0.035,,,,,,
680,CMTOK00940001,2000-01-01 00:00:00,9999-01-01 00:00:00,PDTOK0094,สัญญาเพิ่มเติมโตเกียวแคนเซอร์ แคร์ CA1N,TOK,Life,1,ประเภทสามัญ,,Life,Main,0,0,0,,,,,,,,,,,,,,,,,,,,,,,,,,,,,,,,,,,,
681,CMTOK0095001,2000-01-01 00:00:00,9999-01-01 00:00:00,PDTOK0095,สัญญาเพิ่มเติมอุบัติเหตุ (Accident Rider),TOK,Life,1,ประเภทสามัญ,อนุสัญญา,Rider,Rider,,,,,,,,,,,,,,,,,,0,0,0,0,0,0,0,0,0,0,,0,0,0,0,0,,,,,,
682,CMTOK00960001,2000-01-01 00:00:00,9999-01-01 00:00:00,PDTOK0096,สัญญาเพิ่มเติมการประกันภัยอุบัติเหตุ ADBN ADDN AI-N/RCC,TOK,Life,1,ประเภทสามัญ,อนุสัญญา,Rider,Rider,0,60,100000,,,,0.4,0.2,0.12,0.1,0.1,0.1,0.1,0.1,0.1,0.1,0.1,0.32,0.14,0.084,0.07,0.07,0.07,0.07,0.07,0.07,0.07,,0.32,0.14,0.084,0.07,0.07,,,,,,
683,CMTOK0097001,2000-01-01 00:00:00,9999-01-01 00:00:00,PDTOK0097,การประกันอุบัติเหตุคุ้มครองการรักษาพยาบาล EMEN,TOK,Life,1,ประเภทสามัญ,อนุสัญญา,Rider,Rider,,,10000,,,,0.08,0.04,0.04,0.02,0.02,0.02,0.02,0.02,0.02,0.02,0.02,0.064,0.028,0.028,0.014,0.014,0.014,0.014,0.014,0.014,0.014,,0.064,0.028,0.028,0.014,0.014,,,,,,
684,CMTOK0098001,2000-01-01 00:00:00,9999-01-01 00:00:00,PDTOK0098,สัญญาเพิ่มเติมอื่นๆ (Other Rider),TOK,Life,1,ประเภทสามัญ,อนุสัญญา,Rider,Rider,,,,,,,,,,,,,,,,,,0,0,0,0,0,0,0,0,0,0,,0,0,0,0,0,,,,,,
685,CMTOK0099001,2000-01-01 00:00:00,9999-01-01 00:00:00,PDTOK0099,สัญญาเพิ่มเติมแบบชั่วระยะเวลา TR3N,TOK,Life,1,ประเภทสามัญ,อนุสัญญา,Rider,Rider,0,70,300000,,,,0.4,0.4,0.4,0.1,0.1,0.1,0.1,0.1,0.1,0.1,0.1,0.32,0.28,0.28,0.07,0.07,0.07,0.07,0.07,0.07,0.07,,0.32,0.28,0.28,0.07,0.07,,,,,,
686,CMTOK0100001,2000-01-01 00:00:00,9999-01-01 00:00:00,PDTOK0100,สัญญาเพิ่มเติมโตเกียว เทอม ไลฟ์ TR4N,TOK,Life,1,ประเภทสามัญ,อนุสัญญา,Rider,Rider,0,80,200000,,,,0.05,0.05,0.05,0.05,0.05,0.05,0.05,0.05,0.05,0.05,0,0.04,0.035,0.035,0.035,0.035,0.035,0.035,0.035,0.035,0.035,,0.04,0.035,0.035,0.035,0.035,,,,,,
687,CMTOK01010001,2000-01-01 00:00:00,9999-01-01 00:00:00,PDTOK0101,สัญญาเพิ่มเติมแบบชั่วระยะเวลาสำหรับผู้ชำระเบี้ยประกันภัย TRP3,TOK,Life,1,ประเภทสามัญ,อนุสัญญา,Rider,Rider,0,15,0,300000,,,0.35,0.15,0.1,0.1,0.1,0.1,0.1,0.1,0.1,0.1,0.1,0.28,0.105,0.07,0.07,0.07,0.07,0.07,0.07,0.07,0.07,,0.28,0.105,0.07,0.07,0.07,,,,,,
688,CMTOK0102001,2000-01-01 00:00:00,9999-01-01 00:00:00,PDTOK0102,สัญญาเพิ่มเติมแบบ แฮปปี้ รีฟันด์ 100% RP11 [Waive CC Fee],TOK,Life,1,ประเภทสามัญ,อนุสัญญา,Rider,Rider,0,60,100000,,,,0.08,0.04,0.02,0.02,0.02,0.02,0.02,0.02,0.02,0.02,,0.064,0.028,0.014,0.014,0.014,0.014,0.014,0.014,0.014,0.014,,0.064,0.028,0.014,0.014,0.014,,,,,,
689,CMTOK0103001,2000-01-01 00:00:00,9999-01-01 00:00:00,PDTOK0103,สัญญาเพิ่มเติมแบบ แฮปปี้ รีฟันด์ 50% RP12 [Waive CC Fee],TOK,Life,1,ประเภทสามัญ,อนุสัญญา,Rider,Rider,0,60,100000,,,,0.4,0.18,0.11,0.05,0.05,0.05,0.05,0.05,0.05,0.05,,0.32,0.126,0.077,0.035,0.035,0.035,0.035,0.035,0.035,0.035,,0.32,0.126,0.077,0.035,0.035,,,,,,
692,CMTOK01040001,2000-01-01 00:00:00,9999-01-01 00:00:00,PDTOK0104,โตเกียว ออล ไลฟ์ (@90/10),TOK,Life,1,ประเภทสามัญ,ประกันตลอดชีพ,Life,Main,0,29,150000,299999,,,0.15,0.06,0.04,0.03,0.03,0.03,0.03,0.03,0.03,0.03,,0.12,0.048,0.032,0.024,0.024,0.024,0.024,0.024,0.024,0.024,,0.12,0.048,0.032,0.024,0.024,,,,,,
693,CMTOK01050001,2000-01-01 00:00:00,9999-01-01 00:00:00,PDTOK0105,โตเกียว ออล ไลฟ์ (@90/15),TOK,Life,1,ประเภทสามัญ,ประกันตลอดชีพ,Life,Main,0,29,150000,299999,,,0.32,0.14,0.08,0.05,0.05,0.03,0.03,0.03,0.03,0.03,0.02,0.256,0.112,0.064,0.04,0.04,0.024,0.024,0.024,0.024,0.024,,0.256,0.112,0.064,0.04,0.04,,,,,,
694,CMTOK01060001,2000-01-01 00:00:00,9999-01-01 00:00:00,PDTOK0106,โตเกียว ออล ไลฟ์ (@90/20),TOK,Life,1,ประเภทสามัญ,ประกันตลอดชีพ,Life,Main,0,29,150000,299999,,,0.32,0.14,0.08,0.05,0.05,0.03,0.03,0.03,0.03,0.03,0.02,0.256,0.112,0.064,0.04,0.04,0.024,0.024,0.024,0.024,0.024,,0.256,0.112,0.064,0.04,0.04,,,,,,
695,CMTOK01070001,2000-01-01 00:00:00,9999-01-01 00:00:00,PDTOK0107,โตเกียว ออล ไลฟ์ (@90/60),TOK,Life,1,ประเภทสามัญ,ประกันตลอดชีพ,Life,Main,0,29,150000,299999,,,0.29,0.12,0.08,0.05,0.03,0.02,0.02,0.02,0.02,0.02,0.02,0.232,0.096,0.064,0.04,0.024,0.016,0.016,0.016,0.016,0.016,,0.232,0.096,0.064,0.04,0.024,,,,,,
696,CMTOK01080001,2000-01-01 00:00:00,9999-01-01 00:00:00,PDTOK0108,โตเกียว ออล ไลฟ์ (@90/70),TOK,Life,1,ประเภทสามัญ,ประกันตลอดชีพ,Life,Main,16,29,150000,299999,,,0.34,0.14,0.09,0.05,0.05,0.03,0.03,0.03,0.03,0.03,0.02,0.272,0.112,0.072,0.04,0.04,0.024,0.024,0.024,0.024,0.024,,0.272,0.112,0.072,0.04,0.04,,,,,,
697,CMTOK01090001,2000-01-01 00:00:00,9999-01-01 00:00:00,PDTOK0109,โตเกียว ออล ไลฟ์ (@90/90),TOK,Life,1,ประเภทสามัญ,ประกันตลอดชีพ,Life,Main,15,29,150000,299999,,,0.34,0.17,0.09,0.05,0.05,0.03,0.03,0.03,0.03,0.03,0.02,0.272,0.136,0.072,0.04,0.04,0.024,0.024,0.024,0.024,0.024,,0.272,0.136,0.072,0.04,0.04,,,,,,
705,CMTOK0110001,2000-01-01 00:00:00,9999-01-01 00:00:00,PDTOK0110,ซูเปอร์ สมาร์ท แอนนิวตี้ 55 SU1N (โตเกียวมารีน),TOK,Life,1,ประเภทสามัญ,ประกันบำนาญ,Life,Main,,,,,,,0.25,0.12,0.08,0.05,0.05,0.05,0.05,0.05,0.05,0.05,0.02,,,,,,,,,,,,0,0,0,0,0,,,,,,
707,CMTOK0111001,2000-01-01 00:00:00,9999-01-01 00:00:00,PDTOK0111,โตเกียวตลอดชีพ 90/60 (โตเกียวมารีน),TOK,Life,1,ประเภทสามัญ,ประกันตลอดชีพ,Life,Main,,,,,,,,,,,,,,,,,,,,,,,,,,,,,0,0,0,0,0,,,,,,
708,CMTOK0112001,2000-01-01 00:00:00,9999-01-01 00:00:00,PDTOK0112,ประกันกลุ่ม (โตเกียวมารีน),TOK,Life,1,ประกันกลุ่ม,ประกันกลุ่ม,Group,Main,,,,,,,0.1,,,,,,,,,,,0.07,,,,,,,,,,,0.07,0,0,0,0,,,,,,
236,CMTPB0001001,2000-01-01 00:00:00,9999-01-01 00:00:00,PDTPB0001,ประกันรถยนต์ชั้น 1 (ไทยไพบูลย์),TPB,Non-Life,2,การประกันรถโดยความสมัครใจ,,Motor,Main,,,,,,,0.18,,,,,,,,,,,0.12,,,,,,,,,,,0.12,,,,,,,,,,
237,CMTPB0002001,2000-01-01 00:00:00,9999-01-01 00:00:00,PDTPB0002,ประกันรถยนต์ชั้น 2 (ไทยไพบูลย์),TPB,Non-Life,2,การประกันรถโดยความสมัครใจ,,Motor,Main,,,,,,,0.18,,,,,,,,,,,0.12,,,,,,,,,,,0.12,,,,,,,,,,
238,CMTPB0003001,2000-01-01 00:00:00,9999-01-01 00:00:00,PDTPB0003,ประกันรถยนต์ชั้น 3 (ไทยไพบูลย์),TPB,Non-Life,2,การประกันรถโดยความสมัครใจ,,Motor,Main,,,,,,,0.18,,,,,,,,,,,0.12,,,,,,,,,,,0.12,,,,,,,,,,
239,CMTPB0004001,2000-01-01 00:00:00,9999-01-01 00:00:00,PDTPB0004,ประกันรถยนต์ชั้น 2+ (ไทยไพบูลย์),TPB,Non-Life,2,การประกันรถโดยความสมัครใจ,,Motor,Main,,,,,,,0.18,,,,,,,,,,,0.12,,,,,,,,,,,0.12,,,,,,,,,,
240,CMTPB0005001,2000-01-01 00:00:00,9999-01-01 00:00:00,PDTPB0005,ประกันรถยนต์ชั้น 3+ (ไทยไพบูลย์),TPB,Non-Life,2,การประกันรถโดยความสมัครใจ,,Motor,Main,,,,,,,0.18,,,,,,,,,,,0.12,,,,,,,,,,,0.12,,,,,,,,,,
241,CMTPB0006001,2000-01-01 00:00:00,9999-01-01 00:00:00,PDTPB0006,พรบ รถยนต์ (ไทยไพบูลย์),TPB,Non-Life,2,การประกันรถโดยข้อบังคับแห่งกฏหมาย,,Motor,Main,,,,,,,0.12,,,,,,,,,,,0.2,,,,,,,,,,,0.2,,,,,,,,,,
242,CMTPB0007001,2000-01-01 00:00:00,9999-01-01 00:00:00,PDTPB0007,ประกันอัคคีภัย (ไทยไพบูลย์),TPB,Non-Life,2,การประกันอัคคีภัย,อัคคีภัย,Non-Motor,Main,,,,,,,0.18,,,,,,,,,,,0.12,,,,,,,,,,,0.12,,,,,,,,,,
243,CMTPB0008001,2000-01-01 00:00:00,9999-01-01 00:00:00,PDTPB0008,ประกันอุบัติเหตุส่วนบุคคล PA (ไทยไพบูลย์),TPB,Non-Life,2,การประกันภัยเบ็ดเตล็ด,ประกันอุบัติเหตุส่วนบุคคล,Non-Motor,Main,,,,,,,0.18,,,,,,,,,,,0.12,,,,,,,,,,,0.12,,,,,,,,,,
244,CMTPB0009001,2000-01-01 00:00:00,9999-01-01 00:00:00,PDTPB0009,ประกันอุบัติเหตุส่วนบุคคล PA นักเรียน (ไทยไพบูลย์),TPB,Non-Life,2,การประกันภัยเบ็ดเตล็ด,ประกันอุบัติเหตุส่วนบุคคล,Non-Motor,Main,,,,,,,0.18,,,,,,,,,,,0.12,,,,,,,,,,,0.12,,,,,,,,,,
245,CMTPB0010001,2000-01-01 00:00:00,9999-01-01 00:00:00,PDTPB0010,ประกันการเดินทาง (ไทยไพบูลย์),TPB,Non-Life,2,การประกันภัยเบ็ดเตล็ด,ประกันการเดินทาง,Non-Motor,Main,,,,,,,0.18,,,,,,,,,,,0.12,,,,,,,,,,,0.12,,,,,,,,,,
246,CMTPB0011001,2000-01-01 00:00:00,9999-01-01 00:00:00,PDTPB0011,ความรับผิดตามกฏหมายต่อบุคคลภายนอก PL (ไทยไพบูลย์),TPB,Non-Life,2,การประกันอัคคีภัย,อัคคีภัย,Non-Motor,Main,,,,,,,0.18,,,,,,,,,,,0.12,,,,,,,,,,,0.12,,,,,,,,,,
771,CMTPB0012001,2000-01-01 00:00:00,9999-01-01 00:00:00,PDTPB0012,ประกันรถมอเตอร์ไซต์ชั้น 2 (ไทยไพบูลย์),TPB,Non-Life,2,การประกันรถโดยความสมัครใจ,,Motor,Main,,,,,,,,,,,,,,,,,,,,,,,,,,,,,,,,,,,,,,,
772,CMTPB0013001,2000-01-01 00:00:00,9999-01-01 00:00:00,PDTPB0013,ประกันรถมอเตอร์ไซต์ชั้น3 (ไทยไพบูลย์),TPB,Non-Life,2,การประกันรถโดยความสมัครใจ,,Motor,Main,,,,,,,,,,,,,,,,,,,,,,,,,,,,,,,,,,,,,,,
773,CMTPB0014001,2000-01-01 00:00:00,9999-01-01 00:00:00,PDTPB0014,ประกันรถมอเตอร์ไซต์ชั้น 2+ (ไทยไพบูลย์),TPB,Non-Life,2,การประกันรถโดยความสมัครใจ,,Motor,Main,,,,,,,,,,,,,,,,,,,,,,,,,,,,,,,,,,,,,,,
842,CMTPB0015001,2025-08-13 00:00:00,9999-01-01 00:00:00,PDTPB0015,ประกันรถจักรยานยนต์ชั้น 3+ [ไทยไพบูลย์],TPB,Non-Life,2,การประกันรถโดยความสมัครใจ,,Motor,Main,,,,,,,,,,,,,,,,,,,,,,,,,,,,,,,,,,,,,,,
247,CMTSI0001001,2000-01-01 00:00:00,9999-01-01 00:00:00,PDTSI0001,ประกันรถยนต์ชั้น 1 ซ่อมอู่ รถเก๋ง กระบะ รถตู้ (ERGO),ERG,Non-Life,2,การประกันรถโดยความสมัครใจ,,Motor,Main,,,,,,,0.18,,,,,,,,,,,0.12,,,,,,,,,,,0.12,,,,,,,,,,
248,CMTSI0002001,2000-01-01 00:00:00,9999-01-01 00:00:00,PDTSI0002,ประกันรถยนต์ชั้น 1 Taxi รถบัส (ERGO),ERG,Non-Life,2,การประกันรถโดยความสมัครใจ,,Motor,Main,,,,,,,0.12,,,,,,,,,,,0.07,,,,,,,,,,,0.07,,,,,,,,,,
249,CMTSI0003001,2000-01-01 00:00:00,9999-01-01 00:00:00,PDTSI0003,ประกันรถยนต์ชั้น 1 ซ่อมห้าง (ERGO),ERG,Non-Life,2,การประกันรถโดยความสมัครใจ,,Motor,Main,,,,,,,0.18,,,,,,,,,,,0.11,,,,,,,,,,,0.11,,,,,,,,,,
250,CMTSI0004001,2000-01-01 00:00:00,9999-01-01 00:00:00,PDTSI0004,ประกันรถยนต์ชั้น 2 (ERGO),ERG,Non-Life,2,การประกันรถโดยความสมัครใจ,,Motor,Main,,,,,,,0.18,,,,,,,,,,,0.12,,,,,,,,,,,0.12,,,,,,,,,,
251,CMTSI0005001,2000-01-01 00:00:00,9999-01-01 00:00:00,PDTSI0005,ประกันรถยนต์ชั้น 3 (ERGO),ERG,Non-Life,2,การประกันรถโดยความสมัครใจ,,Motor,Main,,,,,,,0.18,,,,,,,,,,,0.12,,,,,,,,,,,0.12,,,,,,,,,,
252,CMTSI0006001,2000-01-01 00:00:00,9999-01-01 00:00:00,PDTSI0006,ประกันรถยนต์ชั้น 2+ (ERGO),ERG,Non-Life,2,การประกันรถโดยความสมัครใจ,,Motor,Main,,,,,,,0.18,,,,,,,,,,,0.12,,,,,,,,,,,0.12,,,,,,,,,,
253,CMTSI0007001,2000-01-01 00:00:00,9999-01-01 00:00:00,PDTSI0007,ประกันรถยนต์ชั้น 3+ (ERGO),ERG,Non-Life,2,การประกันรถโดยความสมัครใจ,,Motor,Main,,,,,,,0.18,,,,,,,,,,,0.12,,,,,,,,,,,0.12,,,,,,,,,,
254,CMTSI0008001,2000-01-01 00:00:00,9999-01-01 00:00:00,PDTSI0008,พรบ รถยนต์ (ERGO),ERG,Non-Life,2,การประกันรถโดยข้อบังคับแห่งกฏหมาย,,Motor,Main,,,,,,,0.08,,,,,,,,,,,0.05,,,,,,,,,,,0.05,,,,,,,,,,
255,CMTSI0009001,2000-01-01 00:00:00,9999-01-01 00:00:00,PDTSI0009,ประกันภัยความรับผิดผู้ขนส่ง Carrier's Liability (ERGO),ERG,Non-Life,2,การประกันภัยเบ็ดเตล็ด,ขนส่ง,Non-Motor,Main,,,,,,,0.18,,,,,,,,,,,0.09,,,,,,,,,,,0.09,,,,,,,,,,
774,CMTSI0010001,2000-01-01 00:00:00,9999-01-01 00:00:00,PDTSI0010,ประกันรถยนต์ชั้น 1 ซ่อมอู่ (ERGO),ERG,Non-Life,2,การประกันรถโดยความสมัครใจ,,Motor,Main,,,,,,,,,,,,,,,,,,,,,,,,,,,,,,,,,,,,,,,
776,CMTSI0011001,2000-01-01 00:00:00,9999-01-01 00:00:00,PDTSI0011,ประกันอัคคีภัย (ERGO),ERG,Non-Life,2,การประกันอัคคีภัย,อัคคีภัย,Non-Motor,Main,,,,,,,,,,,,,,,,,,,,,,,,,,,,,,,,,,,,,,,
777,CMTSI0012001,2000-01-01 00:00:00,9999-01-01 00:00:00,PDTSI0012,ประกันอัคคีภัยSME (ERGO),ERG,Non-Life,2,การประกันอัคคีภัย,อัคคีภัย,Non-Motor,Main,,,,,,,,,,,,,,,,,,,,,,,,,,,,,,,,,,,,,,,
778,CMTSI0013001,2000-01-01 00:00:00,9999-01-01 00:00:00,PDTSI0013,ประกัน IAR (ERGO),ERG,Non-Life,2,การประกันอัคคีภัย,อัคคีภัย,Non-Motor,Main,,,,,,,,,,,,,,,,,,,,,,,,,,,,,,,,,,,,,,,
779,CMTSI0014001,2000-01-01 00:00:00,9999-01-01 00:00:00,PDTSI0014,ความรับผิดตามกฏหมายต่อบุคคลภายนอก PL (ERGO),ERG,Non-Life,2,การประกันอัคคีภัย,อัคคีภัย,Non-Motor,Main,,,,,,,,,,,,,,,,,,,,,,,,,,,,,,,,,,,,,,,
794,CMTSI0015001,2000-01-01 00:00:00,9999-01-01 00:00:00,PDTSI0015,ประกันภัยความรับผิดผู้ขนส่ง Carrier's Liability (ERG),ERG,Non-Life,2,การประกันภัยเบ็ดเตล็ด,ขนส่ง,Non-Motor,Main,,,,,,,,,,,,,,,,,,,,,,,,,,,,,,,,,,,,,,,
808,CMTSI0016001,2000-01-01 00:00:00,9999-01-01 00:00:00,PDTSI0016,ประกันธุรกิจนำเที่ยวและมัคคุเทศก์ (ERGO),ERG,Non-Life,2,การประกันภัยเบ็ดเตล็ด,เบ็ดเตล็ด,Non-Motor,Main,,,,,,,,,,,,,,,,,,,,,,,,,,,,,,,,,,,,,,,
811,CMTSI0017001,2000-01-01 00:00:00,9999-01-01 00:00:00,PDTSI0017,"ประกันรถยนต์ชั้น 3 (ERGO) รถแท็กซี่,รถตู้(สาธารณะ),รถบัส",ERG,Non-Life,2,การประกันรถโดยความสมัครใจ,,Motor,Main,,,,,,,,,,,,,,,,,,,,,,,,,,,,,,,,,,,,,,,
812,CMTSI0018001,2000-01-01 00:00:00,9999-01-01 00:00:00,PDTSI0018,ประกันภัยทางทะเล (ERGO),ERG,Non-Life,2,การประกันภัยเบ็ดเตล็ด,ขนส่ง,Non-Motor,Main,,,,,,,,,,,,,,,,,,,,,,,,,,,,,,,,,,,,,,,
819,CMTSI0019001,2000-01-01 00:00:00,9999-01-01 00:00:00,PDTSI0019,ประกันรถมอเตอร์ไซค์ชั้น 2+ (ERGO),ERG,Non-Life,2,การประกันรถโดยความสมัครใจ,,Motor,Main,,,,,,,,,,,,,,,,,,,,,,,,,,,,,,,,,,,,,,,
821,CMTSI0020001,2000-01-01 00:00:00,9999-01-01 00:00:00,PDTSI0020,ประกันรถมอเตอร์ไซค์ชั้น 3+ (ERGO),ERG,Non-Life,2,การประกันรถโดยความสมัครใจ,,Motor,Main,,,,,,,,,,,,,,,,,,,,,,,,,,,,,,,,,,,,,,,
822,CMTSI0021001,2000-01-01 00:00:00,9999-01-01 00:00:00,PDTSI0021,พรบ รถมอเตอร์ไซค์ (ERGO),ERG,Non-Life,2,การประกันรถโดยความสมัครใจ,,Motor,Main,,,,,,,,,,,,,,,,,,,,,,,,,,,,,,,,,,,,,,,
743,CMVIB0001001,2000-01-01 00:00:00,9999-01-01 00:00:00,PDVIB0001,ประกันรถยนต์ชั้น 1 (VIB),VIB,Non-Life,2,การประกันรถโดยความสมัครใจ,,Motor,Main,,,,,,,,,,,,,,,,,,,,,,,,,,,,,,,,,,,,,,,
744,CMVIB0002001,2000-01-01 00:00:00,9999-01-01 00:00:00,PDVIB0002,ประกันรถยนต์ชั้น 2 (VIB),VIB,Non-Life,2,การประกันรถโดยความสมัครใจ,,Motor,Main,,,,,,,,,,,,,,,,,,,,,,,,,,,,,,,,,,,,,,,
745,CMVIB0003001,2000-01-01 00:00:00,9999-01-01 00:00:00,PDVIB0003,ประกันรถยนต์ชั้น 3 (VIB),VIB,Non-Life,2,การประกันรถโดยความสมัครใจ,,Motor,Main,,,,,,,,,,,,,,,,,,,,,,,,,,,,,,,,,,,,,,,
746,CMVIB0004001,2000-01-01 00:00:00,9999-01-01 00:00:00,PDVIB0004,ประกันรถยนต์ชั้น 2+ (VIB),VIB,Non-Life,2,การประกันรถโดยความสมัครใจ,,Motor,Main,,,,,,,,,,,,,,,,,,,,,,,,,,,,,,,,,,,,,,,
747,CMVIB0005001,2000-01-01 00:00:00,9999-01-01 00:00:00,PDVIB0005,ประกันรถยนต์ชั้น 3+ (VIB),VIB,Non-Life,2,การประกันรถโดยความสมัครใจ,,Motor,Main,,,,,,,,,,,,,,,,,,,,,,,,,,,,,,,,,,,,,,,
748,CMVIB0006001,2000-01-01 00:00:00,9999-01-01 00:00:00,PDVIB0006,พรบ รถยนต์ (VIB),VIB,Non-Life,2,การประกันรถโดยข้อบังคับแห่งกฏหมาย,,Motor,Main,,,,,,,,,,,,,,,,,,,,,,,,,,,,,,,,,,,,,,,
749,CMVIB0007001,2000-01-01 00:00:00,9999-01-01 00:00:00,PDVIB0007,ประกันอัคคีภัย (VIB),VIB,Non-Life,2,การประกันอัคคีภัย,อัคคีภัย,Non-Motor,Main,,,,,,,,,,,,,,,,,,,,,,,,,,,,,,,,,,,,,,,
750,CMVIB0008001,2000-01-01 00:00:00,9999-01-01 00:00:00,PDVIB0008,ประกันอุบัติเหตุส่วนบุคคล PA (VIB),VIB,Non-Life,2,การประกันภัยเบ็ดเตล็ด,ประกันอุบัติเหตุส่วนบุคคล,Non-Motor,Main,,,,,,,,,,,,,,,,,,,,,,,,,,,,,,,,,,,,,,,
751,CMVIB0009001,2000-01-01 00:00:00,9999-01-01 00:00:00,PDVIB0009,ประกันการเดินทาง (VIB),VIB,Non-Life,2,การประกันภัยเบ็ดเตล็ด,ประกันการเดินทาง,Non-Motor,Main,,,,,,,,,,,,,,,,,,,,,,,,,,,,,,,,,,,,,,,
752,CMVIB0010001,2000-01-01 00:00:00,9999-01-01 00:00:00,PDVIB0010,ประกันความเสี่ยงภัยทรัพย์สิน (VIB),VIB,Non-Life,2,การประกันอัคคีภัย,อัคคีภัย,Non-Motor,Main,,,,,,,,,,,,,,,,,,,,,,,,,,,,,,,,,,,,,,,
753,CMVIB0011001,2000-01-01 00:00:00,9999-01-01 00:00:00,PDVIB0011,ประกันสุขภาพ (VIB),VIB,Non-Life,2,การประกันภัยเบ็ดเตล็ด,สุขภาพ,Non-Motor,Main,,,,,,,,,,,,,,,,,,,,,,,,,,,,,,,,,,,,,,,
782,CMVIB0012001,2000-01-01 00:00:00,9999-01-01 00:00:00,PDVIB0012,ประกันอุบัติเหตุส่วนบุคคล (VIB) V-Motor Add On,VIB,Non-Life,2,การประกันภัยเบ็ดเตล็ด,ประกันอุบัติเหตุส่วนบุคคล,Non-Motor,Main,,,,,,,,,,,,,,,,,,,,,,,,,,,,,,,,,,,,,,,
795,CMVIB0013001,2000-01-01 00:00:00,9999-01-01 00:00:00,PDVIB0013,ประกันความเสี่ยงภัยบุคคลภายนอก PL (VIB),VIB,Non-Life,2,การประกันอัคคีภัย,อัคคีภัย,Non-Motor,Main,,,,,,,,,,,,,,,,,,,,,,,,,,,,,,,,,,,,,,,
796,CMVIB0014001,2000-01-01 00:00:00,9999-01-01 00:00:00,PDVIB0014,ประกันความเสี่ยงภัย IAR (VIB),VIB,Non-Life,2,การประกันอัคคีภัย,อัคคีภัย,Non-Motor,Main,,,,,,,,,,,,,,,,,,,,,,,,,,,,,,,,,,,,,,,
814,CMVIB0015001,2000-01-01 00:00:00,9999-01-01 00:00:00,PDVIB0015,ประกันภัยความรับผิดผู้ขนส่ง Carrier Liability (VIB),VIB,Non-Life,2,การประกันภัยเบ็ดเตล็ด,ขนส่ง,Non-Motor,Main,,,,,,,,,,,,,,,,,,,,,,,,,,,,,,,,,,,,,,,
816,CMVIB0016001,2000-01-01 00:00:00,9999-01-01 00:00:00,PDVIB0016,ประกันก่อสร้าง CAR (VIB),VIB,Non-Life,2,การประกันภัยเบ็ดเตล็ด,เบ็ดเตล็ด,Non-Motor,Main,,,,,,,,,,,,,,,,,,,,,,,,,,,,,,,,,,,,,,,
828,CMVIB0017001,2025-05-29 00:00:00,9999-01-01 00:00:00,PDVIB0017,ประกันภัยทางทะเล Marine Cargo (VIB),VIB,Non-Life,2,การประกันภัยเบ็ดเตล็ด,ขนส่ง,Non-Motor,Main,,,,,,,0.18,0.18,0.18,0.18,0.18,0.18,0.18,0.18,0.18,0.18,0.18,0.12,0.12,0.12,0.12,0.12,0.12,0.12,0.12,0.12,0.12,0.12,0.12,0.12,0.12,0.12,0.12,0.12,0.12,0.12,0.12,0.12,0.12
848,CMVIB0018001,2025-08-29 00:00:00,9999-01-01 00:00:00,PDVIB0018,ประกันอุบัติเหตุกลุ่ม PA Group (VIB),VIB,Non-Life,2,ประกันกลุ่ม,ประกันกลุ่ม,Group,Main,,,,,,,,,,,,,,,,,,,,,,,,,,,,,,,,,,,,,,,
861,CMVIB0019001,2025-11-12 00:00:00,9999-01-01 00:00:00,PDVIB0019,ประกันภัยโจรกรรมรถจักรยานยนต์และอุบัติเหตุส่วนบุคคล (VIB),VIB,Non-Life,2,การประกันภัยเบ็ดเตล็ด,ประกันอุบัติเหตุส่วนบุคคล,Non-Motor,Main,,,,,,,,,,,,,,,,,,,,,,,,,,,,,,,,,,,,,,,
873,CMVIB0020001,2026-01-05 00:00:00,9999-01-01 00:00:00,PDVIB0020,ประกันรถยนต์ประเภท 4 วิริยะ(VIB),VIB,Non-Life,2,การประกันรถโดยความสมัครใจ,,Motor,Main,,,,,,,,,,,,,,,,,,,,,,,,,,,,,,,,,,,,,,,
880,CMVIB0021001,2026-02-05 00:00:00,9999-01-01 00:00:00,PDVIB0021,ประกันภัยการโจรกรรมรถจักรยานยนต์และอุบัติเหตุส่วนบุคคล วิริยะประกัยภัย (VIB),VIB,Non-Life,2,การประกันรถโดยความสมัครใจ,,Motor,Main,,,,,,,,,,,,,,,,,,,,,,,,,,,,,,,,,,,,,,,
888,CMVIB0022001,2026-03-24 00:00:00,9999-01-01 00:00:00,PDVIB0022,ประกันภัยความรับผิดผู้ขนส่งทางบก Carrier Liability (VIB),VIB,Non-Life,2,การประกันภัยเบ็ดเตล็ด,เบ็ดเตล็ด,Non-Motor,Main,,,,,,,,,,,,,,,,,,,,,,,,,,,,,,,,,,,,,,,
890,CMVIB0023001,2026-04-22 00:00:00,9999-01-01 00:00:00,PDVIB0023,ประกันภัยการขนส่งภายในประเทศ Inland (VIB),VIB,Non-Life,2,การประกันภัยเบ็ดเตล็ด,ขนส่ง,Non-Motor,Main,,,,,,,,,,,,,,,,,,,,,,,,,,,,,,,,,,,,,,,
